Date,Adj Close,Close,High,Low,Open,Volume
2018-01-01,340.8336486816406,439.3500061035156,445.3500061035156,437.9750061035156,444.5,1286288
2018-01-02,346.3028564453125,446.3999938964844,447.5,438.42498779296875,438.45001220703125,1906518
2018-01-03,348.04827880859375,448.6499938964844,453.8999938964844,446.5,446.5,2583906
2018-01-04,346.41912841796875,446.54998779296875,449.7250061035156,441.5249938964844,448.0,1193460
2018-01-05,349.1148986816406,450.0249938964844,451.5,441.1499938964844,444.125,1492292
2018-01-08,349.2895202636719,450.25,451.70001220703125,447.54998779296875,450.07501220703125,2353168
2018-01-09,346.71002197265625,446.92498779296875,451.42498779296875,442.5,450.25,2504270
2018-01-10,355.243408203125,457.92498779296875,459.0,445.54998779296875,446.0,3400572
2018-01-11,355.6507263183594,458.45001220703125,462.45001220703125,455.0249938964844,459.5,4243446
2018-01-12,359.1416931152344,462.95001220703125,464.0,456.125,459.25,1980698
2018-01-15,352.68341064453125,454.625,465.54998779296875,452.75,462.5,2536486
2018-01-16,368.1988525390625,474.625,477.5,455.0,457.04998779296875,8963404
2018-01-17,369.5951843261719,476.42498779296875,481.79998779296875,471.6499938964844,475.0,5498922
2018-01-18,370.13818359375,477.125,479.82501220703125,470.25,476.5,1869500
2018-01-19,371.7091979980469,479.1499938964844,483.5,473.07501220703125,478.5,4748438
2018-01-22,374.8315124511719,483.17498779296875,487.45001220703125,472.5,480.0,4431318
2018-01-23,386.0802307128906,497.67498779296875,500.0,484.2749938964844,484.9750061035156,5015202
2018-01-24,395.04034423828125,509.2250061035156,520.3499755859375,496.0,497.0,9269776
2018-01-25,391.58831787109375,504.7749938964844,510.0,495.0249938964844,509.3999938964844,5307454
2018-01-29,393.3371276855469,506.0249938964844,510.5,502.5249938964844,505.0,4013296
2018-01-30,388.809326171875,500.20001220703125,508.75,499.0,508.75,2711352
2018-01-31,383.4264221191406,493.2749938964844,508.95001220703125,490.8500061035156,499.9750061035156,3221144
2018-02-01,382.7851867675781,492.45001220703125,507.4750061035156,484.5,491.04998779296875,3055658
2018-02-02,385.1171569824219,495.45001220703125,503.8500061035156,488.92498779296875,490.0,3345056
2018-02-05,385.9916076660156,496.57501220703125,500.8999938964844,490.0,495.0,2177578
2018-02-06,370.71746826171875,476.92498779296875,484.375,474.0249938964844,482.4750061035156,3310994
2018-02-07,364.77105712890625,469.2749938964844,479.5,461.0,479.1000061035156,4051696
2018-02-08,367.02532958984375,472.17498779296875,481.5,468.75,472.875,2896536
2018-02-09,374.6624450683594,482.0,485.29998779296875,461.2749938964844,467.5,3456506
2018-02-12,365.0043029785156,469.57501220703125,486.375,468.67498779296875,482.75,2975588
2018-02-14,364.4795227050781,468.8999938964844,479.8999938964844,465.1499938964844,469.8999938964844,2889532
2018-02-15,365.218017578125,469.8500061035156,474.82501220703125,466.0,472.0,2281842
2018-02-16,364.2075500488281,468.54998779296875,485.4750061035156,465.5,472.5,5698140
2018-02-19,355.3074035644531,457.1000061035156,469.8500061035156,450.04998779296875,468.92498779296875,2925546
2018-02-20,352.6839904785156,453.7250061035156,462.6000061035156,452.5,458.0,2462802
2018-02-21,366.46173095703125,471.45001220703125,473.8999938964844,456.0,459.0,5569512
2018-02-22,365.7233581542969,470.5,481.5,465.7749938964844,471.5,8186574
2018-02-23,371.39764404296875,477.79998779296875,483.95001220703125,471.45001220703125,474.45001220703125,5675166
2018-02-26,367.68603515625,473.0249938964844,482.54998779296875,471.5249938964844,477.95001220703125,2112112
2018-02-27,369.1823425292969,474.95001220703125,479.29998779296875,472.0,476.5,2879428
2018-02-28,365.45135498046875,470.1499938964844,479.17498779296875,467.8999938964844,477.45001220703125,5119548
2018-03-01,366.4229431152344,471.3999938964844,476.2250061035156,469.0,471.8999938964844,2772230
2018-03-05,362.26422119140625,466.04998779296875,472.32501220703125,458.8999938964844,471.3999938964844,3747704
2018-03-06,362.5363464355469,466.3999938964844,476.5,463.25,469.0,2929756
2018-03-07,369.0462646484375,474.7749938964844,476.3999938964844,466.8999938964844,469.0,5695220
2018-03-08,369.4737854003906,475.32501220703125,482.0,472.7749938964844,476.5,4238350
2018-03-09,366.5006408691406,471.5,477.92498779296875,470.0,475.0,1464728
2018-03-12,376.0809631347656,483.82501220703125,488.0,474.5,475.0,4946236
2018-03-13,371.9418029785156,478.5,484.5,472.79998779296875,483.82501220703125,2513508
2018-03-14,375.07037353515625,482.5249938964844,484.07501220703125,480.0,481.0,2354082
2018-03-15,372.77734375,479.57501220703125,486.29998779296875,477.625,484.0,2590154
2018-03-16,376.06146240234375,483.79998779296875,489.7749938964844,473.5249938964844,480.0,9482072
2018-03-19,360.08782958984375,463.25,481.79998779296875,460.5,481.3500061035156,3318748
2018-03-20,364.24639892578125,468.6000061035156,473.875,457.79998779296875,462.5,3707786
2018-03-21,364.3047180175781,468.67498779296875,474.95001220703125,463.2250061035156,472.5,3818980
2018-03-22,361.661865234375,465.2749938964844,474.45001220703125,462.5,470.5,3095286
2018-03-23,372.09722900390625,478.70001220703125,480.2749938964844,451.7749938964844,452.5,5478072
2018-03-26,375.8477478027344,483.5249938964844,485.5,472.5,478.6000061035156,3571336
2018-03-27,377.791015625,486.0249938964844,489.45001220703125,477.25,487.5,2495200
2018-03-28,376.4501647949219,484.29998779296875,490.79998779296875,477.5249938964844,480.7749938964844,4620172
2018-04-02,380.68634033203125,489.75,492.45001220703125,482.3999938964844,483.1499938964844,1295646
2018-04-03,376.7027587890625,484.625,494.5,481.5249938964844,486.25,2036000
2018-04-04,372.81622314453125,479.625,490.625,474.75,490.5,1804780
2018-04-05,373.90447998046875,481.0249938964844,492.1000061035156,478.2749938964844,485.0,2805104
2018-04-06,370.2511901855469,476.32501220703125,486.0,475.29998779296875,486.0,2515810
2018-04-09,370.4842224121094,476.625,481.32501220703125,474.0,477.1499938964844,1708072
2018-04-10,368.6187744140625,474.2250061035156,480.9750061035156,471.7749938964844,476.54998779296875,2431772
2018-04-11,375.94488525390625,483.6499938964844,488.8500061035156,475.67498779296875,477.5,3716964
2018-04-12,392.5599060058594,505.0249938964844,506.5,483.6499938964844,483.9750061035156,8182766
2018-04-13,385.253173828125,495.625,510.0,494.125,507.25,6361110
2018-04-16,388.61505126953125,499.95001220703125,503.375,488.04998779296875,489.5,3824528
2018-04-17,392.9291076660156,505.5,508.0,498.5249938964844,498.5249938964844,3729906
2018-04-18,387.4295654296875,498.42498779296875,507.8999938964844,496.5,507.45001220703125,2008262
2018-04-19,395.8634033203125,509.2749938964844,510.75,499.5,502.5,2301628
2018-04-20,412.886474609375,531.1749877929688,537.0999755859375,509.95001220703125,510.0,9490598
2018-04-23,422.8553466796875,544.0,554.0,527.5,531.0,9086924
2018-04-24,412.73101806640625,530.9749755859375,549.875,529.0499877929688,542.4500122070312,3993618
2018-04-25,415.3932800292969,534.4000244140625,540.75,523.0,530.9249877929688,3002280
2018-04-26,418.69683837890625,538.6500244140625,544.1749877929688,525.8250122070312,528.0,6052212
2018-04-27,404.8413391113281,520.8250122070312,545.3250122070312,517.5,538.5,4764608
2018-04-30,409.15533447265625,526.375,539.5,522.5250244140625,524.4500122070312,3147666
2018-05-02,388.84814453125,500.25,525.9749755859375,497.75,525.0,15014958
2018-05-03,359.7769470214844,462.8500061035156,498.5,460.0,498.5,15276024
2018-05-04,361.3898010253906,464.92498779296875,472.0,453.8500061035156,461.4750061035156,8365006
2018-05-07,360.7485046386719,464.1000061035156,470.32501220703125,460.5249938964844,468.3999938964844,2576842
2018-05-08,357.6004333496094,460.04998779296875,466.5,453.54998779296875,465.1000061035156,4080268
2018-05-09,361.2617492675781,463.75,468.32501220703125,460.3999938964844,462.0,2757280
2018-05-10,362.31341552734375,465.1000061035156,468.95001220703125,463.04998779296875,466.45001220703125,3741482
2018-05-11,363.3455810546875,466.42498779296875,469.125,465.54998779296875,465.6000061035156,2117402
2018-05-14,360.4048767089844,462.6499938964844,468.70001220703125,460.2250061035156,468.70001220703125,3132296
2018-05-15,360.2879333496094,462.5,466.3500061035156,455.7749938964844,460.1499938964844,4239330
2018-05-16,358.4378356933594,460.125,465.45001220703125,458.25,461.25,1963972
2018-05-17,354.34814453125,454.875,463.45001220703125,452.3500061035156,463.45001220703125,2899904
2018-05-18,346.9281921386719,445.3500061035156,459.0,443.54998779296875,452.5,3517726
2018-05-21,348.9729919433594,447.9750061035156,450.2749938964844,443.5,446.0,2942476
2018-05-22,352.458984375,452.45001220703125,455.8500061035156,444.7749938964844,445.17498779296875,2485094
2018-05-23,348.3497619628906,447.17498779296875,459.20001220703125,445.92498779296875,452.5,3734828
2018-05-24,355.1075744628906,455.8500061035156,458.95001220703125,450.1000061035156,452.9750061035156,6309330
2018-05-25,356.7825012207031,458.0,461.92498779296875,456.0,458.95001220703125,2089082
2018-05-28,348.408203125,447.25,458.5,445.5,458.0,2651764
2018-05-29,352.53692626953125,452.54998779296875,454.75,447.5,449.5,1985832
2018-05-30,353.41326904296875,453.67498779296875,455.8999938964844,448.79998779296875,453.5,2374048
2018-05-31,354.581787109375,455.17498779296875,457.3999938964844,450.5249938964844,454.0,5618644
2018-06-01,352.43951416015625,452.42498779296875,461.95001220703125,450.0,455.0,1939062
2018-06-04,350.82305908203125,450.3500061035156,458.45001220703125,449.57501220703125,453.5,1505886
2018-06-05,344.7274475097656,442.5249938964844,455.1000061035156,440.0249938964844,452.9750061035156,2547736
2018-06-06,354.0364990234375,454.4750061035156,458.8999938964844,445.0,445.9750061035156,2337712
2018-06-07,358.8662109375,460.67498779296875,463.0,452.5,452.5,2137298
2018-06-08,361.7291564941406,464.3500061035156,467.95001220703125,458.92498779296875,460.5,2268428
2018-06-11,355.0686950683594,455.79998779296875,471.25,453.875,466.5,4105194
2018-06-12,356.31512451171875,457.3999938964844,462.0,455.82501220703125,456.4750061035156,2961048
2018-06-13,359.7816467285156,461.8500061035156,462.8999938964844,457.0249938964844,460.0,2113706
2018-06-14,364.9425048828125,468.4750061035156,470.0,460.5249938964844,464.0,3755080
2018-06-15,369.36328125,474.1499938964844,477.0,465.5249938964844,468.4750061035156,6186584
2018-06-18,363.4818420410156,466.6000061035156,478.67498779296875,465.625,477.25,2653666
2018-06-19,358.5157470703125,460.2250061035156,470.2749938964844,457.70001220703125,466.45001220703125,2812474
2018-06-20,354.8155517578125,455.4750061035156,464.375,453.20001220703125,460.5,2820262
2018-06-21,351.5436096191406,451.2749938964844,458.5,449.54998779296875,456.04998779296875,3208902
2018-06-22,352.4200744628906,452.3999938964844,460.8999938964844,450.92498779296875,453.5249938964844,4036700
2018-06-25,354.0171203613281,454.45001220703125,458.75,452.0,452.45001220703125,4255720
2018-06-26,354.6011962890625,455.20001220703125,457.75,453.29998779296875,454.5,3249236
2018-06-27,358.74932861328125,460.5249938964844,462.5,455.1499938964844,456.1000061035156,5751028
2018-06-28,354.28961181640625,454.79998779296875,464.9750061035156,452.45001220703125,463.2250061035156,13566568
2018-06-29,360.77490234375,463.125,464.375,456.67498779296875,457.04998779296875,6059554
2018-07-02,360.7164001464844,463.04998779296875,466.2250061035156,460.42498779296875,463.5,1776396
2018-07-03,365.1566467285156,468.75,469.95001220703125,458.57501220703125,465.0,2054476
2018-07-04,360.54119873046875,462.82501220703125,469.25,462.0,468.4750061035156,1547894
2018-07-05,362.6445007324219,465.5249938964844,467.75,460.5,464.04998779296875,3416140
2018-07-06,367.6495666503906,471.95001220703125,474.7749938964844,461.5,467.5,5055508
2018-07-09,374.524169921875,480.7749938964844,482.5,472.95001220703125,474.5,3711984
2018-07-10,381.5352783203125,489.7749938964844,497.5,487.5249938964844,497.5,11042854
2018-07-11,386.9493713378906,496.7250061035156,500.54998779296875,489.57501220703125,491.8500061035156,10209714
2018-07-12,391.8570556640625,503.0249938964844,509.8999938964844,501.0,502.9750061035156,10093442
2018-07-13,383.0153503417969,491.67498779296875,498.8999938964844,488.0,498.5,11524056
2018-07-16,378.63348388671875,486.04998779296875,495.45001220703125,485.1000061035156,492.5,3404444
2018-07-17,381.82733154296875,490.1499938964844,492.0,484.5,488.6000061035156,3241946
2018-07-18,385.5664978027344,494.95001220703125,498.3999938964844,492.0249938964844,492.95001220703125,3784400
2018-07-19,382.52838134765625,491.04998779296875,497.25,488.25,495.0,1501536
2018-07-20,389.18896484375,499.6000061035156,502.25,490.2749938964844,491.79998779296875,4379550
2018-07-23,391.3896179199219,502.42498779296875,505.4750061035156,495.54998779296875,501.5,3296730
2018-07-24,386.228759765625,495.79998779296875,504.5,494.57501220703125,500.75,2925630
2018-07-25,375.5953369140625,482.1499938964844,496.75,480.0,496.5,5643672
2018-07-26,371.0382080078125,476.29998779296875,483.9750061035156,472.5249938964844,482.1499938964844,7970088
2018-07-27,375.26434326171875,481.7250061035156,484.8500061035156,475.25,479.5,4929768
2018-07-30,368.9153747558594,473.57501220703125,490.57501220703125,471.54998779296875,486.5,6447110
2018-07-31,375.90692138671875,482.54998779296875,483.25,473.67498779296875,475.17498779296875,4771570
2018-08-01,381.18475341796875,489.32501220703125,490.0,482.5,484.0,3568096
2018-08-02,374.8813781738281,480.25,492.0,479.2749938964844,488.0,3200706
2018-08-03,376.11077880859375,481.82501220703125,484.95001220703125,478.7250061035156,483.0249938964844,2289018
2018-08-06,373.32012939453125,478.25,484.2749938964844,476.5,484.0,2165794
2018-08-07,378.12091064453125,484.3999938964844,485.4750061035156,479.54998779296875,480.45001220703125,2235882
2018-08-08,376.4620056152344,482.2749938964844,484.8999938964844,478.625,484.5,1517966
2018-08-09,373.3786926269531,478.32501220703125,483.9750061035156,477.54998779296875,483.9750061035156,2005458
2018-08-10,377.02801513671875,483.0,483.8999938964844,478.1499938964844,480.6499938964844,2417448
2018-08-13,383.6631164550781,491.5,492.125,482.75,482.9750061035156,2885640
2018-08-14,390.1810607910156,499.8500061035156,501.0,489.5,494.07501220703125,4962034
2018-08-16,389.22479248046875,498.625,507.3999938964844,496.1499938964844,498.8999938964844,5908118
2018-08-17,391.4886169433594,501.5249938964844,503.8999938964844,497.5249938964844,500.0,2960410
2018-08-20,385.712158203125,494.125,503.25,493.5,502.5,2829604
2018-08-21,392.093505859375,502.29998779296875,507.0,499.17498779296875,500.8999938964844,9839198
2018-08-23,400.3092956542969,512.8250122070312,514.0499877929688,505.0,505.0,5537558
2018-08-24,399.4115295410156,511.67498779296875,519.5250244140625,510.07501220703125,515.2249755859375,4540390
2018-08-27,405.51983642578125,519.5,520.1500244140625,512.5,513.0,2488450
2018-08-28,406.2027282714844,520.375,523.375,518.4500122070312,520.0,2626156
2018-08-29,403.11944580078125,516.4249877929688,520.5750122070312,513.5,519.1500244140625,4063384
2018-08-30,396.7575988769531,508.2749938964844,516.4500122070312,506.7749938964844,514.5,4883942
2018-08-31,408.427490234375,523.2249755859375,527.5,509.75,510.5,6558672
2018-09-03,409.4812927246094,524.5750122070312,530.5,522.2999877929688,526.5,4454306
2018-09-04,420.0973205566406,538.1749877929688,539.5,525.5,525.5750122070312,5584742
2018-09-05,421.1121826171875,539.4749755859375,543.5,534.0,537.9000244140625,5701112
2018-09-06,424.9566345214844,544.4000244140625,544.9000244140625,532.7000122070312,537.5,5991810
2018-09-07,419.16058349609375,536.9749755859375,543.4749755859375,532.6749877929688,543.4749755859375,4379878
2018-09-10,424.9175720214844,544.3499755859375,548.4500122070312,538.5,538.5,8205078
2018-09-11,423.51251220703125,542.5499877929688,549.5,541.0,545.0,8472420
2018-09-12,424.1759948730469,543.4000244140625,549.5,541.0499877929688,546.0,4139134
2018-09-14,417.8922119140625,535.3499755859375,544.2249755859375,532.5999755859375,542.0,7290574
2018-09-17,420.8975830078125,539.2000122070312,542.2000122070312,535.0250244140625,535.0250244140625,3018112
2018-09-18,423.0441589355469,541.9500122070312,545.5,539.2000122070312,540.0,2745526
2018-09-19,424.3712463378906,543.6500244140625,549.2249755859375,540.5499877929688,541.5,4439812
2018-09-21,423.43450927734375,542.4500122070312,546.0,539.2750244140625,545.5,6595630
2018-09-24,427.8839416503906,548.1500244140625,553.0,540.2750244140625,542.9500122070312,4432578
2018-09-25,435.7093505859375,558.1749877929688,562.5250244140625,547.1500244140625,551.0,5664544
2018-09-26,425.4834899902344,545.0750122070312,560.4249877929688,542.5750122070312,560.0499877929688,2870394
2018-09-27,426.28363037109375,546.0999755859375,552.2249755859375,544.25,546.9749755859375,5731064
2018-09-28,424.5662536621094,543.9000244140625,549.875,542.75,546.0499877929688,4445086
2018-10-01,428.7035217285156,549.2000122070312,550.5,540.5,542.5999755859375,3406600
2018-10-03,425.932373046875,545.6500244140625,550.8499755859375,536.9000244140625,549.9500122070312,4730720
2018-10-04,420.39007568359375,538.5499877929688,546.4249877929688,530.5,542.4249877929688,3891118
2018-10-05,423.0832214355469,542.0,549.0,535.0499877929688,536.0,2895914
2018-10-08,418.4385681152344,536.0499877929688,542.2750244140625,524.0,535.0,2311830
2018-10-09,416.9944763183594,534.2000122070312,539.5250244140625,521.7249755859375,533.25,2694524
2018-10-10,410.515625,525.9000244140625,531.5250244140625,519.2750244140625,529.5,4523678
2018-10-11,393.81085205078125,504.5,512.75,499.0,512.75,6266576
2018-10-12,384.5022277832031,492.57501220703125,503.5,487.25,501.6499938964844,4651748
2018-10-15,391.4494934082031,501.4750061035156,503.07501220703125,490.0,490.0,3614908
2018-10-16,391.6252136230469,501.70001220703125,506.25,494.5249938964844,500.0,3003220
2018-10-17,399.76287841796875,512.125,518.0,503.5,503.5,3253970
2018-10-19,374.10076904296875,479.25,509.70001220703125,476.6499938964844,508.0,6869592
2018-10-22,382.5116271972656,490.0249938964844,493.95001220703125,478.57501220703125,482.0,3774108
2018-10-23,371.38824462890625,475.7749938964844,491.79998779296875,473.79998779296875,485.0,2948962
2018-10-24,382.765380859375,490.3500061035156,495.2749938964844,472.8999938964844,487.5,8442982
2018-10-25,392.1910400390625,502.42498779296875,505.7250061035156,484.0,489.3999938964844,6176258
2018-10-26,377.2621765136719,483.29998779296875,499.9750061035156,481.0,499.9750061035156,3615756
2018-10-29,384.6974182128906,492.82501220703125,495.9750061035156,476.875,482.6000061035156,2786080
2018-10-30,392.988525390625,502.42498779296875,508.4750061035156,488.3500061035156,493.6499938964844,6121068
2018-10-31,412.8363952636719,527.7999877929688,532.8499755859375,501.0,502.6499938964844,6582228
2018-11-01,394.5724182128906,504.45001220703125,528.7249755859375,501.75,527.5,3946070
2018-11-02,392.8907470703125,502.29998779296875,514.75,497.57501220703125,508.0,5575206
2018-11-05,399.2067565917969,510.375,512.0750122070312,501.8999938964844,502.75,1938928
2018-11-06,402.39422607421875,514.4500122070312,521.0,506.79998779296875,511.375,2921884
2018-11-07,403.43072509765625,515.7750244140625,517.4249877929688,513.375,514.5,139254
2018-11-09,402.0032043457031,513.9500122070312,523.5,506.75,521.5,7343566
2018-11-12,405.4839172363281,518.4000244140625,529.5,516.0250244140625,516.2249755859375,4782454
2018-11-13,404.075927734375,516.5999755859375,527.4249877929688,514.6749877929688,519.9249877929688,2737474
2018-11-14,389.95751953125,498.54998779296875,515.7000122070312,481.5,515.5,3033632
2018-11-15,386.69189453125,494.375,514.5,490.8999938964844,499.95001220703125,3582306
2018-11-16,399.7739562988281,511.1000061035156,518.9000244140625,496.875,498.5,6698234
2018-11-19,406.77447509765625,520.0499877929688,521.4000244140625,507.125,511.1000061035156,4180070
2018-11-20,394.5920104980469,504.4750061035156,517.5,501.6499938964844,517.5,2628564
2018-11-21,385.2840270996094,492.57501220703125,507.0,489.7749938964844,501.5249938964844,2503064
2018-11-22,382.8983154296875,489.5249938964844,501.0,487.70001220703125,494.0,3129880
2018-11-26,391.28717041015625,500.25,502.95001220703125,481.5,492.25,4758562
2018-11-27,400.1455993652344,511.57501220703125,514.5,496.5,499.3500061035156,4103018
2018-11-28,407.9477844238281,521.5499877929688,523.875,506.17498779296875,511.6000061035156,2460574
2018-11-29,396.3519287109375,506.7250061035156,522.6749877929688,504.25,521.6500244140625,3260512
2018-11-30,396.95806884765625,507.5,513.1500244140625,502.125,509.0,4219388
2018-12-03,398.2095642089844,509.1000061035156,512.8499755859375,502.3500061035156,510.54998779296875,2908898
2018-12-04,405.2687683105469,518.125,521.5,508.5249938964844,509.04998779296875,2836286
2018-12-05,411.05694580078125,525.5250244140625,529.0,511.0,518.2249755859375,3873412
2018-12-06,395.9803771972656,506.25,532.75,504.5,524.6749877929688,4051262
2018-12-07,376.2106628417969,480.9750061035156,500.0,467.2250061035156,500.0,21093670
2018-12-10,368.4084167480469,471.0,485.3500061035156,468.54998779296875,479.9750061035156,6182964
2018-12-11,374.2161560058594,478.42498779296875,482.57501220703125,465.3500061035156,470.5,5605848
2018-12-12,379.8478698730469,485.625,487.0,471.6499938964844,482.5,3653708
2018-12-13,382.5072937011719,489.0249938964844,491.2749938964844,481.7250061035156,485.0249938964844,2756644
2018-12-14,375.9174499511719,480.6000061035156,484.3999938964844,475.0,483.0,4611032
2018-12-17,380.0043029785156,485.82501220703125,487.0,476.95001220703125,482.54998779296875,2792580
2018-12-18,385.30352783203125,492.6000061035156,494.3999938964844,479.70001220703125,484.9750061035156,3874502
2018-12-19,374.33343505859375,478.57501220703125,491.79998779296875,477.0,490.0,6117266
2018-12-20,375.2525329589844,479.75,482.3500061035156,474.0,474.1499938964844,4527954
2018-12-21,373.2774353027344,477.2250061035156,482.0,472.5,478.5249938964844,10439250
2018-12-24,366.78533935546875,468.92498779296875,477.95001220703125,467.57501220703125,477.5,2941564
2018-12-26,368.72119140625,471.3999938964844,473.8500061035156,465.5,469.0,2434064
2018-12-27,371.06781005859375,474.3999938964844,480.0,471.32501220703125,474.5,5096808
2018-12-28,374.8027038574219,479.17498779296875,481.5,475.0,476.04998779296875,1556666
2018-12-31,377.1492919921875,482.17498779296875,483.29998779296875,477.79998779296875,481.2250061035156,1437004
2019-01-01,375.3893737792969,479.92498779296875,482.5,476.42498779296875,481.0,717468
2019-01-02,370.109619140625,473.17498779296875,481.0,469.57501220703125,479.5,2270096
2019-01-03,370.8918151855469,474.17498779296875,480.0,472.5,475.0,2809224
2019-01-04,364.6344299316406,466.17498779296875,475.2749938964844,462.5,473.0,3077278
2019-01-07,368.23236083984375,470.7749938964844,475.0,467.95001220703125,469.95001220703125,2344752
2019-01-08,369.640380859375,472.57501220703125,474.0,466.54998779296875,474.0,3031576
2019-01-09,367.00048828125,469.20001220703125,474.2749938964844,466.1499938964844,473.5,2471720
2019-01-10,366.003173828125,467.92498779296875,471.5,466.0,471.5,1832096
2019-01-11,367.6457824707031,470.0249938964844,470.5,460.0,467.5,4331368
2019-01-14,366.5311584472656,468.6000061035156,472.0,464.0,470.5,1956808
2019-01-15,370.6375732421875,473.8500061035156,477.95001220703125,464.5,464.5,3693892
2019-01-16,366.9417724609375,469.125,477.1000061035156,468.375,474.0,1701242
2019-01-17,373.375244140625,477.3500061035156,478.5,466.54998779296875,467.54998779296875,3690234
2019-01-18,377.9118957519531,483.1499938964844,484.375,473.17498779296875,474.29998779296875,4685056
2019-01-21,377.69683837890625,482.875,490.75,481.0249938964844,484.5249938964844,3265418
2019-01-22,367.91949462890625,470.375,482.2749938964844,468.5,481.0,4791592
2019-01-23,369.36651611328125,472.2250061035156,474.9750061035156,469.3500061035156,473.75,5641586
2019-01-24,370.1488037109375,473.2250061035156,476.8500061035156,469.625,472.45001220703125,2954782
2019-01-25,379.1242370605469,484.70001220703125,487.8500061035156,473.04998779296875,474.5,4310008
2019-01-28,382.4094543457031,488.8999938964844,490.0,481.95001220703125,486.5,3029930
2019-01-29,386.5746154785156,494.2250061035156,497.42498779296875,480.54998779296875,489.0,4733138
2019-01-30,398.2878112792969,509.20001220703125,517.5,500.75,509.0,14053348
2019-01-31,393.1253356933594,502.6000061035156,511.57501220703125,493.375,509.79998779296875,9058428
2019-02-01,408.2411193847656,521.9249877929688,525.0,505.25,505.29998779296875,6460222
2019-02-04,408.61273193359375,522.4000244140625,528.9000244140625,520.1500244140625,522.5,4133944
2019-02-05,410.55224609375,523.875,527.5,520.75,523.25,2368564
2019-02-06,413.4715270996094,527.5999755859375,532.4749755859375,522.5499877929688,525.5,2331000
2019-02-07,416.48858642578125,531.4500122070312,538.9000244140625,528.0,528.0,3251088
2019-02-08,418.6633605957031,534.2249755859375,538.0,529.0250244140625,530.0,3733802
2019-02-11,422.9344177246094,539.6749877929688,542.0,531.5,534.0499877929688,3157886
2019-02-12,414.8822021484375,529.4000244140625,539.2000122070312,526.375,538.0,2788882
2019-02-14,415.86175537109375,530.6500244140625,535.0,528.5250244140625,535.0,1970720
2019-02-15,414.2747802734375,528.625,533.6749877929688,520.75,533.0999755859375,2492120
2019-02-18,409.9841613769531,523.1500244140625,536.0,516.25,530.4000244140625,2550698
2019-02-19,407.14324951171875,519.5250244140625,525.5999755859375,518.1749877929688,524.0,1837440
2019-02-20,414.54901123046875,528.9749755859375,530.75,513.0,521.1749877929688,2558354
2019-02-21,412.7662048339844,526.7000122070312,530.75,521.2999877929688,530.0,2603154
2019-02-22,417.76220703125,533.0750122070312,535.25,522.0,522.0999755859375,2844492
2019-02-25,424.07086181640625,541.125,542.5,531.4749755859375,535.2999877929688,2340940
2019-02-26,414.901611328125,529.4249877929688,547.9749755859375,527.4749755859375,540.2999877929688,3726370
2019-02-27,415.4894714355469,530.1749877929688,533.0,519.0,530.0,3325110
2019-02-28,412.96209716796875,526.9500122070312,534.9749755859375,523.8499755859375,534.9749755859375,6661660
2019-03-01,412.45263671875,526.2999877929688,530.7000122070312,521.875,527.5,2295910
2019-03-05,412.4331359863281,526.2750244140625,529.9000244140625,522.5999755859375,528.8499755859375,2117558
2019-03-06,408.78900146484375,521.625,531.0,519.2999877929688,530.2999877929688,2807252
2019-03-07,405.37994384765625,517.2750244140625,525.25,516.0,523.7999877929688,2073614
2019-03-08,395.38800048828125,504.5249938964844,514.9749755859375,503.0,514.7000122070312,3176094
2019-03-11,393.5658874511719,502.20001220703125,510.875,500.5,503.5,4547588
2019-03-12,397.0728759765625,506.67498779296875,509.75,500.0249938964844,503.54998779296875,4902188
2019-03-13,402.9505615234375,514.1749877929688,521.5,507.04998779296875,509.3500061035156,6803340
2019-03-14,394.48681640625,503.375,520.2750244140625,502.04998779296875,517.5,3793832
2019-03-15,403.32275390625,514.6500244140625,516.9249877929688,504.3999938964844,506.0,5207688
2019-03-18,397.0337219238281,506.625,519.9749755859375,505.95001220703125,516.0499877929688,1690728
2019-03-19,406.02642822265625,518.0999755859375,521.0,506.54998779296875,510.04998779296875,3242552
2019-03-20,406.7121276855469,518.9749755859375,527.25,515.75,521.0,4408802
2019-03-22,401.5790710449219,512.4249877929688,524.0,509.0,519.0,5237090
2019-03-25,398.7577819824219,508.82501220703125,514.5,505.92498779296875,514.5,3055910
2019-03-26,405.3995361328125,517.2999877929688,521.9000244140625,505.75,506.67498779296875,3311446
2019-03-27,408.7498474121094,521.5750122070312,528.1749877929688,510.0,510.0,2911690
2019-03-28,424.3255310058594,541.4500122070312,544.1749877929688,525.0,525.7000122070312,8627614
2019-04-01,435.2382507324219,555.375,560.0,541.0250244140625,545.0,4617730
2019-04-02,432.04473876953125,551.2999877929688,560.0,546.25,555.0,2787844
2019-04-03,439.09796142578125,560.2999877929688,566.6500244140625,545.7750244140625,551.2999877929688,5296628
2019-04-04,430.2618713378906,549.0250244140625,559.0250244140625,540.75,559.0,8444208
2019-04-05,428.2046813964844,546.4000244140625,552.3250122070312,542.75,545.1749877929688,3409044
2019-04-08,429.5957336425781,548.1749877929688,550.5,540.4749755859375,547.5,4027848
2019-04-09,438.13787841796875,559.0750122070312,564.4249877929688,548.0999755859375,548.1749877929688,6500982
2019-04-10,430.5166015625,549.3499755859375,562.6500244140625,548.0999755859375,560.0,4826866
2019-04-11,426.6568908691406,544.4249877929688,550.5499877929688,542.5,546.1500244140625,3035580
2019-04-12,424.5409851074219,541.7249755859375,550.4249877929688,538.2999877929688,544.4000244140625,2839484
2019-04-15,432.2994079589844,551.625,554.0,542.5,544.5,3868302
2019-04-16,433.78851318359375,553.5250244140625,558.125,551.1749877929688,554.75,2401182
2019-04-18,432.0643615722656,551.3250122070312,561.9500122070312,545.25,554.0,4055238
2019-04-22,431.4569396972656,550.5499877929688,557.1500244140625,547.5,551.75,2230516
2019-04-23,431.80963134765625,551.0,555.9749755859375,548.2999877929688,551.2999877929688,2135528
2019-04-24,446.28826904296875,569.4749755859375,571.0499877929688,548.4249877929688,551.5,5681646
2019-04-25,444.23101806640625,566.8499755859375,575.7000122070312,564.5250244140625,570.5,5361098
2019-04-26,446.60162353515625,569.875,584.9249877929688,567.5,570.0,3465934
2019-04-30,463.6859436035156,591.6749877929688,593.7999877929688,570.0,570.0250244140625,8310400
2019-05-02,454.55615234375,580.0250244140625,590.25,578.25,585.0,4226194
2019-05-03,447.8947448730469,571.5250244140625,574.5750122070312,563.125,572.0,5710316
2019-05-06,445.1518859863281,568.0250244140625,572.2000122070312,564.0250244140625,569.9500122070312,2827130
2019-05-07,443.46697998046875,565.875,575.0,558.0,568.6749877929688,4689204
2019-05-08,443.8000793457031,566.2999877929688,570.0,561.2000122070312,566.0,2987822
2019-05-09,445.367431640625,568.2999877929688,572.5,555.0499877929688,562.25,4962690
2019-05-10,425.794921875,543.3250122070312,555.5,536.4000244140625,555.5,15535450
2019-05-13,424.6193542480469,541.8250122070312,550.375,539.0,544.1500244140625,3368062
2019-05-14,418.42822265625,533.9249877929688,541.8250122070312,528.5,541.8250122070312,4388014
2019-05-15,418.2714538574219,533.7249755859375,543.25,531.4249877929688,536.4749755859375,3240598
2019-05-16,420.9410095214844,536.125,540.2249755859375,528.0250244140625,539.9500122070312,2226902
2019-05-17,417.19189453125,531.3499755859375,538.5,529.875,537.5250244140625,2780046
2019-05-20,421.451416015625,536.7750244140625,541.9000244140625,525.625,532.5,2380474
2019-05-21,414.6009521484375,528.0499877929688,537.0,526.3250122070312,535.7000122070312,1613426
2019-05-22,416.5245666503906,530.5,537.5,526.8499755859375,528.5,3424864
2019-05-23,418.64453125,533.2000122070312,535.5,525.125,532.0,3884200
2019-05-24,418.46783447265625,532.9749755859375,537.0,527.0499877929688,535.5,4340468
2019-05-27,417.7808532714844,532.0999755859375,540.5,529.0999755859375,536.0,3164414
2019-05-28,420.5682067871094,535.6500244140625,544.9749755859375,527.625,535.5,10631688
2019-05-29,425.9464111328125,542.5,547.5,534.0999755859375,535.7000122070312,4354812
2019-05-30,423.27679443359375,539.0999755859375,549.1749877929688,534.0,544.0,4745448
2019-05-31,428.9104309082031,546.2750244140625,549.7000122070312,540.0250244140625,542.5,4255094
2019-06-03,437.8022766113281,557.5999755859375,559.5,543.5750122070312,549.4249877929688,3400394
2019-06-04,426.28009033203125,542.9249877929688,556.7000122070312,540.5,556.2000122070312,4128970
2019-06-06,423.6695251464844,539.5999755859375,550.5750122070312,537.7750244140625,545.0,4701806
2019-06-07,423.8263854980469,539.7999877929688,543.5999755859375,535.625,541.5,3272806
2019-06-10,428.3804016113281,545.5999755859375,550.9000244140625,540.7000122070312,543.4500122070312,2056008
2019-06-11,434.93646240234375,553.9500122070312,558.4749755859375,546.9500122070312,550.0,6485078
2019-06-12,435.01495361328125,554.0499877929688,555.0,545.6500244140625,553.5,3136202
2019-06-13,432.18841552734375,550.4500122070312,553.0499877929688,546.5,551.5,3951850
2019-06-14,426.7315673828125,543.5,551.1749877929688,542.0,546.5499877929688,3467872
2019-06-17,421.9814453125,537.4500122070312,543.8499755859375,535.75,542.0,2487348
2019-06-18,427.7522888183594,544.7999877929688,547.0750122070312,537.3250122070312,537.4500122070312,1412162
2019-06-19,425.5931091308594,542.0499877929688,548.2999877929688,538.9000244140625,545.0499877929688,2437878
2019-06-20,426.8689880371094,543.6749877929688,545.5,532.8250122070312,535.0,1895088
2019-06-21,422.5113525390625,538.125,546.3250122070312,535.5750122070312,546.25,4695110
2019-06-24,423.15911865234375,538.9500122070312,542.0250244140625,534.0499877929688,539.5,1350104
2019-06-25,423.59088134765625,539.5,540.5499877929688,530.0750122070312,538.9500122070312,2203934
2019-06-26,423.4927673339844,539.375,546.3250122070312,536.0999755859375,536.0999755859375,3277734
2019-06-27,417.211669921875,531.375,542.0250244140625,529.9749755859375,537.1500244140625,2776050
2019-06-28,417.9576110839844,532.3250122070312,537.9749755859375,529.3499755859375,535.3499755859375,2829874
2019-07-01,411.8528747558594,524.5499877929688,534.9500122070312,523.6749877929688,533.625,2467696
2019-07-02,416.13201904296875,530.0,532.3250122070312,521.5,526.5,2014050
2019-07-03,412.6772766113281,525.5999755859375,532.375,523.7999877929688,530.5,1213340
2019-07-04,408.5748596191406,520.375,525.5999755859375,516.9000244140625,524.3499755859375,2553038
2019-07-05,399.0155029296875,508.20001220703125,524.5,506.32501220703125,521.9500122070312,2514352
2019-07-08,407.9075012207031,519.5250244140625,522.9000244140625,505.0249938964844,505.5,4008224
2019-07-09,400.72320556640625,510.375,523.9000244140625,504.0,516.7249755859375,3205934
2019-07-10,399.99700927734375,509.45001220703125,517.5,506.54998779296875,507.0,1731600
2019-07-11,400.7428894042969,510.3999938964844,513.9000244140625,507.5249938964844,513.9000244140625,1550706
2019-07-12,401.9599609375,511.95001220703125,514.8499755859375,504.5,508.0249938964844,2903286
2019-07-15,403.37322998046875,513.75,519.0,510.0,517.2249755859375,2633206
2019-07-16,400.29150390625,509.82501220703125,516.0750122070312,506.7250061035156,515.9500122070312,3450502
2019-07-17,408.5748596191406,520.375,521.5,510.45001220703125,512.2000122070312,2291110
2019-07-18,399.859619140625,509.2749938964844,518.5,508.0,516.7000122070312,2608300
2019-07-19,398.7015075683594,507.79998779296875,515.4000244140625,504.6000061035156,512.0,2139624
2019-07-22,400.0166931152344,509.4750061035156,513.625,501.625,507.79998779296875,1902156
2019-07-23,396.8760681152344,505.4750061035156,512.9749755859375,503.57501220703125,510.32501220703125,2011658
2019-07-24,400.9391784667969,510.6499938964844,512.4249877929688,500.75,504.9750061035156,2384560
2019-07-25,397.0134582519531,505.6499938964844,513.8250122070312,501.5,510.54998779296875,6042040
2019-07-26,393.14654541015625,500.7250061035156,506.04998779296875,498.70001220703125,503.8500061035156,2332384
2019-07-29,398.6426696777344,507.7250061035156,512.0,502.0,502.5,1825826
2019-07-30,401.84210205078125,511.79998779296875,513.6749877929688,505.3999938964844,507.5,2134474
2019-07-31,406.1408996582031,517.2750244140625,518.9500122070312,501.4750061035156,511.25,3714036
2019-08-01,401.03741455078125,510.7749938964844,521.2249755859375,507.54998779296875,514.5750122070312,3490012
2019-08-02,396.69940185546875,505.25,508.95001220703125,496.5,508.5,3544858
2019-08-05,396.9349365234375,505.54998779296875,508.5,498.54998779296875,501.70001220703125,2687280
2019-08-06,402.0777587890625,512.0999755859375,518.5,501.6000061035156,505.54998779296875,3174832
2019-08-07,401.4692077636719,511.32501220703125,522.9500122070312,508.2250061035156,512.5750122070312,3967844
2019-08-08,427.22222900390625,544.125,547.5,514.0250244140625,517.9749755859375,12493298
2019-08-09,426.456787109375,543.1500244140625,551.2249755859375,538.9000244140625,542.4000244140625,5645698
2019-08-13,421.0390930175781,536.25,545.9500122070312,533.6749877929688,545.9500122070312,2507610
2019-08-14,423.26129150390625,538.0750122070312,541.7000122070312,528.7249755859375,534.5750122070312,2803920
2019-08-16,417.9910888671875,531.375,538.4500122070312,525.25,538.4500122070312,3108220
2019-08-19,418.5023193359375,532.0250244140625,538.9749755859375,528.8250122070312,532.7999877929688,1682212
2019-08-20,426.34881591796875,542.0,545.4000244140625,532.5499877929688,533.9500122070312,4282308
2019-08-21,420.9014892578125,535.0750122070312,541.7750244140625,533.0250244140625,541.4749755859375,2555246
2019-08-22,424.3431396484375,539.4500122070312,543.1749877929688,528.0250244140625,535.25,2580980
2019-08-23,427.5289001464844,543.5,548.7249755859375,538.7999877929688,539.5,3319154
2019-08-26,429.8296813964844,546.4249877929688,548.0,531.8250122070312,545.7999877929688,2314884
2019-08-27,429.92803955078125,546.5499877929688,550.0,531.9000244140625,549.5,6604388
2019-08-28,442.06170654296875,561.9749755859375,565.0,546.1500244140625,548.5,6985284
2019-08-29,439.62322998046875,558.875,562.8499755859375,555.0,556.5,2948038
2019-08-30,432.77947998046875,550.1749877929688,557.9000244140625,541.5999755859375,557.8499755859375,6738070
2019-09-03,435.926025390625,554.1749877929688,565.2999877929688,551.4249877929688,553.5,4086894
2019-09-04,442.730224609375,562.8250122070312,564.25,551.9500122070312,556.1749877929688,2425690
2019-09-05,437.341796875,555.9749755859375,562.7249755859375,551.875,562.7249755859375,2775294
2019-09-06,432.7992248535156,550.2000122070312,560.5750122070312,548.4749755859375,557.75,2075686
2019-09-09,426.50634765625,542.2000122070312,551.0,540.5,551.0,3521728
2019-09-11,416.0047607421875,528.8499755859375,547.0,526.2999877929688,544.0,5325506
2019-09-12,414.9035949707031,527.4500122070312,532.2249755859375,524.0,528.5,4064734
2019-09-13,420.2525634765625,534.25,535.0,526.9500122070312,527.4500122070312,3091588
2019-09-16,420.80322265625,534.9500122070312,539.4749755859375,528.5,535.0,3888868
2019-09-17,415.2772216796875,527.9249877929688,534.5,523.2750244140625,534.5,3815108
2019-09-18,416.2998046875,529.2249755859375,533.4749755859375,525.3250122070312,529.8250122070312,2572672
2019-09-19,412.79931640625,524.7750244140625,529.0,516.125,529.0,3762272
2019-09-20,412.6224060058594,524.5499877929688,531.7750244140625,518.6500244140625,526.0,5736082
2019-09-23,406.2507629394531,516.4500122070312,531.5,508.5,531.5,4733492
2019-09-24,411.9537658691406,523.7000122070312,525.8499755859375,511.5,511.6000061035156,5614452
2019-09-25,414.490478515625,526.9249877929688,531.0,522.0999755859375,524.75,4312820
2019-09-26,411.0687561035156,522.5750122070312,527.7750244140625,516.625,527.0,6062076
2019-09-27,409.45611572265625,520.5250244140625,526.7999877929688,517.0499877929688,522.75,4458334
2019-09-30,425.0116271972656,540.2999877929688,548.25,521.5250244140625,522.0,8559586
2019-10-01,416.73248291015625,529.7750244140625,540.5,526.5999755859375,540.5,4190696
2019-10-03,423.5171203613281,538.4000244140625,545.0,527.0750122070312,529.0,3435302
2019-10-04,424.4216003417969,539.5499877929688,540.9000244140625,532.3250122070312,538.0,2694188
2019-10-07,422.5731201171875,537.2000122070312,545.5,534.4500122070312,542.875,1910498
2019-10-09,413.4089660644531,525.5499877929688,536.9749755859375,520.0750122070312,535.0250244140625,3750540
2019-10-10,418.28594970703125,531.75,533.0499877929688,520.7000122070312,525.5250244140625,2707552
2019-10-11,424.5789794921875,539.75,545.0,524.0,525.0,4312780
2019-10-14,427.4501647949219,543.4000244140625,549.9000244140625,537.0,541.2000122070312,2781204
2019-10-15,426.5455627441406,542.25,549.5750122070312,539.7249755859375,544.5499877929688,3002070
2019-10-16,432.99578857421875,550.4500122070312,553.5,541.5499877929688,544.5,3018788
2019-10-17,429.9084777832031,546.5250244140625,551.0999755859375,542.2750244140625,550.0,1552278
2019-10-18,430.87200927734375,547.75,552.7249755859375,544.2000122070312,547.4749755859375,1647630
2019-10-22,418.65966796875,532.2249755859375,547.9500122070312,525.75,545.0999755859375,5502486
2019-10-23,430.7342529296875,547.5750122070312,551.9749755859375,534.0,535.0,7829074
2019-10-24,440.1345520019531,559.5250244140625,579.5,555.25,577.5499877929688,13502160
2019-10-25,446.0340881347656,567.0250244140625,568.625,549.0499877929688,560.5,4587220
2019-10-27,444.63787841796875,565.25,569.8250122070312,562.5499877929688,569.0,303910
2019-10-29,448.27593994140625,569.875,572.9249877929688,563.9749755859375,565.4500122070312,3218206
2019-10-30,451.02911376953125,573.375,575.0,569.0999755859375,575.0,2441752
2019-10-31,458.1210632324219,581.375,585.0,569.2750244140625,572.875,5848998
2019-11-01,453.8856506347656,576.0,583.5,571.7000122070312,579.4500122070312,2131710
2019-11-04,455.42230224609375,577.9500122070312,583.1500244140625,576.0250244140625,580.0250244140625,3022168
2019-11-05,456.5253601074219,579.3499755859375,580.2999877929688,571.6749877929688,578.0499877929688,2878100
2019-11-06,452.4475402832031,574.1749877929688,580.0250244140625,570.5999755859375,580.0,4576658
2019-11-07,452.4868469238281,574.2249755859375,577.0999755859375,568.0499877929688,574.5,2538638
2019-11-08,453.136962890625,575.0499877929688,582.2000122070312,573.0499877929688,574.1749877929688,4026580
2019-11-11,451.501953125,572.9749755859375,576.8499755859375,565.0999755859375,575.0,1906640
2019-11-13,448.6059875488281,569.2999877929688,578.0499877929688,567.3499755859375,575.0,3378350
2019-11-14,452.2308349609375,573.9000244140625,578.7000122070312,567.5499877929688,570.75,2540924
2019-11-15,450.0638732910156,571.1500244140625,579.9000244140625,570.0,575.4749755859375,3061712
2019-11-18,449.59112548828125,570.5499877929688,574.8499755859375,569.4000244140625,574.0,2484314
2019-11-19,447.04974365234375,567.3250122070312,571.75,564.3250122070312,569.5,2365020
2019-11-20,446.32086181640625,566.4000244140625,568.8499755859375,562.75,567.5,2225036
2019-11-21,447.8179626464844,568.2999877929688,574.25,565.7750244140625,569.2999877929688,3876184
2019-11-22,439.2091979980469,557.375,567.4749755859375,554.4749755859375,565.2249755859375,2597928
2019-11-25,443.14910888671875,562.375,563.0499877929688,553.0250244140625,558.5,1693202
2019-11-26,436.56939697265625,554.0250244140625,567.25,549.2249755859375,563.25,6459924
2019-11-27,444.5281982421875,564.125,567.2000122070312,554.5,554.5,3354312
2019-11-28,446.26177978515625,566.3250122070312,571.7000122070312,562.75,569.5,2413116
2019-11-29,444.291748046875,563.8250122070312,568.4249877929688,562.5499877929688,568.0,2387702
2019-12-02,443.3658752441406,562.6500244140625,569.5,561.75,569.5,2995916
2019-12-03,443.0704345703125,562.2750244140625,565.5,560.5,564.9749755859375,3567662
2019-12-04,443.44464111328125,562.75,565.0,558.2249755859375,563.5,5903136
2019-12-05,441.9869079589844,560.9000244140625,567.6500244140625,557.1500244140625,563.7999877929688,2683884
2019-12-06,441.5140075683594,560.2999877929688,567.0499877929688,558.6500244140625,563.9000244140625,1659752
2019-12-09,435.0131530761719,552.0499877929688,563.2000122070312,547.0,562.5499877929688,2192234
2019-12-10,429.0243835449219,544.4500122070312,554.9000244140625,541.7999877929688,552.0499877929688,1628853
2019-12-11,428.51220703125,543.7999877929688,549.9000244140625,539.4500122070312,545.0,2387958
2019-12-12,422.64154052734375,536.3499755859375,547.7999877929688,535.0499877929688,547.2999877929688,2061911
2019-12-13,427.99993896484375,543.1500244140625,545.0,536.7999877929688,538.0,2889796
2019-12-16,435.1313171386719,552.2000122070312,554.9500122070312,545.0499877929688,546.0,4590144
2019-12-17,439.50469970703125,557.75,559.0,552.5,555.5,3852266
2019-12-18,444.9812316894531,564.7000122070312,566.9500122070312,559.0,560.0,4618387
2019-12-19,448.7635192871094,569.5,574.0,564.75,565.5,3465644
2019-12-20,449.0789489746094,569.9000244140625,573.75,565.5,573.5,3135806
2019-12-23,449.9062805175781,570.9500122070312,575.5499877929688,566.5499877929688,567.5,1591463
2019-12-24,441.7110595703125,560.5499877929688,572.6500244140625,559.2999877929688,572.0,2354963
2019-12-26,441.6716003417969,560.5,565.0,559.5499877929688,561.6500244140625,1848547
2019-12-27,447.2269592285156,567.5499877929688,569.0,557.0,562.9500122070312,2786795
2019-12-30,448.6059875488281,569.2999877929688,577.5,564.25,567.0,1800754
2019-12-31,447.66046142578125,568.0999755859375,571.5,565.0499877929688,569.0999755859375,1838808
2020-01-01,450.6943054199219,571.9500122070312,572.9000244140625,566.8499755859375,569.4000244140625,918373
2020-01-02,451.9551086425781,573.5499877929688,575.0,570.5,572.5499877929688,1075642
2020-01-03,461.01690673828125,585.0499877929688,588.5,572.8499755859375,574.0,3269446
2020-01-06,458.6136779785156,582.0,592.2000122070312,579.4500122070312,585.0,3589985
2020-01-07,460.3865966796875,584.25,587.75,579.0499877929688,582.0,3179728
2020-01-08,461.5685119628906,585.75,593.0,578.0,583.0,3593096
2020-01-09,457.2739562988281,580.2999877929688,588.1500244140625,579.25,586.0,2313648
2020-01-10,457.3133544921875,580.3499755859375,589.7999877929688,577.4000244140625,582.0,2049636
2020-01-13,462.15960693359375,586.5,590.0,581.0,583.9500122070312,4096054
2020-01-14,468.3060302734375,594.2999877929688,597.4000244140625,587.1500244140625,587.2000122070312,3395378
2020-01-15,469.44854736328125,595.75,598.2999877929688,591.7000122070312,597.0,2348102
2020-01-16,467.4786071777344,593.25,598.2999877929688,586.75,597.0,2107442
2020-01-17,471.8519592285156,598.7999877929688,602.0,585.0,585.0,4555694
2020-01-20,464.32659912109375,589.25,618.0,584.0999755859375,618.0,10272118
2020-01-21,460.22900390625,584.0499877929688,593.25,582.3499755859375,589.2999877929688,2640668
2020-01-22,465.42974853515625,590.6500244140625,595.0,581.5,585.2000122070312,4402650
2020-01-23,471.9701843261719,598.9500122070312,599.9500122070312,587.0,590.0999755859375,6089397
2020-01-24,480.469482421875,607.7000122070312,609.0,595.5,599.0,3551260
2020-01-27,477.8206481933594,604.3499755859375,608.0,601.75,607.7000122070312,2450421
2020-01-28,475.5278625488281,601.4500122070312,607.3499755859375,592.5999755859375,607.2999877929688,5330709
2020-01-29,481.3786315917969,608.8499755859375,611.5,602.2000122070312,605.0,4281329
2020-01-30,480.5880432128906,607.8499755859375,613.8499755859375,603.6500244140625,612.0,3334901
2020-01-31,467.5821533203125,591.4000244140625,608.9000244140625,589.5999755859375,607.8499755859375,3590768
2020-02-03,457.857177734375,579.0999755859375,593.6500244140625,577.5,591.4000244140625,4024193
2020-02-04,463.70806884765625,586.5,589.25,582.5,583.0,3246094
2020-02-05,470.90277099609375,595.5999755859375,598.5,586.0,589.4000244140625,3006324
2020-02-06,474.14434814453125,599.7000122070312,613.0,598.0,598.9500122070312,4704968
2020-02-07,480.469482421875,607.7000122070312,609.2000122070312,599.1500244140625,601.6500244140625,2865379
2020-02-10,478.2555847167969,604.9000244140625,611.5499877929688,601.6500244140625,608.9000244140625,2286213
2020-02-11,482.8017883300781,610.6500244140625,613.75,605.7000122070312,606.0,2458748
2020-02-12,485.52960205078125,614.0999755859375,620.5,610.2999877929688,613.0,4873027
2020-02-13,484.22491455078125,612.4500122070312,613.9500122070312,604.0499877929688,612.0,2090363
2020-02-14,491.4987487792969,621.6500244140625,623.25,612.25,612.4500122070312,3650630
2020-02-17,485.0156555175781,613.4500122070312,623.5,612.3499755859375,623.0,2190578
2020-02-18,479.9554748535156,607.0499877929688,615.7999877929688,605.1500244140625,613.4500122070312,5237465
2020-02-19,478.9276123046875,605.75,618.25,604.0,614.4500122070312,3799862
2020-02-20,480.7461853027344,608.0499877929688,612.9500122070312,605.1500244140625,611.0,4820313
2020-02-24,470.5470886230469,595.1500244140625,609.0,591.5,608.0,4070143
2020-02-25,460.50579833984375,582.4500122070312,595.7000122070312,575.0,595.5,5525575
2020-02-26,461.4151306152344,583.5999755859375,589.0499877929688,575.5,576.9000244140625,5460070
2020-02-27,453.07379150390625,573.0499877929688,582.4000244140625,568.0,582.0999755859375,4078174
2020-02-28,422.4762268066406,534.3499755859375,564.0,531.2000122070312,560.0,7894806
2020-03-02,434.6125183105469,549.7000122070312,565.8499755859375,537.8499755859375,541.0499877929688,8175982
2020-03-03,446.7488098144531,565.0499877929688,568.75,555.0,556.0,4682284
2020-03-04,445.20697021484375,563.0999755859375,575.4000244140625,561.0,569.0,5175180
2020-03-05,455.7225646972656,576.4000244140625,581.9000244140625,563.1500244140625,568.0,6061347
2020-03-06,447.6580810546875,566.2000122070312,573.9500122070312,559.5499877929688,570.0,3288548
2020-03-09,427.2991027832031,540.4500122070312,558.0,536.4500122070312,555.0,3699776
2020-03-11,424.41339111328125,536.7999877929688,542.6500244140625,514.0,526.75,4850031
2020-03-12,390.06024169921875,493.3500061035156,527.7999877929688,486.3500061035156,521.0,5321388
2020-03-13,389.7044372558594,492.8999938964844,517.25,395.95001220703125,460.0,6859998
2020-03-16,356.3396301269531,450.70001220703125,479.79998779296875,446.8500061035156,469.0,5281571
2020-03-17,356.3000793457031,450.6499938964844,478.6000061035156,443.3500061035156,450.0,5148153
2020-03-18,343.3336181640625,434.25,464.79998779296875,429.04998779296875,455.0,4936397
2020-03-19,326.8884582519531,413.45001220703125,434.6000061035156,375.25,418.8999938964844,9270044
2020-03-20,351.75384521484375,444.8999938964844,461.95001220703125,411.8500061035156,413.5,11916337
2020-03-23,329.8138427734375,417.1499938964844,444.0,400.45001220703125,415.0,9525470
2020-03-24,349.5006408691406,442.04998779296875,458.8500061035156,411.8500061035156,413.0,9915953
2020-03-25,361.79498291015625,457.6000061035156,468.0,417.75,432.0,11976272
2020-03-26,353.9677429199219,447.70001220703125,466.75,441.1000061035156,461.1000061035156,9504717
2020-03-27,340.4873352050781,430.6499938964844,457.45001220703125,420.5,450.25,9150873
2020-03-30,331.2763977050781,419.0,438.6499938964844,410.0,410.0,6325701
2020-03-31,345.0335388183594,436.3999938964844,449.3999938964844,425.29998779296875,433.20001220703125,6381806
2020-04-01,326.9674987792969,413.54998779296875,433.20001220703125,408.20001220703125,433.0,8136746
2020-04-03,320.8399963378906,405.79998779296875,428.6000061035156,399.29998779296875,418.8999938964844,8166356
2020-04-07,356.69537353515625,451.1499938964844,457.95001220703125,425.0,425.0,5972948
2020-04-08,366.1434631347656,463.1000061035156,476.79998779296875,449.0,451.0,7991061
2020-04-09,370.8478088378906,469.04998779296875,481.0,462.0,480.70001220703125,5069225
2020-04-13,362.3088684082031,458.25,471.0,454.0,470.0,2236731
2020-04-15,378.51690673828125,478.75,482.0,462.70001220703125,470.0,6333188
2020-04-16,363.4948425292969,459.75,476.0,456.70001220703125,473.0,10484842
2020-04-17,359.9370422363281,455.25,475.0,453.6499938964844,470.0,4706460
2020-04-20,371.59893798828125,470.0,473.6000061035156,453.5,458.0,4800719
2020-04-21,360.2927551269531,455.70001220703125,464.95001220703125,447.8500061035156,458.0,3405204
2020-04-22,365.59002685546875,462.3999938964844,469.45001220703125,450.0,453.0,3768051
2020-04-23,377.68682861328125,477.70001220703125,480.75,462.3999938964844,465.0,3052968
2020-04-24,370.0967102050781,468.1000061035156,496.8999938964844,465.1499938964844,480.0,6738184
2020-04-27,381.9561767578125,483.1000061035156,485.70001220703125,467.25,473.1000061035156,2914569
2020-04-28,372.4685974121094,471.1000061035156,489.0,469.45001220703125,489.0,4262237
2020-04-29,388.79522705078125,491.75,501.0,470.20001220703125,474.79998779296875,3849090
2020-04-30,429.75018310546875,543.5499877929688,565.5,501.0,506.5,8035267
2020-05-04,406.5845642089844,514.25,527.5,508.20001220703125,527.5,7032527
2020-05-05,411.44696044921875,520.4000244140625,529.9000244140625,515.6500244140625,526.0,4592828
2020-05-06,410.4190979003906,519.0999755859375,526.7000122070312,506.20001220703125,512.2000122070312,6921533
2020-05-07,404.60791015625,511.75,541.7999877929688,507.54998779296875,530.0,19998641
2020-05-08,409.8656311035156,518.4000244140625,522.5,502.3999938964844,520.8499755859375,10120968
2020-05-11,417.1000061035156,527.5499877929688,534.9000244140625,521.2000122070312,526.0,4425540
2020-05-12,416.9814453125,527.4000244140625,540.0,520.0,525.4500122070312,6439945
2020-05-13,418.0487976074219,528.75,539.8499755859375,521.5499877929688,539.8499755859375,3502017
2020-05-14,409.1145324707031,517.4500122070312,527.5499877929688,514.3499755859375,519.4000244140625,3741672
2020-05-15,404.212646484375,511.25,517.9500122070312,505.25,517.9500122070312,4895121
2020-05-18,403.8172607421875,510.75,518.6500244140625,507.5,514.7000122070312,5159655
2020-05-19,409.74700927734375,518.25,520.5,506.20001220703125,512.0,3966934
2020-05-20,416.46746826171875,526.75,528.6500244140625,515.0,515.0499877929688,3138708
2020-05-21,422.8716125488281,534.8499755859375,537.5,523.4000244140625,529.7999877929688,4523685
2020-05-22,419.3533020019531,530.4000244140625,535.0,523.0,533.6500244140625,6410434
2020-05-26,414.293212890625,524.0,536.5,520.25,530.0,4055691
2020-05-27,419.7881774902344,530.9500122070312,533.9000244140625,516.0,529.7000122070312,4828798
2020-05-28,429.03857421875,542.6500244140625,546.0,523.0,531.0,4492767
2020-05-29,435.0474548339844,550.25,555.0,536.7000122070312,540.0,7853755
2020-06-01,442.5585021972656,559.75,573.4000244140625,555.5,557.0,4503261
2020-06-02,442.9143371582031,560.2000122070312,567.75,550.0,559.2999877929688,2930058
2020-06-03,444.97003173828125,562.7999877929688,568.4000244140625,557.0,564.0,4202273
2020-06-04,457.7386474609375,578.9500122070312,583.7000122070312,559.0,565.0,5315353
2020-06-05,455.3667907714844,575.9500122070312,587.1500244140625,572.5,585.0,3995824
2020-06-08,457.1852111816406,578.25,583.5,571.0499877929688,579.1500244140625,3771973
2020-06-09,452.9156799316406,572.8499755859375,583.5999755859375,570.0,574.1500244140625,3812291
2020-06-10,457.54107666015625,578.7000122070312,587.5,573.5999755859375,575.0,6491708
2020-06-11,457.027099609375,578.0499877929688,584.9000244140625,574.0999755859375,580.0,4975680
2020-06-12,451.25555419921875,570.75,578.7000122070312,555.2000122070312,555.2000122070312,6624056
2020-06-15,457.7386474609375,578.9500122070312,581.0,563.7000122070312,574.7999877929688,3787100
2020-06-16,459.28045654296875,580.9000244140625,593.5,578.4000244140625,585.0,4728405
2020-06-17,455.2875671386719,575.8499755859375,581.8499755859375,573.0,580.0,3572351
2020-06-18,457.7386474609375,578.9500122070312,583.7999877929688,570.0999755859375,571.2000122070312,1918229
2020-06-19,450.34619140625,569.5999755859375,578.0,567.2000122070312,574.0,6182627
2020-06-22,450.34619140625,569.5999755859375,576.6500244140625,565.4000244140625,575.0,2666273
2020-06-23,458.7663879394531,580.25,583.5,563.75,569.7000122070312,4521803
2020-06-24,442.43988037109375,559.5999755859375,579.7999877929688,554.4000244140625,575.0,5339893
2020-06-25,434.8892822265625,550.0499877929688,560.7000122070312,548.0,557.5999755859375,6353371
2020-06-26,444.6537170410156,562.4000244140625,573.9000244140625,545.0,550.0499877929688,7034875
2020-06-29,437.7751159667969,553.7000122070312,565.9000244140625,550.2999877929688,562.0,3857610
2020-06-30,440.26568603515625,556.8499755859375,560.7999877929688,553.25,558.0,3110587
2020-07-01,436.2333679199219,551.75,559.5999755859375,551.0,557.9500122070312,3004648
2020-07-02,450.03009033203125,569.2000122070312,572.4000244140625,552.9000244140625,555.0,5243652
2020-07-03,457.896728515625,579.1500244140625,580.5499877929688,570.5999755859375,572.0,3735570
2020-07-06,457.54107666015625,578.7000122070312,589.0,577.25,579.1500244140625,3288417
2020-07-07,468.0960693359375,592.0499877929688,594.4500122070312,575.1500244140625,582.0,7255475
2020-07-08,454.5365905761719,574.9000244140625,594.75,573.0,594.75,4625011
2020-07-09,465.091552734375,588.25,591.5999755859375,575.0,575.6500244140625,4807930
2020-07-10,460.3476867675781,582.25,588.5499877929688,579.8499755859375,588.25,2376881
2020-07-13,476.4373474121094,602.5999755859375,605.0,583.3499755859375,585.0,5443990
2020-07-14,467.5425720214844,591.3499755859375,613.75,588.0999755859375,604.5999755859375,6212718
2020-07-15,486.3993225097656,615.2000122070312,627.9500122070312,592.5,593.6500244140625,9928037
2020-07-16,496.32171630859375,627.75,652.2000122070312,607.1500244140625,630.0,20771204
2020-07-17,492.6848449707031,623.1500244140625,644.6500244140625,613.4000244140625,629.5,26830157
2020-07-20,512.8065185546875,648.5999755859375,652.0,626.8499755859375,633.0,10543170
2020-07-21,515.7713623046875,652.3499755859375,662.3499755859375,643.2999877929688,652.0,8801061
2020-07-22,514.0318603515625,650.1500244140625,658.0,643.0999755859375,657.0,3837958
2020-07-23,517.7593383789062,652.8499755859375,656.9500122070312,643.5499877929688,650.0,3172594
2020-07-24,539.251708984375,679.9500122070312,684.7999877929688,640.9000244140625,641.0,12365728
2020-07-27,556.025146484375,701.0999755859375,704.4000244140625,676.5,684.0,11348828
2020-07-28,565.0265502929688,712.4500122070312,716.0499877929688,695.7000122070312,702.0,8469603
2020-07-29,550.7117919921875,694.4000244140625,710.75,692.5,710.0,7142681
2020-07-30,551.5444946289062,695.4500122070312,712.5499877929688,692.6500244140625,698.0,7966760
2020-07-31,559.27685546875,705.2000122070312,716.7000122070312,696.0,701.8499755859375,6322671
2020-08-03,559.871826171875,705.9500122070312,718.0,700.5499877929688,709.0999755859375,5546316
2020-08-04,549.32373046875,692.6500244140625,711.0,687.0499877929688,709.5,6683186
2020-08-05,545.9531860351562,688.4000244140625,702.4000244140625,681.0,692.6500244140625,6052220
2020-08-06,559.0390625,704.9000244140625,707.5999755859375,686.4000244140625,692.0,5132907
2020-08-07,547.4600830078125,690.2999877929688,699.9000244140625,685.0,699.9000244140625,7371589
2020-08-10,548.847900390625,692.0499877929688,694.9500122070312,685.0999755859375,694.9500122070312,3769570
2020-08-11,542.3050537109375,683.7999877929688,700.9500122070312,681.5,694.0,3956468
2020-08-12,568.7144775390625,717.0999755859375,719.0,677.0499877929688,680.5999755859375,13085350
2020-08-13,574.66259765625,724.5999755859375,729.0,713.0499877929688,717.0,8850347
2020-08-14,562.369873046875,709.0999755859375,727.9000244140625,707.25,727.9000244140625,3887203
2020-08-17,570.102294921875,718.8499755859375,720.7999877929688,709.25,711.0999755859375,3344102
2020-08-18,566.6129150390625,714.4500122070312,721.7000122070312,712.4000244140625,718.9500122070312,3634301
2020-08-19,562.964599609375,709.8499755859375,714.2000122070312,705.0,713.7999877929688,4858027
2020-08-20,563.1630249023438,710.0999755859375,715.8499755859375,706.0499877929688,708.5,3025569
2020-08-21,559.8320922851562,705.9000244140625,715.0,702.7000122070312,715.0,4164686
2020-08-24,559.6732788085938,705.7000122070312,708.4500122070312,695.5999755859375,706.0499877929688,4066936
2020-08-25,556.4216918945312,701.5999755859375,711.5499877929688,694.7000122070312,705.0,3982510
2020-08-26,565.30419921875,712.7999877929688,717.75,697.0,704.7000122070312,4511228
2020-08-27,563.2026977539062,710.1500244140625,720.0,706.5,713.5499877929688,3917059
2020-08-28,560.268310546875,706.4500122070312,716.6500244140625,703.2000122070312,713.7000122070312,5416681
2020-08-31,550.7117919921875,694.4000244140625,725.0,686.0,705.0,7786675
2020-09-01,546.9048461914062,689.5999755859375,704.0,682.4000244140625,695.0,6377322
2020-09-02,556.6992797851562,701.9500122070312,704.7999877929688,689.0999755859375,689.9000244140625,4090511
2020-09-03,560.5061645507812,706.75,716.4000244140625,697.5999755859375,704.7999877929688,5467610
2020-09-04,555.7872924804688,700.7999877929688,704.5,692.0499877929688,695.1500244140625,3354824
2020-09-07,562.1320190429688,708.7999877929688,712.4000244140625,689.0499877929688,696.3499755859375,4238823
2020-09-08,575.6934814453125,725.9000244140625,738.9000244140625,703.2000122070312,708.7999877929688,11522742
2020-09-09,572.5608520507812,721.9500122070312,730.9000244140625,710.2000122070312,712.0999755859375,5514179
2020-09-10,572.9177856445312,722.4000244140625,728.9500122070312,713.7999877929688,728.6500244140625,3366359
2020-09-11,572.322998046875,721.6500244140625,734.0,710.1500244140625,712.0,7221661
2020-09-14,632.20751953125,794.9500122070312,825.0999755859375,744.1500244140625,745.0,32312474
2020-09-15,630.4181518554688,792.7000122070312,809.8499755859375,783.0499877929688,791.0499877929688,14024028
2020-09-16,627.6744384765625,789.25,796.2999877929688,779.25,790.0499877929688,7471292
2020-09-17,642.8245239257812,808.2999877929688,817.5,789.5,794.9500122070312,19972637
2020-09-18,644.6535034179688,810.5999755859375,824.0,804.0,808.2999877929688,8847382
2020-09-21,638.29150390625,802.5999755859375,849.9000244140625,793.4500122070312,823.0,24911507
2020-09-22,652.9247436523438,821.0,831.5,790.5499877929688,813.9500122070312,21882919
2020-09-23,647.4370727539062,814.0999755859375,844.7999877929688,810.1500244140625,832.0,18070370
2020-09-24,626.9188842773438,788.2999877929688,811.4500122070312,784.0,811.0,10553627
2020-09-25,658.2529907226562,827.7000122070312,836.0,792.5999755859375,795.25,19813100
2020-09-28,664.2572631835938,835.25,844.75,820.7999877929688,838.4000244140625,11145837
2020-09-29,646.3635864257812,812.75,841.0999755859375,810.2000122070312,837.4000244140625,10554255
2020-09-30,645.4489135742188,811.5999755859375,820.5,807.0999755859375,818.0,9470272
2020-10-01,646.5225830078125,812.9500122070312,820.9500122070312,811.2000122070312,819.9000244140625,4321350
2020-10-05,655.4696044921875,824.2000122070312,839.2000122070312,815.0999755859375,828.7999877929688,11889998
2020-10-06,659.4060668945312,829.1500244140625,834.5,822.7000122070312,830.0,7848500
2020-10-07,658.5313110351562,828.0499877929688,830.5999755859375,823.0,830.0,6980002
2020-10-08,675.6298828125,849.5499877929688,879.0,844.5,857.5,25860257
2020-10-09,680.560546875,855.75,862.5,849.2999877929688,852.9000244140625,7286954
2020-10-12,688.5531005859375,865.7999877929688,871.9500122070312,857.1500244140625,860.7999877929688,8717550
2020-10-13,716.0698852539062,900.4000244140625,906.5999755859375,863.2999877929688,866.2999877929688,18948618
2020-10-14,708.1567993164062,890.4500122070312,910.7000122070312,882.0,904.0,15441198
2020-10-15,683.9407348632812,860.0,903.7000122070312,833.4500122070312,899.9500122070312,15648823
2020-10-16,657.8154907226562,827.1500244140625,877.0,820.5999755859375,859.0,28982990
2020-10-19,671.8124389648438,844.75,861.7000122070312,833.0,839.7999877929688,15671485
2020-10-20,699.5676879882812,879.6500244140625,886.0,843.5999755859375,846.9500122070312,21563969
2020-10-21,692.7283935546875,871.0499877929688,891.6500244140625,860.0,881.0,11161929
2020-10-22,692.0892333984375,866.25,878.0,851.5499877929688,858.9000244140625,9607794
2020-10-23,681.063720703125,852.4500122070312,875.4500122070312,850.5999755859375,871.0,5447267
2020-10-26,677.3485107421875,847.7999877929688,860.9000244140625,842.0499877929688,853.0,6612856
2020-10-27,676.9092407226562,847.25,857.4500122070312,838.7000122070312,848.9500122070312,5807904
2020-10-28,662.8077392578125,829.5999755859375,852.0,821.5999755859375,852.0,6853002
2020-10-29,671.15673828125,840.0499877929688,842.5,818.9500122070312,825.0,6690978
2020-10-30,672.6747436523438,841.9500122070312,859.7000122070312,833.0,842.7999877929688,8727274
2020-11-02,657.055419921875,822.4000244140625,843.8499755859375,819.2000122070312,841.9500122070312,5953172
2020-11-03,650.384033203125,814.0499877929688,832.0,812.3499755859375,828.0,7011687
2020-11-04,651.2628173828125,815.1500244140625,841.75,810.5999755859375,812.2000122070312,10077502
2020-11-05,673.4336547851562,842.9000244140625,851.0999755859375,830.0499877929688,834.0,8903859
2020-11-06,679.1860961914062,850.0999755859375,855.7999877929688,836.4000244140625,846.0,5871913
2020-11-09,683.1010131835938,855.0,872.7999877929688,847.0999755859375,866.7999877929688,7505062
2020-11-10,646.9086303710938,809.7000122070312,848.5,805.75,848.5,10397497
2020-11-11,659.9715576171875,826.0499877929688,829.0,805.3499755859375,813.0,9779484
2020-11-12,658.892822265625,824.7000122070312,837.0,822.0,827.1500244140625,4699639
2020-11-13,661.6092529296875,828.0999755859375,831.4500122070312,818.1500244140625,822.9000244140625,3918289
2020-11-14,663.5267944335938,830.5,834.0,829.0,834.0,475390
2020-11-17,651.14306640625,815.0,837.9500122070312,814.0,837.9500122070312,5977903
2020-11-18,650.5839233398438,814.2999877929688,819.9000244140625,800.25,819.0,5816221
2020-11-19,642.7940063476562,804.5499877929688,820.4500122070312,803.0,815.0,7170339
2020-11-20,654.5384521484375,819.25,823.5,804.0,813.9500122070312,7455575
2020-11-23,670.4776000976562,839.2000122070312,842.0,816.25,825.0,7116516
2020-11-24,671.5162963867188,840.5,857.4000244140625,835.3499755859375,843.9000244140625,8465615
2020-11-25,658.892822265625,824.7000122070312,846.0,822.5,840.5,5610232
2020-11-26,672.754638671875,842.0499877929688,845.0,819.5999755859375,824.0999755859375,8414555
2020-11-27,656.8154907226562,822.0999755859375,847.7999877929688,814.3499755859375,842.0,11723771
2020-12-01,666.4030151367188,834.0999755859375,835.7000122070312,815.0999755859375,824.0,8078785
2020-12-02,673.6336059570312,843.1500244140625,847.4500122070312,831.2999877929688,836.1500244140625,7062229
2020-12-03,688.8534545898438,862.2000122070312,864.0,843.2999877929688,848.5,9633229
2020-12-04,685.8972778320312,858.5,867.8499755859375,854.4500122070312,866.0,5577388
2020-12-07,683.3407592773438,855.2999877929688,859.9500122070312,850.4000244140625,858.0,5314265
2020-12-08,690.1317749023438,863.7999877929688,875.7000122070312,856.0,859.0,8722526
2020-12-09,695.524658203125,870.5499877929688,880.0,864.0999755859375,866.0999755859375,5952003
2020-12-10,692.48876953125,866.75,877.7999877929688,865.0,870.5499877929688,4641898
2020-12-11,688.8934326171875,862.25,881.7999877929688,855.2000122070312,871.0,5637035
2020-12-14,697.4819946289062,873.0,875.6500244140625,858.0999755859375,866.0999755859375,5143894
2020-12-15,707.868408203125,886.0,889.0,870.0,874.7000122070312,7527270
2020-12-16,707.109375,885.0499877929688,892.0,878.4500122070312,886.25,4378179
2020-12-17,702.5553588867188,879.3499755859375,887.0,877.0,887.0,4863371
2020-12-18,711.5835571289062,890.6500244140625,905.0,886.6500244140625,894.75,11568187
2020-12-21,695.4447631835938,870.4500122070312,910.5,850.0,886.6500244140625,8875855
2020-12-22,730.0792846679688,913.7999877929688,919.25,872.0,879.1500244140625,10251896
2020-12-23,737.1100463867188,922.5999755859375,935.0,914.7999877929688,920.0,10723068
2020-12-24,734.513427734375,919.3499755859375,928.25,910.7000122070312,927.9500122070312,4390561
2020-12-28,736.4708251953125,921.7999877929688,927.5,913.5,925.0,3884750
2020-12-29,747.7359619140625,935.9000244140625,945.0,925.25,929.0,6760167
2020-12-30,751.571044921875,940.7000122070312,950.0,931.0,938.0,6382809
2020-12-31,755.9252319335938,946.1500244140625,949.8499755859375,935.0,939.0499877929688,3468390
2021-01-01,759.4006958007812,950.5,955.5,942.0,942.0,3142822
2021-01-04,783.2890014648438,980.4000244140625,984.7000122070312,952.6500244140625,959.0,5259092
2021-01-05,792.0374755859375,991.3499755859375,995.7999877929688,967.2000122070312,967.2000122070312,7150252
2021-01-06,781.5313720703125,978.2000122070312,998.0,966.0999755859375,997.9000244140625,5995748
2021-01-07,769.0280151367188,962.5499877929688,988.2000122070312,959.4000244140625,988.0,5261000
2021-01-08,794.6741333007812,994.6500244140625,1003.5,970.0,974.9000244140625,8034775
2021-01-11,842.9705810546875,1055.0999755859375,1059.050048828125,1008.0,1015.0,13384331
2021-01-12,848.5632934570312,1062.0999755859375,1065.050048828125,1038.699951171875,1052.0,6700542
2021-01-13,843.6495971679688,1055.949951171875,1067.0,1041.0,1064.0,6691409
2021-01-14,821.079345703125,1027.699951171875,1049.0,1006.5999755859375,1049.0,15021108
2021-01-15,790.79931640625,989.7999877929688,1052.8499755859375,984.0,1047.6500244140625,23769415
2021-01-18,784.1680297851562,981.5,1004.9500122070312,976.9000244140625,1000.0,12947569
2021-01-19,786.0455932617188,983.8499755859375,997.0,979.3499755859375,988.0,6387923
2021-01-20,798.3493041992188,999.25,1009.6500244140625,987.5499877929688,991.75,7444118
2021-01-21,796.78515625,993.2999877929688,1020.0,982.9500122070312,1009.0,8857975
2021-01-22,790.7688598632812,985.7999877929688,1004.0,981.4000244140625,991.7000122070312,5379466
2021-01-25,760.0462036132812,947.5,997.0,941.0,997.0,7731883
2021-01-27,766.4635009765625,955.5,963.25,942.5,952.0999755859375,7531736
2021-01-28,749.177001953125,933.9500122070312,952.4000244140625,930.0999755859375,948.7999877929688,6960905
2021-01-29,733.174072265625,914.0,949.5,909.5,941.0,7692663
2021-02-01,744.6847534179688,928.3499755859375,933.75,896.3499755859375,919.0,8651478
2021-02-02,765.7816772460938,954.6500244140625,963.0,935.5499877929688,947.0,7690178
2021-02-03,769.9931030273438,959.9000244140625,973.2999877929688,952.5499877929688,966.0,6354619
2021-02-04,768.188232421875,957.6500244140625,970.4500122070312,950.1500244140625,964.7000122070312,4623148
2021-02-05,758.9633178710938,946.1500244140625,963.9000244140625,940.0499877929688,960.7999877929688,4631703
2021-02-08,768.2683715820312,957.75,964.4000244140625,941.3499755859375,955.0,6509526
2021-02-09,763.3350219726562,951.5999755859375,981.9000244140625,946.5999755859375,965.0,7557977
2021-02-10,769.6318969726562,959.4500122070312,965.0999755859375,946.1500244140625,955.0499877929688,4896963
2021-02-11,778.415771484375,970.4000244140625,972.5,953.0499877929688,959.4500122070312,3745595
2021-02-12,770.39404296875,960.4000244140625,986.5,957.5999755859375,975.0,8045740
2021-02-15,765.7816772460938,954.6500244140625,971.25,950.0999755859375,970.0,4643228
2021-02-16,763.8966674804688,952.2999877929688,962.25,944.0999755859375,957.0,3277086
2021-02-17,756.5968627929688,943.2000122070312,958.4000244140625,941.0,952.0,3643176
2021-02-18,760.5274658203125,948.0999755859375,956.75,938.3499755859375,944.0,5133094
2021-02-19,762.1719360351562,950.1500244140625,958.0,944.4500122070312,950.0,5494816
2021-02-22,738.1071166992188,920.1500244140625,951.4500122070312,916.0499877929688,949.5,5043203
2021-02-23,729.925048828125,909.9500122070312,930.0,906.5499877929688,924.0,5916942
2021-02-24,734.7782592773438,916.0,919.4500122070312,905.5,918.0,3435827
2021-02-25,745.4068603515625,929.25,934.0499877929688,922.1500244140625,925.9000244140625,6234947
2021-02-26,729.52392578125,909.4500122070312,925.0,905.0999755859375,908.0,9198218
2021-03-01,746.2891845703125,930.3499755859375,934.4500122070312,915.6500244140625,916.0,5397960
2021-03-02,765.0595703125,953.75,957.9000244140625,928.5999755859375,933.8499755859375,6715548
2021-03-03,774.2844848632812,965.25,968.0,947.0,965.0,5742015
2021-03-04,768.468994140625,958.0,969.9000244140625,951.3499755859375,952.0,6268541
2021-03-05,755.2333374023438,941.5,972.0,936.2999877929688,956.0999755859375,5992152
2021-03-08,771.5972900390625,961.9000244140625,973.0,944.0,952.5,5621823
2021-03-09,780.6216430664062,973.1500244140625,976.9000244140625,949.0999755859375,964.0999755859375,5440319
2021-03-10,792.9347534179688,988.5,995.0999755859375,979.7000122070312,985.7000122070312,7694950
2021-03-12,785.5147094726562,979.25,1002.7999877929688,973.5999755859375,988.5,6447010
2021-03-15,796.023193359375,992.3499755859375,994.3499755859375,967.3499755859375,977.5,5321071
2021-03-16,807.9752197265625,1007.25,1018.7999877929688,990.4500122070312,993.0,8094575
2021-03-17,792.0923461914062,987.4500122070312,1023.9000244140625,982.7000122070312,1012.0,6758901
2021-03-18,760.2467651367188,947.75,999.75,932.4000244140625,995.0,8269566
2021-03-19,770.4342041015625,960.4500122070312,969.0,937.7000122070312,950.0,9004154
2021-03-22,785.1135864257812,978.75,982.4500122070312,944.5999755859375,960.4500122070312,4745254
2021-03-23,786.7982177734375,980.8499755859375,992.9000244140625,971.7999877929688,983.6500244140625,5158305
2021-03-24,782.626953125,975.6500244140625,984.75,965.7999877929688,971.0499877929688,3874331
2021-03-25,767.706787109375,957.0499877929688,974.5,950.0,970.0,4879437
2021-03-26,768.9099731445312,958.5499877929688,975.0,953.7999877929688,965.0,4271178
2021-03-30,798.79052734375,995.7999877929688,1000.7999877929688,964.4500122070312,965.0,5475000
2021-03-31,788.2421875,982.6500244140625,1000.0,978.6500244140625,1000.0,4445140
2021-04-01,804.2451171875,1002.5999755859375,1013.5,990.5999755859375,992.0,5269079
2021-04-05,829.0319213867188,1033.5,1040.0,1002.5999755859375,1007.0,9452833
2021-04-06,824.94091796875,1028.4000244140625,1040.5999755859375,1020.25,1039.0,4260257
2021-04-07,831.999755859375,1037.199951171875,1045.0,1024.699951171875,1031.0,3551106
2021-04-08,832.2405395507812,1037.5,1054.4000244140625,1031.6500244140625,1044.0,4852068
2021-04-09,838.5775146484375,1045.4000244140625,1054.800048828125,1034.1500244140625,1042.0999755859375,3708082
2021-04-12,809.699951171875,1009.4000244140625,1042.949951171875,1001.2000122070312,1042.949951171875,5976427
2021-04-13,788.8438720703125,983.4000244140625,1020.7999877929688,972.2000122070312,1012.5,7773994
2021-04-15,795.662109375,991.9000244140625,994.7000122070312,958.75,968.0,7430279
2021-04-16,812.38720703125,1012.75,1016.7999877929688,994.5,1000.0,4677808
2021-04-19,797.8279418945312,994.5999755859375,1028.449951171875,987.8499755859375,996.0,6239343
2021-04-20,771.115966796875,961.2999877929688,1006.0,957.0,1006.0,9742418
2021-04-22,771.5972900390625,961.9000244140625,971.9000244140625,955.2999877929688,966.0,4970596
2021-04-23,766.5838012695312,955.6500244140625,974.8499755859375,950.2000122070312,964.0,6023490
2021-04-26,745.0457763671875,928.7999877929688,954.5,923.0499877929688,940.0,19619972
2021-04-27,745.0859985351562,928.8499755859375,938.5499877929688,923.4000244140625,931.0,6406825
2021-04-28,741.034912109375,923.7999877929688,935.8499755859375,921.75,931.2000122070312,6845677
2021-04-29,742.463623046875,909.5499877929688,929.7000122070312,907.0999755859375,929.7000122070312,8588734
2021-04-30,733.8106689453125,898.9500122070312,915.0,895.4000244140625,905.0,10921664
2021-05-03,740.9534301757812,907.7000122070312,910.4500122070312,891.0,898.75,6871176
2021-05-04,735.4434814453125,900.9500122070312,915.0,899.25,910.0,6217026
2021-05-05,742.341064453125,909.4000244140625,910.7999877929688,900.5999755859375,903.9500122070312,2696835
2021-05-06,747.7286987304688,916.0,923.9000244140625,901.25,912.0,6319104
2021-05-07,748.05517578125,916.4000244140625,921.4000244140625,913.7000122070312,918.0,3651558
2021-05-10,746.0552978515625,913.9500122070312,921.5999755859375,910.2000122070312,918.0499877929688,4029147
2021-05-11,740.6268920898438,907.2999877929688,912.4500122070312,905.0999755859375,908.5,3818154
2021-05-12,739.6473388671875,906.0999755859375,908.9500122070312,895.0,906.1500244140625,4076940
2021-05-14,743.1165161132812,910.3499755859375,912.0,896.5,909.0,5184569
2021-05-17,752.7489624023438,922.1500244140625,927.2000122070312,910.0999755859375,914.5999755859375,7956551
2021-05-18,760.4629516601562,931.5999755859375,939.5,924.5,928.0,5913426
2021-05-19,760.2996826171875,931.4000244140625,941.0,925.1500244140625,928.0,4178834
2021-05-20,754.5855712890625,924.4000244140625,934.7999877929688,922.0499877929688,932.0,4753782
2021-05-21,759.6874389648438,930.6500244140625,934.6500244140625,923.0,925.5,4161547
2021-05-24,761.4424438476562,932.7999877929688,939.0,927.7000122070312,931.5,4191877
2021-05-25,767.8095092773438,940.5999755859375,943.7999877929688,935.1500244140625,938.0,5032874
2021-05-26,772.0543823242188,945.7999877929688,948.9500122070312,932.5499877929688,940.0,5017674
2021-05-27,769.2789306640625,942.4000244140625,956.9000244140625,938.0999755859375,949.0,9078274
2021-05-28,769.4013671875,942.5499877929688,949.75,937.4000244140625,940.0499877929688,4098094
2021-05-31,771.5645141601562,945.2000122070312,947.8499755859375,932.5999755859375,941.5499877929688,4171524
2021-06-01,776.0540771484375,950.7000122070312,952.0,942.0499877929688,948.0,2944472
2021-06-02,770.3809814453125,943.75,950.7000122070312,937.5999755859375,947.0,3657189
2021-06-03,766.870849609375,939.4500122070312,949.7999877929688,937.0,945.0,4164240
2021-06-04,764.5034790039062,936.5499877929688,944.2000122070312,934.75,940.0999755859375,3550303
2021-06-07,775.1564331054688,949.5999755859375,951.9500122070312,937.0999755859375,939.0,3282517
2021-06-08,789.523193359375,967.2000122070312,972.0,951.4500122070312,952.0,6385642
2021-06-09,792.8699340820312,971.2999877929688,985.0,965.0999755859375,973.9000244140625,5521459
2021-06-10,790.6251831054688,968.5499877929688,981.6500244140625,966.5499877929688,979.5,3878256
2021-06-11,802.7063598632812,983.3499755859375,990.0,970.5,976.0,4777035
2021-06-14,803.4002685546875,984.2000122070312,988.4500122070312,976.0,983.0,2236373
2021-06-15,804.4204711914062,985.4500122070312,993.0,983.2000122070312,985.0999755859375,2559001
2021-06-16,799.4819946289062,979.4000244140625,986.0,974.0,984.0499877929688,3138753
2021-06-17,805.1961059570312,986.4000244140625,988.9500122070312,978.5499877929688,980.0,3609989
2021-06-18,796.0942993164062,975.25,996.7000122070312,970.0999755859375,990.0,5622783
2021-06-21,801.6044311523438,982.0,983.4500122070312,961.25,968.0,1639495
2021-06-22,800.0531616210938,980.0999755859375,988.2000122070312,976.25,982.0999755859375,2529648
2021-06-23,794.1759643554688,972.9000244140625,985.0,971.0,985.0,2395543
2021-06-24,807.8897705078125,989.7000122070312,994.5999755859375,969.0999755859375,972.0,4686567
2021-06-25,812.7466430664062,995.6500244140625,1010.0,989.25,995.0,5196000
2021-06-28,804.298095703125,985.2999877929688,1000.0,984.2000122070312,1000.0,1844159
2021-06-29,802.9103393554688,983.5999755859375,993.9000244140625,980.5,986.9500122070312,1895170
2021-06-30,802.8287353515625,983.5,991.4500122070312,981.0,981.0,2682591
2021-07-01,804.4612426757812,985.5,988.0,975.1500244140625,987.0,2861509
2021-07-02,803.767578125,984.6500244140625,987.5999755859375,977.25,983.5499877929688,1646631
2021-07-05,799.767578125,979.75,995.9000244140625,978.0,991.7000122070312,2598033
2021-07-06,793.4821166992188,972.0499877929688,982.2000122070312,970.2000122070312,980.0,2486069
2021-07-07,796.1759033203125,975.3499755859375,977.5999755859375,960.2999877929688,970.0,3014899
2021-07-08,797.3595581054688,976.7999877929688,982.0,970.0,975.0,2555624
2021-07-09,797.4004516601562,976.8499755859375,979.5,966.5999755859375,972.0,3218471
2021-07-12,799.5226440429688,979.4500122070312,983.0499877929688,975.0,980.0,2037878
2021-07-13,790.13525390625,967.9500122070312,983.0,964.0,983.0,2997764
2021-07-14,807.6857299804688,989.4500122070312,992.9500122070312,968.0999755859375,968.25,4371180
2021-07-15,848.7455444335938,1039.75,1052.5,990.7999877929688,993.0,12701032
2021-07-16,820.3790283203125,1005.0,1048.75,998.0499877929688,1044.9000244140625,8665827
2021-07-19,816.4609375,1000.2000122070312,1018.2999877929688,992.5,1005.0,4644600
2021-07-20,797.6861572265625,977.2000122070312,1012.2000122070312,969.3499755859375,999.0,10216774
2021-07-22,798.828857421875,978.5999755859375,981.5,970.0,970.0,6156400
2021-07-23,811.3998413085938,994.0,1003.9000244140625,982.5999755859375,984.7000122070312,5265839
2021-07-26,816.54248046875,1000.2999877929688,1004.0,987.25,994.0,2477027
2021-07-27,814.653564453125,992.0,1002.2000122070312,983.8499755859375,1000.0,2883514
2021-07-28,807.3446655273438,983.0999755859375,995.9500122070312,977.2999877929688,995.0,2952249
2021-07-29,827.4649047851562,1007.5999755859375,1009.0,985.5499877929688,985.5499877929688,4732101
2021-07-30,841.7130126953125,1024.949951171875,1049.949951171875,1009.9000244140625,1013.0,9330054
2021-08-02,850.2947998046875,1035.4000244140625,1039.0,1023.0499877929688,1034.0,2536478
2021-08-03,853.62060546875,1039.449951171875,1042.949951171875,1024.0,1030.0,3359006
2021-08-04,854.0313720703125,1039.949951171875,1047.75,1034.5999755859375,1041.0999755859375,3122161
2021-08-05,871.44140625,1061.1500244140625,1073.0,1033.699951171875,1040.0,7896314
2021-08-06,862.2435302734375,1049.949951171875,1070.0,1043.0,1061.1500244140625,11584782
2021-08-09,862.7365112304688,1050.550048828125,1066.75,1043.5,1057.800048828125,6321578
2021-08-10,873.5354614257812,1063.699951171875,1072.300048828125,1048.0,1052.5,5871606
2021-08-11,876.204345703125,1066.949951171875,1079.0,1057.1500244140625,1070.949951171875,5011239
2021-08-12,900.4715576171875,1096.5,1101.1500244140625,1068.0,1071.0,6540144
2021-08-13,919.3185424804688,1119.449951171875,1123.949951171875,1090.199951171875,1099.0,7270809
2021-08-16,922.7677001953125,1123.6500244140625,1129.3499755859375,1114.3499755859375,1120.949951171875,3159376
2021-08-17,938.6173706054688,1142.949951171875,1151.949951171875,1112.550048828125,1119.25,5295838
2021-08-18,931.4729614257812,1134.25,1157.9000244140625,1131.5999755859375,1157.9000244140625,4871006
2021-08-20,917.5941162109375,1117.3499755859375,1140.75,1107.199951171875,1107.5,3467046
2021-08-23,955.1649780273438,1163.0999755859375,1178.199951171875,1126.050048828125,1129.0,9383780
2021-08-24,946.78857421875,1152.9000244140625,1173.0,1150.0,1167.949951171875,3947317
2021-08-25,947.9794311523438,1154.3499755859375,1169.9000244140625,1140.300048828125,1159.9000244140625,3447912
2021-08-26,958.7374267578125,1167.449951171875,1172.0,1155.0,1159.9000244140625,4654833
2021-08-27,955.0420532226562,1162.949951171875,1169.75,1159.5,1167.449951171875,3050466
2021-08-30,955.4114990234375,1163.4000244140625,1170.3499755859375,1154.550048828125,1164.0,2956868
2021-08-31,970.9325561523438,1182.300048828125,1193.4000244140625,1162.050048828125,1166.0,7199002
2021-09-01,956.4381103515625,1164.6500244140625,1190.5,1161.75,1190.0,3200410
2021-09-02,963.0899658203125,1172.75,1182.0,1154.0,1172.0,5224479
2021-09-03,964.7321166992188,1174.75,1180.5999755859375,1158.25,1173.5,4533364
2021-09-06,985.59130859375,1200.1500244140625,1210.0999755859375,1174.0,1175.0,4331916
2021-09-07,970.8504028320312,1182.199951171875,1214.949951171875,1180.0999755859375,1214.0,3721585
2021-09-08,976.2705078125,1188.800048828125,1191.1500244140625,1167.050048828125,1185.0,3118518
2021-09-09,984.2772827148438,1198.550048828125,1204.949951171875,1183.0,1192.0,3388292
2021-09-13,992.3665161132812,1208.4000244140625,1215.0,1176.449951171875,1192.0,3723138
2021-09-14,1017.208251953125,1238.6500244140625,1240.5999755859375,1207.0,1216.0,5593286
2021-09-15,1045.6229248046875,1273.25,1288.949951171875,1230.25,1238.6500244140625,6063895
2021-09-16,1037.287353515625,1263.0999755859375,1295.300048828125,1255.199951171875,1287.199951171875,3616292
2021-09-17,1037.451904296875,1263.300048828125,1281.0,1258.5,1265.0,4817180
2021-09-20,1048.0045166015625,1276.1500244140625,1298.800048828125,1250.0,1258.0,5453683
2021-09-21,1067.179931640625,1299.5,1315.0,1277.0,1289.0,4645597
2021-09-22,1080.319580078125,1315.5,1328.6500244140625,1299.5999755859375,1300.0,5367303
2021-09-23,1090.831298828125,1328.300048828125,1336.449951171875,1313.9000244140625,1326.8499755859375,3037295
2021-09-24,1115.3857421875,1358.199951171875,1377.75,1337.0,1340.0,7951730
2021-09-27,1063.648681640625,1295.199951171875,1367.949951171875,1290.050048828125,1366.0,7653504
2021-09-28,1042.133056640625,1269.0,1304.949951171875,1254.0,1304.949951171875,8572321
2021-09-29,1052.1513671875,1281.199951171875,1301.449951171875,1258.800048828125,1270.0,4639821
2021-09-30,1050.7967529296875,1279.550048828125,1291.449951171875,1268.8499755859375,1291.449951171875,3589722
2021-10-01,1046.0335693359375,1273.75,1284.0,1260.6500244140625,1274.0,3372796
2021-10-04,1050.057373046875,1278.6500244140625,1293.5999755859375,1273.75,1281.5,2706626
2021-10-05,1071.819580078125,1305.1500244140625,1313.5999755859375,1262.199951171875,1270.0,3710314
2021-10-06,1047.4295654296875,1275.449951171875,1319.8499755859375,1271.800048828125,1312.0,2861608
2021-10-07,1072.7642822265625,1306.300048828125,1317.8499755859375,1284.050048828125,1284.050048828125,2421641
2021-10-08,1085.7808837890625,1322.1500244140625,1338.0,1294.050048828125,1306.300048828125,5197831
2021-10-11,1069.97216796875,1302.9000244140625,1324.9000244140625,1235.6500244140625,1300.0,5264998
2021-10-12,1026.81689453125,1250.3499755859375,1309.0,1236.300048828125,1306.949951171875,12811641
2021-10-13,1039.1351318359375,1265.3499755859375,1270.800048828125,1243.449951171875,1263.0,5705730
2021-10-14,1027.4736328125,1251.1500244140625,1293.25,1244.050048828125,1289.4000244140625,10360519
2021-10-18,1003.0424194335938,1221.4000244140625,1272.5,1215.0,1240.0,23861603
2021-10-19,1011.8294067382812,1232.0999755859375,1253.0,1225.0,1230.0,10189780
2021-10-20,1012.486572265625,1232.9000244140625,1263.4000244140625,1220.4000244140625,1239.0,8222562
2021-10-21,1002.3854370117188,1210.699951171875,1238.9000244140625,1189.0,1238.9000244140625,5998795
2021-10-22,988.55908203125,1194.0,1223.3499755859375,1186.0,1203.25,3812305
2021-10-25,964.8800659179688,1165.4000244140625,1190.0,1157.1500244140625,1184.050048828125,6690819
2021-10-26,966.0393676757812,1166.800048828125,1182.0,1153.25,1170.0,5126660
2021-10-27,974.6083374023438,1177.1500244140625,1181.3499755859375,1161.5,1170.0,3536653
2021-10-28,953.78564453125,1152.0,1185.0,1146.800048828125,1183.300048828125,4096585
2021-10-29,946.955078125,1143.75,1173.0,1138.0,1152.0,3558520
2021-11-01,984.5851440429688,1189.199951171875,1191.449951171875,1143.5,1143.5,4511112
2021-11-02,969.2267456054688,1170.6500244140625,1195.0999755859375,1168.8499755859375,1191.0,3016082
2021-11-03,973.9459228515625,1176.3499755859375,1187.699951171875,1171.699951171875,1175.0,2063067
2021-11-04,979.5344848632812,1183.0999755859375,1187.1500244140625,1178.0,1185.0,256369
2021-11-08,979.3272094726562,1182.8499755859375,1192.800048828125,1168.550048828125,1187.449951171875,3808317
2021-11-09,971.0065307617188,1172.800048828125,1191.0,1170.449951171875,1188.0,3565461
2021-11-10,967.9849243164062,1169.1500244140625,1175.0,1162.0999755859375,1164.0,2401325
2021-11-11,960.988525390625,1160.699951171875,1167.800048828125,1152.25,1166.0,2861259
2021-11-12,970.6338500976562,1172.3499755859375,1178.1500244140625,1163.0,1168.9000244140625,3812518
2021-11-15,969.3922729492188,1170.8499755859375,1181.5999755859375,1163.5,1171.0,3619915
2021-11-16,963.2241821289062,1163.4000244140625,1175.5,1160.449951171875,1170.9000244140625,3141207
2021-11-17,954.1582641601562,1152.449951171875,1164.75,1150.0,1160.5,3172985
2021-11-18,927.45703125,1120.199951171875,1155.0,1113.5,1148.0,5384530
2021-11-22,919.0948486328125,1110.0999755859375,1125.8499755859375,1102.0,1120.199951171875,3961223
2021-11-23,921.1646118164062,1112.5999755859375,1120.0,1090.0,1105.0,4545069
2021-11-24,926.8361206054688,1119.449951171875,1132.6500244140625,1112.949951171875,1120.0,2675632
2021-11-25,931.2657470703125,1124.800048828125,1131.0,1111.0,1116.5,3106454
2021-11-26,919.0535278320312,1110.050048828125,1126.0,1103.300048828125,1120.0,2207274
2021-11-29,938.1790771484375,1133.1500244140625,1145.0,1100.0999755859375,1101.0999755859375,3661152
2021-11-30,942.732666015625,1138.6500244140625,1157.9000244140625,1133.0,1133.0,7421904
2021-12-01,957.6769409179688,1156.699951171875,1163.0,1145.199951171875,1146.0,2918586
2021-12-02,980.8590087890625,1184.699951171875,1186.4000244140625,1153.0,1161.9000244140625,4011279
2021-12-03,969.8474731445312,1171.4000244140625,1189.699951171875,1169.6500244140625,1188.0,2571036
2021-12-06,940.9938354492188,1136.550048828125,1172.6500244140625,1134.8499755859375,1169.9000244140625,2493755
2021-12-07,951.8399047851562,1149.6500244140625,1155.0,1131.4000244140625,1150.0,2299958
2021-12-08,970.0130615234375,1171.5999755859375,1181.5999755859375,1157.050048828125,1157.4000244140625,2525711
2021-12-09,967.4879760742188,1168.550048828125,1179.800048828125,1155.0,1179.800048828125,1734844
2021-12-10,962.23046875,1162.199951171875,1167.0,1155.199951171875,1155.199951171875,957733
2021-12-13,959.6639404296875,1159.0999755859375,1173.449951171875,1153.25,1166.0,2225682
2021-12-14,962.3545532226562,1162.3499755859375,1165.9000244140625,1145.5,1156.0,1972685
2021-12-15,951.2188720703125,1148.9000244140625,1161.949951171875,1142.300048828125,1158.25,1604301
2021-12-16,960.2020874023438,1159.75,1167.9000244140625,1149.550048828125,1156.0,2121810
2021-12-17,969.8474731445312,1171.4000244140625,1182.9000244140625,1165.0,1172.0,6373455
2021-12-20,960.3262939453125,1159.9000244140625,1172.3499755859375,1145.5,1160.0,3091768
2021-12-21,997.6660766601562,1205.0,1214.949951171875,1165.050048828125,1168.9000244140625,6217986
2021-12-22,1012.403564453125,1222.800048828125,1226.0,1210.0999755859375,1218.0,3809814
2021-12-23,1016.25341796875,1227.449951171875,1230.699951171875,1215.5999755859375,1229.9000244140625,2814281
2021-12-24,1047.50830078125,1265.199951171875,1283.800048828125,1246.1500244140625,1262.1500244140625,15952929
2021-12-27,1049.1639404296875,1267.199951171875,1277.0,1254.050048828125,1268.0,3372907
2021-12-28,1062.99072265625,1283.9000244140625,1289.0,1270.0,1270.0,3446067
2021-12-29,1069.614501953125,1291.9000244140625,1299.0,1277.0999755859375,1283.0,2254162
2021-12-30,1090.4373779296875,1317.050048828125,1326.449951171875,1282.699951171875,1291.9000244140625,4518139
2021-12-31,1092.134033203125,1319.0999755859375,1329.449951171875,1308.949951171875,1320.0,2231508
2022-01-03,1097.9710693359375,1326.1500244140625,1339.9000244140625,1314.0999755859375,1316.3499755859375,2661272
2022-01-04,1104.0150146484375,1333.449951171875,1336.699951171875,1307.25,1329.5,3367100
2022-01-05,1085.220947265625,1310.75,1330.0,1302.0,1329.0,3510253
2022-01-06,1063.81884765625,1284.9000244140625,1297.800048828125,1277.0,1290.0,4409632
2022-01-07,1068.4967041015625,1290.550048828125,1298.5,1282.199951171875,1297.550048828125,3898684
2022-01-10,1066.4678955078125,1288.0999755859375,1304.8499755859375,1280.0,1304.8499755859375,2529949
2022-01-11,1112.4599609375,1343.6500244140625,1348.0,1280.0,1288.6500244140625,6772189
2022-01-12,1119.4976806640625,1352.1500244140625,1357.0999755859375,1331.4000244140625,1354.0,3162044
2022-01-13,1104.6773681640625,1334.25,1359.4000244140625,1321.1500244140625,1340.0,4598005
2022-01-14,1107.119873046875,1337.199951171875,1342.949951171875,1293.0,1320.0,5636243
2022-01-17,1042.16796875,1258.75,1273.0,1243.4000244140625,1273.0,11973283
2022-01-18,1009.8785400390625,1219.75,1269.949951171875,1217.0,1269.949951171875,7799487
2022-01-19,992.8642578125,1199.199951171875,1220.5,1191.0,1220.0,8464215
2022-01-20,981.3008422851562,1175.3499755859375,1201.4000244140625,1170.0,1200.0,6172404
2022-01-21,975.12255859375,1167.949951171875,1179.8499755859375,1155.0,1175.3499755859375,5514748
2022-01-24,939.1799926757812,1124.9000244140625,1164.5,1111.0,1162.5,5878438
2022-01-25,938.1783447265625,1123.699951171875,1139.6500244140625,1088.4000244140625,1115.0,4725254
2022-01-27,899.8145751953125,1077.75,1115.949951171875,1070.199951171875,1115.0,8304735
2022-01-28,902.0686645507812,1080.449951171875,1102.199951171875,1077.25,1079.0,7654724
2022-01-31,917.89013671875,1099.4000244140625,1113.949951171875,1092.8499755859375,1100.6500244140625,7572995
2022-02-01,945.7760009765625,1132.800048828125,1136.5,1101.25,1116.699951171875,6783774
2022-02-02,977.627197265625,1170.949951171875,1173.8499755859375,1133.300048828125,1142.9000244140625,6982539
2022-02-03,965.7716674804688,1156.75,1170.8499755859375,1151.0,1162.0,4169794
2022-02-04,971.6578979492188,1163.800048828125,1167.0999755859375,1137.3499755859375,1160.0,3625482
2022-02-07,966.2725219726562,1157.3499755859375,1171.3499755859375,1146.0,1157.0,3824483
2022-02-08,970.1131591796875,1161.949951171875,1169.8499755859375,1148.550048828125,1158.949951171875,3267641
2022-02-09,985.9345092773438,1180.9000244140625,1189.0,1166.0,1172.0,3772972
2022-02-10,993.8240966796875,1190.3499755859375,1191.9000244140625,1174.0999755859375,1184.949951171875,2053245
2022-02-11,971.5743408203125,1163.699951171875,1179.0,1158.050048828125,1179.0,3912397
2022-02-14,957.1721801757812,1146.449951171875,1164.3499755859375,1133.5999755859375,1135.3499755859375,3243813
2022-02-15,975.6234741210938,1168.550048828125,1174.0,1148.0999755859375,1153.5,3000492
2022-02-16,974.9973754882812,1167.800048828125,1182.6500244140625,1160.0,1178.0,1885868
2022-02-17,971.0316162109375,1163.050048828125,1174.0,1160.0,1174.0,1644055
2022-02-18,972.659912109375,1165.0,1170.0999755859375,1150.0999755859375,1152.8499755859375,2166690
2022-02-21,972.45068359375,1164.75,1169.5,1150.199951171875,1153.0999755859375,1706058
2022-02-22,959.76025390625,1149.550048828125,1154.1500244140625,1132.0,1132.0,3254855
2022-02-23,962.6410522460938,1153.0,1159.0,1148.050048828125,1156.0,1937649
2022-02-24,917.1804809570312,1098.550048828125,1134.949951171875,1092.0,1106.0,5469084
2022-02-25,943.1876831054688,1129.699951171875,1141.0,1115.0,1115.5999755859375,3213276
2022-02-28,940.8917236328125,1126.949951171875,1133.300048828125,1107.0,1119.5999755859375,4571884
2022-03-02,931.3739013671875,1115.550048828125,1124.6500244140625,1109.0,1124.6500244140625,3867328
2022-03-03,951.53662109375,1139.699951171875,1152.0,1120.5,1125.0,3969380
2022-03-04,950.4930419921875,1138.449951171875,1154.8499755859375,1122.6500244140625,1128.0,3522375
2022-03-07,963.6427612304688,1154.199951171875,1161.4000244140625,1110.5,1111.0,5249845
2022-03-08,981.2592163085938,1175.300048828125,1179.5999755859375,1155.0,1156.0,3805165
2022-03-09,987.4371337890625,1182.699951171875,1195.0,1161.0999755859375,1180.0,3781326
2022-03-10,995.3271484375,1192.1500244140625,1198.199951171875,1175.0,1198.199951171875,3834327
2022-03-11,996.4125366210938,1193.449951171875,1207.1500244140625,1176.300048828125,1180.0,2770879
2022-03-14,1004.2606811523438,1202.8499755859375,1214.800048828125,1177.6500244140625,1193.449951171875,5740660
2022-03-15,982.55322265625,1176.8499755859375,1214.300048828125,1168.0999755859375,1207.0,3003066
2022-03-16,1001.4637451171875,1199.5,1202.949951171875,1185.0,1190.1500244140625,1894018
2022-03-17,999.2931518554688,1196.9000244140625,1215.0,1190.800048828125,1215.0,6987787
2022-03-21,975.2061767578125,1168.050048828125,1209.9000244140625,1165.0999755859375,1199.9000244140625,4046440
2022-03-22,982.1775512695312,1176.4000244140625,1181.75,1162.300048828125,1170.0,4516870
2022-03-23,985.767578125,1180.699951171875,1190.8499755859375,1170.0,1190.0,2338886
2022-03-24,995.2853393554688,1192.0999755859375,1194.0,1169.0,1169.0,2351703
2022-03-25,984.6405029296875,1179.3499755859375,1199.0,1175.4000244140625,1199.0,2489854
2022-03-28,971.7828369140625,1163.949951171875,1187.5999755859375,1158.199951171875,1184.9000244140625,3406258
2022-03-29,974.9140625,1167.699951171875,1175.0,1163.6500244140625,1167.0,2443230
2022-03-30,972.8264770507812,1165.199951171875,1181.949951171875,1162.0999755859375,1177.3499755859375,3073672
2022-03-31,971.6159057617188,1163.75,1174.800048828125,1161.0,1174.800048828125,3006639
2022-04-01,976.5419921875,1169.6500244140625,1174.0,1152.050048828125,1161.0,2479745
2022-04-04,991.0691528320312,1187.050048828125,1188.949951171875,1168.0,1173.199951171875,2282137
2022-04-05,998.0823974609375,1195.449951171875,1203.0,1184.0999755859375,1190.0,2634464
2022-04-06,977.2516479492188,1170.5,1194.9000244140625,1167.5,1190.0,2838968
2022-04-07,979.5894775390625,1173.300048828125,1180.75,1163.0,1165.5999755859375,3391918
2022-04-08,972.9517211914062,1165.3499755859375,1180.0,1162.550048828125,1179.0,2656091
2022-04-11,946.3602905273438,1133.5,1164.0,1131.75,1164.0,5679058
2022-04-12,944.3983154296875,1131.1500244140625,1141.699951171875,1119.550048828125,1129.800048828125,2906617
2022-04-13,939.3469848632812,1125.0999755859375,1143.0999755859375,1123.0,1135.0,1971580
2022-04-18,919.8522338867188,1101.75,1112.75,1084.5999755859375,1110.0,4391701
2022-04-19,893.5526733398438,1070.25,1115.949951171875,1058.75,1115.9000244140625,3422431
2022-04-20,909.5413208007812,1089.4000244140625,1094.800048828125,1064.699951171875,1075.0,2573318
2022-04-21,917.72314453125,1099.199951171875,1105.050048828125,1081.0999755859375,1095.0,2547848
2022-04-22,920.1027221679688,1102.050048828125,1134.949951171875,1081.0999755859375,1086.5999755859375,9567571
2022-04-25,909.9168701171875,1089.8499755859375,1098.0,1077.300048828125,1096.9000244140625,3565801
2022-04-26,913.63232421875,1094.300048828125,1107.0,1085.050048828125,1104.0,3213714
2022-04-27,914.7173461914062,1095.5999755859375,1099.9000244140625,1074.5999755859375,1087.0,3288792
2022-04-28,927.3653564453125,1092.5,1102.300048828125,1073.300048828125,1092.0,5202061
2022-04-29,916.1180419921875,1079.25,1100.5,1074.3499755859375,1094.0,2988180
2022-05-02,905.6348876953125,1066.9000244140625,1082.0,1062.0,1073.0,2584604
2022-05-04,887.0025634765625,1044.949951171875,1076.0,1035.800048828125,1075.9000244140625,3385725
2022-05-05,910.00634765625,1072.050048828125,1075.199951171875,1047.0999755859375,1059.0,2982126
2022-05-06,891.4590454101562,1050.199951171875,1056.6500244140625,1028.949951171875,1049.9000244140625,4075606
2022-05-09,913.4441528320312,1076.0999755859375,1082.9000244140625,1034.0999755859375,1044.0,4207192
2022-05-10,910.4308471679688,1072.550048828125,1085.0,1066.5999755859375,1073.0,2473518
2022-05-11,900.5419311523438,1060.9000244140625,1079.300048828125,1054.050048828125,1069.0,2895668
2022-05-12,899.2684936523438,1059.4000244140625,1070.949951171875,1043.75,1050.0999755859375,3195189
2022-05-13,893.1143798828125,1052.1500244140625,1078.0,1045.0999755859375,1070.0,2496626
2022-05-16,886.6632080078125,1044.550048828125,1066.949951171875,1040.199951171875,1054.0,1415370
2022-05-17,919.2163696289062,1082.9000244140625,1086.0,1045.3499755859375,1058.199951171875,2620776
2022-05-18,911.4067993164062,1073.699951171875,1097.3499755859375,1070.800048828125,1083.550048828125,2865869
2022-05-19,856.8262939453125,1009.4000244140625,1058.300048828125,1004.5999755859375,1055.0999755859375,4729354
2022-05-20,873.3363037109375,1028.8499755859375,1034.5,1016.7999877929688,1029.0,2005622
2022-05-23,864.3809814453125,1018.2999877929688,1037.0,1014.75,1023.0,2285466
2022-05-24,841.8440551757812,991.75,1022.4000244140625,987.0,1022.0499877929688,3418456
2022-05-25,827.1589965820312,974.4500122070312,992.7999877929688,963.0,992.0,3904551
2022-05-26,832.4642944335938,980.7000122070312,986.0,969.0499877929688,977.0,4278059
2022-05-27,852.1575927734375,1003.9000244140625,1010.4500122070312,989.0,989.0,2795530
2022-05-30,882.7160034179688,1039.9000244140625,1053.3499755859375,1015.6500244140625,1019.0,3562969
2022-05-31,883.4375610351562,1040.75,1045.800048828125,1020.4500122070312,1045.0,5185485
2022-06-01,864.0413818359375,1017.9000244140625,1045.449951171875,1011.5499877929688,1040.75,2554081
2022-06-02,882.5462646484375,1039.699951171875,1048.9000244140625,1007.2999877929688,1011.4000244140625,3560227
2022-06-03,885.3474731445312,1043.0,1069.6500244140625,1040.199951171875,1053.949951171875,3556955
2022-06-06,880.5090942382812,1037.300048828125,1047.3499755859375,1021.1500244140625,1038.0,1997494
2022-06-07,868.28564453125,1022.9000244140625,1033.75,1013.1500244140625,1030.0,1839248
2022-06-08,874.482177734375,1030.199951171875,1033.800048828125,1016.0,1023.0999755859375,1665512
2022-06-09,873.1665649414062,1028.6500244140625,1031.699951171875,1011.7000122070312,1024.949951171875,1654005
2022-06-10,861.876708984375,1015.3499755859375,1023.75,1008.2000122070312,1012.0,2260855
2022-06-13,841.8863525390625,991.7999877929688,1002.0,982.5,996.0,1738804
2022-06-14,846.2156372070312,996.9000244140625,1000.9500122070312,978.1500244140625,988.0,2461791
2022-06-15,840.2737426757812,989.9000244140625,1007.0,988.0,989.0,2408630
2022-06-16,819.0948486328125,964.9500122070312,1007.0,961.6500244140625,1007.0,3198618
2022-06-17,813.8321533203125,958.75,963.1500244140625,944.0499877929688,952.4000244140625,4302066
2022-06-20,814.9356079101562,960.0499877929688,966.0,952.0999755859375,965.0,1305407
2022-06-21,837.4725341796875,986.5999755859375,999.9000244140625,963.6500244140625,971.7000122070312,2128325
2022-06-22,815.9965209960938,961.2999877929688,979.0,959.1500244140625,977.9500122070312,2575065
2022-06-23,824.4427490234375,971.25,977.5,958.5999755859375,962.0999755859375,2169033
2022-06-24,820.58056640625,966.7000122070312,984.5499877929688,960.0,984.0,1922313
2022-06-27,842.3533325195312,992.3499755859375,1006.7999877929688,984.2000122070312,986.1500244140625,3626024
2022-06-28,850.5022583007812,1001.9500122070312,1007.0,983.25,989.9000244140625,2702471
2022-06-29,838.27880859375,987.5499877929688,1000.25,985.0,985.0999755859375,3150015
2022-06-30,826.1403198242188,973.25,996.5499877929688,969.9500122070312,990.0,3741119
2022-07-01,827.9228515625,975.3499755859375,981.4500122070312,964.2000122070312,964.5,2827579
2022-07-04,835.7747192382812,984.5999755859375,989.5,973.4500122070312,975.3499755859375,2738846
2022-07-05,833.6951904296875,982.1500244140625,1002.6500244140625,978.4500122070312,987.4000244140625,2476050
2022-07-06,837.4725341796875,986.5999755859375,999.0,980.0499877929688,982.0,2998254
2022-07-07,840.231201171875,989.8499755859375,1000.9000244140625,984.9500122070312,997.0,2985141
2022-07-08,834.8834228515625,983.5499877929688,999.0,979.1500244140625,999.0,3141642
2022-07-11,800.9295043945312,943.5499877929688,979.1500244140625,940.0,975.0,5787815
2022-07-12,787.560302734375,927.7999877929688,948.5499877929688,924.4000244140625,935.0,5305354
2022-07-13,779.029296875,917.75,936.0,905.0,930.0,12874342
2022-07-14,766.5089111328125,903.0,927.5499877929688,892.2999877929688,926.1500244140625,4916497
2022-07-15,749.6593017578125,883.1500244140625,905.0,877.3499755859375,896.0,5591590
2022-07-18,764.2168579101562,900.2999877929688,907.5,888.8499755859375,895.0,5156225
2022-07-19,763.7020263671875,889.7000122070312,897.5,885.0,890.0,4636293
2022-07-20,787.4791259765625,917.4000244140625,918.7999877929688,895.0999755859375,904.5999755859375,4827089
2022-07-21,793.5308227539062,924.4500122070312,926.9500122070312,913.5499877929688,921.0,3498709
2022-07-22,789.9254760742188,920.25,931.9000244140625,909.0,929.4000244140625,3514659
2022-07-25,798.8527221679688,930.6500244140625,932.0,914.0,920.25,2120224
2022-07-26,784.1314086914062,913.5,929.6500244140625,911.0999755859375,928.5,2780103
2022-07-27,796.9642333984375,928.4500122070312,929.3499755859375,911.0999755859375,912.0999755859375,1742497
2022-07-28,812.1145629882812,946.0999755859375,949.0,932.7000122070312,935.9000244140625,2843497
2022-07-29,814.0889282226562,948.4000244140625,965.7000122070312,947.1500244140625,957.0,3617725
2022-08-01,817.3079223632812,952.1500244140625,956.5,945.2000122070312,954.0,2489519
2022-08-02,816.3635864257812,951.0499877929688,953.8499755859375,941.0499877929688,952.1500244140625,2545241
2022-08-03,821.642578125,957.2000122070312,961.7999877929688,950.0499877929688,951.0,4119614
2022-08-04,822.4152221679688,958.0999755859375,969.9500122070312,945.7999877929688,965.0,3513266
2022-08-05,822.11474609375,957.75,964.9500122070312,955.0,962.9000244140625,2565683
2022-08-08,829.2393798828125,966.0499877929688,968.0,950.0499877929688,957.75,1746911
2022-08-10,817.2220458984375,952.0499877929688,967.0,948.0999755859375,966.0499877929688,3271939
2022-08-11,826.0633544921875,962.3499755859375,968.5,958.75,965.0,3594584
2022-08-12,820.9560546875,956.4000244140625,964.0,954.0,964.0,3022304
2022-08-16,822.5010986328125,958.2000122070312,969.0,952.6500244140625,969.0,2784861
2022-08-17,841.728759765625,980.5999755859375,982.9000244140625,955.0,963.0,4649125
2022-08-18,835.6343994140625,973.5,983.4500122070312,968.0999755859375,983.4500122070312,2829269
2022-08-19,832.6729736328125,970.0499877929688,987.0499877929688,966.7999877929688,974.5,2880969
2022-08-22,823.5740356445312,959.4500122070312,970.0,955.2000122070312,965.0,3616799
2022-08-23,812.8013916015625,946.9000244140625,951.0,939.0,949.9500122070312,3753715
2022-08-24,814.7327880859375,949.1500244140625,953.7999877929688,944.1500244140625,949.9000244140625,1494361
2022-08-25,810.140380859375,943.7999877929688,953.9000244140625,942.6500244140625,953.9000244140625,3316314
2022-08-26,811.7283325195312,945.6500244140625,956.0,943.75,948.5499877929688,2195046
2022-08-29,787.5650634765625,917.5,922.0,900.0999755859375,912.5999755859375,4974880
2022-08-30,805.9772338867188,938.9500122070312,945.25,923.7000122070312,926.9000244140625,2998417
2022-09-01,794.9039916992188,926.0499877929688,931.0,916.25,917.2999877929688,2953921
2022-09-02,793.5308227539062,924.4500122070312,937.0,919.0,931.2000122070312,1750283
2022-09-05,803.4450073242188,936.0,942.2999877929688,922.5,926.0,2279812
2022-09-06,804.9900512695312,937.7999877929688,942.9000244140625,927.0499877929688,936.0,2108615
2022-09-07,799.7540283203125,931.7000122070312,932.5499877929688,923.0999755859375,927.0,2709547
2022-09-08,799.1959838867188,931.0499877929688,940.9000244140625,928.0,936.4000244140625,3214686
2022-09-09,814.1747436523438,948.5,953.0,934.2999877929688,939.0,2206526
2022-09-12,820.226318359375,955.5499877929688,963.5,953.5,955.1500244140625,2517615
2022-09-13,820.09765625,955.4000244140625,959.7999877929688,950.4500122070312,955.0,2442828
2022-09-14,800.0114135742188,932.0,938.4500122070312,926.5499877929688,933.2999877929688,6761712
2022-09-15,789.6250610351562,919.9000244140625,936.7000122070312,916.2999877929688,936.5,2995215
2022-09-16,769.8822631835938,896.9000244140625,918.0,893.4000244140625,915.0999755859375,5095937
2022-09-19,770.65478515625,897.7999877929688,907.1500244140625,887.5,897.9500122070312,2686561
2022-09-20,784.5606079101562,914.0,920.8499755859375,902.0,902.2999877929688,1836721
2022-09-21,773.358642578125,900.9500122070312,913.75,898.8499755859375,909.0,1819649
2022-09-22,770.5260620117188,897.6500244140625,904.9000244140625,889.75,897.5999755859375,2315711
2022-09-23,768.9808959960938,895.8499755859375,912.5999755859375,892.0,896.5,2569608
2022-09-26,778.29443359375,906.7000122070312,917.4000244140625,882.0,891.25,4182702
2022-09-27,788.6378784179688,918.75,921.4500122070312,907.5999755859375,911.25,3545337
2022-09-28,790.3975830078125,920.7999877929688,926.9500122070312,911.8499755859375,913.0,4154139
2022-09-29,792.3289794921875,923.0499877929688,931.0,916.5999755859375,927.0,2928360
2022-09-30,800.3118896484375,932.3499755859375,935.5499877929688,910.0499877929688,921.9000244140625,3229901
2022-10-03,798.5093383789062,930.25,932.8499755859375,916.0,932.3499755859375,1598950
2022-10-04,812.0288696289062,946.0,951.0,937.0499877929688,942.5,2331351
2022-10-06,827.9517211914062,964.5499877929688,967.9500122070312,955.5,955.5,3713623
2022-10-07,822.0718383789062,957.7000122070312,972.9500122070312,955.0,965.0,2174327
2022-10-10,826.8359985351562,963.25,967.1500244140625,942.2000122070312,942.2000122070312,2758812
2022-10-11,805.6768188476562,938.5999755859375,972.0,936.0,968.0999755859375,3134969
2022-10-12,817.1790771484375,952.0,963.9000244140625,943.2999877929688,943.2999877929688,3502390
2022-10-13,843.0164184570312,982.0999755859375,989.0499877929688,969.2999877929688,972.0499877929688,9698562
2022-10-14,860.5701904296875,1002.5499877929688,1023.0,994.0,1005.0,7424383
2022-10-17,853.7461547851562,994.5999755859375,1006.7999877929688,991.0999755859375,1005.7000122070312,2136170
2022-10-18,866.2785034179688,1009.2000122070312,1013.6500244140625,999.0999755859375,1000.0,2487826
2022-10-19,863.2007446289062,995.6500244140625,1006.5,994.0,1006.5,2517099
2022-10-20,882.0575561523438,1017.4000244140625,1019.2999877929688,988.0,990.0,3931399
2022-10-21,890.5537109375,1027.199951171875,1029.9000244140625,1011.5999755859375,1022.5,2071897
2022-10-24,894.3684692382812,1031.5999755859375,1038.8499755859375,1030.0,1035.0,398105
2022-10-25,889.9468383789062,1026.5,1037.25,1020.9000244140625,1036.0,3068136
2022-10-27,894.7586669921875,1032.050048828125,1037.449951171875,1019.5999755859375,1031.0,3313674
2022-10-28,892.9812622070312,1030.0,1039.75,1025.5,1031.949951171875,2423629
2022-10-31,902.6481323242188,1041.1500244140625,1052.5,1036.4000244140625,1039.0,2418565
2022-11-01,919.0336303710938,1060.050048828125,1061.8499755859375,1045.0,1049.0,2275488
2022-11-02,906.1591796875,1045.199951171875,1066.3499755859375,1042.5,1064.949951171875,2799322
2022-11-03,906.1159057617188,1045.1500244140625,1049.199951171875,1033.0999755859375,1034.0,2396164
2022-11-04,906.289306640625,1045.3499755859375,1049.0,1033.449951171875,1045.1500244140625,1709158
2022-11-07,907.8499145507812,1047.1500244140625,1055.699951171875,1038.6500244140625,1048.0999755859375,2213508
2022-11-09,913.3118286132812,1053.449951171875,1061.449951171875,1049.199951171875,1060.9000244140625,2307691
2022-11-10,912.44482421875,1052.449951171875,1062.4000244140625,1047.050048828125,1050.0,2321667
2022-11-11,945.5631103515625,1090.6500244140625,1098.699951171875,1069.0999755859375,1071.0,3923101
2022-11-14,952.8024291992188,1099.0,1102.949951171875,1090.050048828125,1095.0,2170007
2022-11-15,957.050537109375,1103.9000244140625,1106.0999755859375,1088.9000244140625,1093.5,2172420
2022-11-16,958.1775512695312,1105.199951171875,1112.449951171875,1099.3499755859375,1107.5,2213697
2022-11-17,947.2103881835938,1092.550048828125,1100.5999755859375,1089.0999755859375,1095.0999755859375,2460883
2022-11-18,956.4002685546875,1103.1500244140625,1106.0,1084.0,1098.050048828125,2623894
2022-11-21,949.7680053710938,1095.5,1106.3499755859375,1092.5999755859375,1098.9000244140625,1733741
2022-11-22,956.616943359375,1103.4000244140625,1105.9000244140625,1088.0,1091.0999755859375,2529146
2022-11-23,956.616943359375,1103.4000244140625,1111.5,1099.75,1108.949951171875,2217599
2022-11-24,979.3316040039062,1129.5999755859375,1135.0,1103.5,1106.0,3295202
2022-11-25,978.1177368164062,1128.199951171875,1137.550048828125,1120.6500244140625,1135.199951171875,1977441
2022-11-28,969.9683227539062,1118.800048828125,1132.75,1117.0,1125.0,2368293
2022-11-29,978.7680053710938,1128.949951171875,1138.75,1118.050048828125,1118.800048828125,1785948
2022-11-30,971.702392578125,1120.800048828125,1129.9000244140625,1117.0,1127.0,6053488
2022-12-01,985.2271118164062,1136.4000244140625,1150.6500244140625,1128.4000244140625,1130.0,3919684
2022-12-02,984.4900512695312,1135.550048828125,1140.4000244140625,1123.8499755859375,1136.4000244140625,2944923
2022-12-05,980.4153442382812,1130.8499755859375,1141.949951171875,1127.199951171875,1133.25,2646466
2022-12-06,971.83251953125,1120.949951171875,1125.0,1107.0,1121.5999755859375,2807894
2022-12-07,958.784423828125,1105.9000244140625,1116.5999755859375,1102.0,1114.0,2399879
2022-12-08,954.839599609375,1101.3499755859375,1113.75,1098.800048828125,1113.75,1752350
2022-12-09,890.8139038085938,1027.5,1075.0,1020.7000122070312,1075.0,12415478
2022-12-12,891.5941772460938,1028.4000244140625,1039.1500244140625,1012.4500122070312,1025.0,4275785
2022-12-13,905.7256469726562,1044.699951171875,1046.9000244140625,1031.0999755859375,1032.0999755859375,2284909
2022-12-14,915.69580078125,1056.199951171875,1057.300048828125,1045.0,1045.0,2425507
2022-12-15,903.6883544921875,1042.3499755859375,1051.800048828125,1037.0999755859375,1051.550048828125,1906369
2022-12-16,892.677734375,1029.6500244140625,1046.449951171875,1022.3499755859375,1030.0,5159215
2022-12-19,895.7989501953125,1033.25,1037.5,1023.3499755859375,1029.6500244140625,3328172
2022-12-20,892.7210693359375,1029.699951171875,1033.3499755859375,1011.5,1027.0,2629849
2022-12-21,901.9544677734375,1040.3499755859375,1053.25,1035.0,1035.0,2878658
2022-12-22,900.8707275390625,1039.0999755859375,1054.6500244140625,1033.5999755859375,1046.0,2623451
2022-12-23,893.5013427734375,1030.5999755859375,1044.0999755859375,1027.0999755859375,1029.5,2177675
2022-12-26,894.4550170898438,1031.699951171875,1041.75,1029.0,1031.0,1680715
2022-12-27,898.4865112304688,1036.3499755859375,1040.75,1030.3499755859375,1039.0,554319
2022-12-28,897.7062377929688,1035.449951171875,1038.300048828125,1026.5,1030.0,1397806
2022-12-29,905.5089111328125,1044.449951171875,1046.0,1028.0999755859375,1030.0,1277244
2022-12-30,901.0442504882812,1039.300048828125,1055.25,1034.300048828125,1050.0,1860560
2023-01-02,901.174072265625,1039.449951171875,1042.5,1031.5,1039.0999755859375,701880
2023-01-03,902.8214721679688,1041.3499755859375,1045.800048828125,1033.5,1039.0,2484372
2023-01-04,898.7032470703125,1036.5999755859375,1042.0,1031.5,1036.199951171875,1219170
2023-01-05,905.20556640625,1044.0999755859375,1049.800048828125,1033.0999755859375,1041.800048828125,2294943
2023-01-06,895.40869140625,1032.800048828125,1047.9000244140625,1025.25,1044.0,1887689
2023-01-09,925.4493408203125,1067.449951171875,1071.0,1040.050048828125,1044.949951171875,4562242
2023-01-10,922.3283081054688,1063.8499755859375,1072.5999755859375,1056.300048828125,1061.0,2297082
2023-01-11,914.4822387695312,1054.800048828125,1079.5999755859375,1050.550048828125,1069.0,3594167
2023-01-12,929.0906982421875,1071.6500244140625,1074.5,1061.0,1061.0,4748542
2023-01-13,934.4227294921875,1077.800048828125,1084.0,1041.0,1043.9000244140625,8253765
2023-01-16,948.2073364257812,1093.699951171875,1100.449951171875,1078.550048828125,1087.0,4508538
2023-01-17,963.2493896484375,1111.050048828125,1113.949951171875,1095.0,1097.9000244140625,4390338
2023-01-18,966.8040771484375,1115.1500244140625,1125.8499755859375,1114.0999755859375,1118.949951171875,6905092
2023-01-19,972.2716064453125,1111.4000244140625,1113.3499755859375,1098.75,1102.3499755859375,2298287
2023-01-20,969.1221923828125,1107.800048828125,1121.4000244140625,1107.050048828125,1111.050048828125,4747128
2023-01-23,980.8447265625,1121.199951171875,1122.9000244140625,1108.1500244140625,1111.0,1696834
2023-01-24,995.4102783203125,1137.8499755859375,1143.699951171875,1121.199951171875,1125.9000244140625,4861107
2023-01-25,982.2006225585938,1122.75,1134.8499755859375,1116.75,1134.8499755859375,2692236
2023-01-27,975.94580078125,1115.5999755859375,1134.300048828125,1105.0,1122.75,3864525
2023-01-30,992.6983642578125,1134.75,1139.949951171875,1105.800048828125,1115.5999755859375,3508427
2023-01-31,981.7196655273438,1122.199951171875,1137.699951171875,1113.0,1136.0,4582858
2023-02-01,990.3803100585938,1132.0999755859375,1137.0,1114.449951171875,1137.0,2393911
2023-02-02,1005.6895751953125,1149.5999755859375,1155.5,1135.0,1137.800048828125,3048359
2023-02-03,1002.6714477539062,1146.1500244140625,1156.6500244140625,1138.5999755859375,1154.0,1814055
2023-02-06,1002.2776489257812,1145.699951171875,1149.8499755859375,1128.0,1135.199951171875,2070175
2023-02-07,987.0121459960938,1128.25,1153.0,1125.9000244140625,1147.8499755859375,1931191
2023-02-08,1001.6653442382812,1145.0,1149.0,1132.699951171875,1133.9000244140625,2848255
2023-02-09,1002.84619140625,1146.3499755859375,1152.0,1138.0,1144.0,1501083
2023-02-10,975.989501953125,1115.6500244140625,1130.0,1100.0,1125.800048828125,3185163
2023-02-13,973.6712646484375,1113.0,1121.25,1105.0,1121.25,2009185
2023-02-14,984.5626831054688,1125.449951171875,1142.4000244140625,1118.0,1121.0,3938046
2023-02-15,991.0800170898438,1132.9000244140625,1134.5999755859375,1119.5999755859375,1125.0,1648954
2023-02-16,986.9248657226562,1128.1500244140625,1152.1500244140625,1124.0,1138.5999755859375,2369355
2023-02-17,970.653076171875,1109.550048828125,1121.699951171875,1107.550048828125,1121.699951171875,1958807
2023-02-20,976.0332641601562,1115.699951171875,1134.699951171875,1107.5999755859375,1109.550048828125,1706036
2023-02-21,966.8475341796875,1105.199951171875,1122.050048828125,1103.0999755859375,1121.0,1313278
2023-02-22,955.824951171875,1092.5999755859375,1105.550048828125,1090.050048828125,1095.0,2212194
2023-02-23,957.35595703125,1094.3499755859375,1111.949951171875,1092.5,1104.800048828125,2139983
2023-02-24,957.793212890625,1094.8499755859375,1104.5,1082.0,1097.0,1684570
2023-02-27,948.2578735351562,1083.949951171875,1090.0,1076.0,1090.0,1834553
2023-02-28,942.7028198242188,1077.5999755859375,1096.9000244140625,1068.0999755859375,1083.5,20793703
2023-03-01,963.2609252929688,1101.0999755859375,1104.0,1077.3499755859375,1077.3499755859375,1655100
2023-03-02,967.5037231445312,1105.949951171875,1117.0,1090.300048828125,1090.300048828125,4074162
2023-03-03,978.920166015625,1119.0,1129.699951171875,1111.050048828125,1115.0,3253621
2023-03-06,985.65625,1126.699951171875,1148.0,1123.300048828125,1129.0,4091674
2023-03-08,980.3636474609375,1120.6500244140625,1124.0,1107.300048828125,1112.0,3209393
2023-03-09,976.8643188476562,1116.6500244140625,1126.699951171875,1114.050048828125,1121.949951171875,1834324
2023-03-10,976.55810546875,1116.300048828125,1118.1500244140625,1105.0,1105.0,1193681
2023-03-13,961.0738525390625,1098.5999755859375,1133.5999755859375,1095.0,1120.949951171875,3028387
2023-03-14,948.3453369140625,1084.050048828125,1103.4000244140625,1066.0,1098.550048828125,3683544
2023-03-15,944.4961547851562,1079.6500244140625,1097.9000244140625,1075.5,1095.050048828125,1528510
2023-03-16,938.1536254882812,1072.4000244140625,1087.550048828125,1069.6500244140625,1083.949951171875,1812907
2023-03-17,969.6907348632812,1108.449951171875,1117.0999755859375,1084.050048828125,1088.199951171875,5350523
2023-03-20,954.2940673828125,1090.8499755859375,1108.300048828125,1086.25,1105.0,2066169
2023-03-21,948.2140502929688,1083.9000244140625,1102.4000244140625,1077.0999755859375,1099.0,2421127
2023-03-22,946.07080078125,1081.449951171875,1105.75,1079.050048828125,1091.949951171875,1382329
2023-03-23,932.4674682617188,1065.9000244140625,1080.4000244140625,1061.0,1077.0,2178855
2023-03-24,920.0887451171875,1051.75,1090.0,1047.050048828125,1073.0,2688253
2023-03-27,919.8699340820312,1051.5,1065.5,1044.800048828125,1053.300048828125,1459887
2023-03-28,910.7719116210938,1041.0999755859375,1063.800048828125,1039.3499755859375,1056.800048828125,2965015
2023-03-29,933.8670654296875,1067.5,1070.0,1042.0999755859375,1046.0,2478745
2023-03-31,949.39501953125,1085.25,1096.9000244140625,1069.4000244140625,1083.4000244140625,3131614
2023-04-03,960.6802978515625,1098.1500244140625,1099.25,1088.0,1089.949951171875,1540702
2023-04-05,972.0965576171875,1111.199951171875,1113.0,1066.1500244140625,1085.3499755859375,3342291
2023-04-06,955.1688842773438,1091.8499755859375,1109.050048828125,1085.449951171875,1109.050048828125,2378264
2023-04-10,965.0103759765625,1103.0999755859375,1105.0,1091.5,1091.8499755859375,711625
2023-04-11,950.9262084960938,1087.0,1109.9000244140625,1085.0,1104.0,2318905
2023-04-12,957.4871826171875,1094.5,1097.449951171875,1080.0999755859375,1092.0,2715967
2023-04-13,937.6725463867188,1071.8499755859375,1089.0,1063.0,1089.0,3071057
2023-04-17,911.734130859375,1042.199951171875,1055.0,1016.25,1055.0,9509446
2023-04-18,930.6739501953125,1063.8499755859375,1066.4000244140625,1045.199951171875,1049.550048828125,3686404
2023-04-19,908.67236328125,1038.699951171875,1073.949951171875,1036.449951171875,1073.949951171875,4322881
2023-04-20,907.62255859375,1037.5,1047.199951171875,1031.8499755859375,1040.0,3057560
2023-04-21,917.6392211914062,1048.949951171875,1074.0,1037.75,1054.0,7708194
2023-04-24,922.100830078125,1054.050048828125,1058.9000244140625,1046.0,1057.0,2033625
2023-04-25,921.5759887695312,1053.449951171875,1058.800048828125,1044.4000244140625,1050.449951171875,1237595
2023-04-26,932.1612548828125,1065.550048828125,1067.0,1048.0,1055.0,1647101
2023-04-27,937.1476440429688,1071.25,1075.0,1061.0,1065.550048828125,1654910
2023-04-28,946.8016967773438,1064.0999755859375,1068.75,1053.75,1059.949951171875,2629188
2023-05-02,949.871337890625,1067.550048828125,1074.800048828125,1064.0,1064.0999755859375,1905168
2023-05-03,942.2192993164062,1058.949951171875,1064.0,1055.0,1062.0,1649820
2023-05-04,949.2040405273438,1066.800048828125,1067.949951171875,1048.300048828125,1056.050048828125,1403672
2023-05-05,939.1940307617188,1055.550048828125,1069.949951171875,1052.0999755859375,1066.800048828125,1641673
2023-05-08,957.16748046875,1075.75,1077.5,1055.0,1058.0,1389075
2023-05-09,960.0591430664062,1079.0,1082.5999755859375,1066.050048828125,1071.0,2981949
2023-05-10,959.4364624023438,1078.300048828125,1088.800048828125,1072.0999755859375,1084.1500244140625,2091411
2023-05-11,968.1560668945312,1088.0999755859375,1092.5999755859375,1080.050048828125,1082.1500244140625,2653108
2023-05-12,974.7402954101562,1095.5,1103.4000244140625,1077.449951171875,1086.0,1585037
2023-05-15,978.521728515625,1099.75,1105.949951171875,1092.800048828125,1098.949951171875,1523466
2023-05-16,970.4694213867188,1090.699951171875,1105.300048828125,1088.0999755859375,1100.199951171875,1166324
2023-05-17,956.0996704101562,1074.550048828125,1093.949951171875,1062.699951171875,1090.5,3602382
2023-05-18,960.85986328125,1079.9000244140625,1085.0,1073.0,1081.949951171875,1515743
2023-05-19,974.6068725585938,1095.3499755859375,1104.0,1082.449951171875,1088.5999755859375,1984436
2023-05-22,996.4061889648438,1119.8499755859375,1121.9000244140625,1088.949951171875,1095.3499755859375,1864932
2023-05-23,985.283935546875,1107.3499755859375,1131.3499755859375,1104.0,1120.0,2138096
2023-05-24,989.3771362304688,1111.949951171875,1115.0,1098.0,1099.050048828125,1302744
2023-05-25,992.9805297851562,1116.0,1118.25,1103.050048828125,1109.199951171875,1124803
2023-05-26,1013.6231079101562,1139.199951171875,1140.3499755859375,1114.0,1115.0,1635167
2023-05-29,1002.0560302734375,1126.199951171875,1147.949951171875,1124.4000244140625,1146.0,1288914
2023-05-30,1010.6423950195312,1135.8499755859375,1144.0,1128.050048828125,1129.0,1983735
2023-05-31,1018.8729858398438,1145.0999755859375,1153.3499755859375,1132.0999755859375,1134.800048828125,5967930
2023-06-01,1016.0255126953125,1141.9000244140625,1155.1500244140625,1137.6500244140625,1148.0,1445692
2023-06-02,1011.7101440429688,1137.050048828125,1151.0999755859375,1131.5999755859375,1148.0,1336554
2023-06-05,1012.8222045898438,1138.300048828125,1148.5,1136.0,1144.0,1435758
2023-06-06,1004.1915893554688,1128.5999755859375,1132.300048828125,1113.75,1130.0,1943605
2023-06-07,1004.5919189453125,1129.050048828125,1133.800048828125,1116.199951171875,1133.800048828125,2459039
2023-06-08,1002.54541015625,1126.75,1131.25,1118.300048828125,1129.050048828125,1385218
2023-06-09,987.4195556640625,1109.75,1131.0,1105.949951171875,1129.0999755859375,1824218
2023-06-12,1014.0234375,1139.6500244140625,1140.949951171875,1111.5,1112.949951171875,1670970
2023-06-13,1006.5941162109375,1131.300048828125,1144.949951171875,1129.300048828125,1144.949951171875,2014656
2023-06-14,1010.6423950195312,1135.8499755859375,1138.4000244140625,1126.050048828125,1138.0,836964
2023-06-15,1017.5381469726562,1143.5999755859375,1147.0,1136.550048828125,1140.0,2109652
2023-06-16,1021.6309204101562,1148.199951171875,1154.25,1132.449951171875,1150.0,2909817
2023-06-19,1012.1551513671875,1137.550048828125,1153.9000244140625,1135.449951171875,1148.199951171875,1278608
2023-06-20,1039.8267822265625,1168.6500244140625,1170.75,1132.5,1133.0,3504867
2023-06-21,1041.428466796875,1170.449951171875,1175.699951171875,1161.6500244140625,1175.0,2019683
2023-06-22,1035.1553955078125,1163.4000244140625,1170.449951171875,1158.8499755859375,1170.1500244140625,972005
2023-06-23,1036.712646484375,1165.1500244140625,1170.550048828125,1151.0,1161.9000244140625,1699790
2023-06-26,1038.8035888671875,1167.5,1175.949951171875,1163.050048828125,1167.25,1190307
2023-06-27,1041.02783203125,1170.0,1174.449951171875,1160.199951171875,1167.0,1504039
2023-06-28,1041.25048828125,1170.25,1173.949951171875,1166.5,1173.449951171875,1424076
2023-06-30,1056.999267578125,1187.949951171875,1194.0,1165.0,1170.3499755859375,3036648
2023-07-03,1051.3492431640625,1181.5999755859375,1195.0,1174.5,1190.0,1749952
2023-07-04,1059.357177734375,1190.5999755859375,1193.0,1178.550048828125,1182.0,1094468
2023-07-05,1063.0943603515625,1194.800048828125,1202.5999755859375,1187.5999755859375,1194.0,1653610
2023-07-06,1050.5040283203125,1180.6500244140625,1198.0,1174.949951171875,1194.800048828125,2334220
2023-07-07,1029.994873046875,1157.5999755859375,1182.949951171875,1153.800048828125,1178.1500244140625,2159585
2023-07-10,1000.54345703125,1124.5,1161.9000244140625,1120.0,1160.0,3960400
2023-07-11,992.0016479492188,1114.9000244140625,1131.75,1112.0,1131.75,4982603
2023-07-12,988.1314697265625,1110.550048828125,1124.5,1102.449951171875,1119.699951171875,3824027
2023-07-13,986.5744018554688,1108.800048828125,1124.4000244140625,1087.050048828125,1100.0,12294227
2023-07-14,1024.077880859375,1150.949951171875,1157.0999755859375,1111.550048828125,1114.199951171875,6605038
2023-07-17,1026.5692138671875,1153.75,1172.0,1143.6500244140625,1151.949951171875,3159479
2023-07-18,1038.536865234375,1167.199951171875,1170.0,1146.4000244140625,1158.949951171875,2431478
2023-07-19,1040.1826171875,1169.050048828125,1174.9000244140625,1157.0,1165.0,2242397
2023-07-20,1037.26611328125,1155.800048828125,1162.800048828125,1148.0,1160.0,1990001
2023-07-21,1001.05419921875,1115.449951171875,1139.9000244140625,1095.0,1110.0,5259150
2023-07-24,998.7656860351562,1112.9000244140625,1127.699951171875,1111.0,1120.0,2672505
2023-07-25,997.55419921875,1111.550048828125,1119.0,1105.0999755859375,1118.5,2506726
2023-07-26,1000.6503295898438,1115.0,1120.8499755859375,1110.0999755859375,1110.199951171875,1969964
2023-07-27,1002.7591552734375,1117.3499755859375,1122.699951171875,1108.949951171875,1115.0,1769815
2023-07-28,990.3745727539062,1103.550048828125,1118.5,1097.449951171875,1114.050048828125,2031899
2023-07-31,1002.1759033203125,1116.699951171875,1119.5,1096.0,1108.0,2526624
2023-08-01,1021.7400512695312,1138.5,1142.0,1111.9000244140625,1120.0,2710536
2023-08-02,1014.9198608398438,1130.9000244140625,1137.0,1121.5,1137.0,2701150
2023-08-03,1010.0733642578125,1125.5,1135.550048828125,1115.050048828125,1126.0,1608187
2023-08-04,1026.990234375,1144.3499755859375,1152.3499755859375,1126.0,1130.449951171875,3315303
2023-08-07,1032.7789306640625,1150.800048828125,1155.75,1143.1500244140625,1154.550048828125,1655404
2023-08-08,1024.2977294921875,1141.3499755859375,1156.9000244140625,1137.0,1154.9000244140625,1667697
2023-08-09,1026.8106689453125,1144.1500244140625,1146.0,1125.0,1140.949951171875,1559337
2023-08-10,1017.9708862304688,1134.300048828125,1144.800048828125,1128.6500244140625,1140.0,1676669
2023-08-11,1051.3109130859375,1171.449951171875,1186.949951171875,1154.300048828125,1160.0,7391806
2023-08-14,1050.9072265625,1171.0,1177.0,1154.0,1170.6500244140625,1720940
2023-08-16,1056.4266357421875,1177.1500244140625,1186.25,1170.0999755859375,1175.75,2567226
2023-08-17,1056.0225830078125,1176.699951171875,1180.949951171875,1163.949951171875,1176.8499755859375,2331256
2023-08-18,1053.330322265625,1173.699951171875,1177.8499755859375,1158.6500244140625,1173.0,3406088
2023-08-21,1058.311279296875,1179.25,1188.9000244140625,1168.949951171875,1172.949951171875,1661946
2023-08-22,1058.535400390625,1179.5,1187.0,1176.1500244140625,1182.0,1805887
2023-08-23,1061.227783203125,1182.5,1195.0,1178.6500244140625,1192.949951171875,2347850
2023-08-24,1051.1314697265625,1171.25,1189.0,1169.0,1188.949951171875,2464221
2023-08-25,1035.605712890625,1153.949951171875,1170.800048828125,1150.0,1165.0,2105159
2023-08-28,1028.8748779296875,1146.449951171875,1159.699951171875,1139.300048828125,1155.0,2571967
2023-08-29,1038.836669921875,1157.550048828125,1163.300048828125,1148.300048828125,1153.9000244140625,1794652
2023-08-30,1050.4586181640625,1170.5,1175.1500244140625,1161.6500244140625,1166.0,1497356
2023-08-31,1051.9390869140625,1172.1500244140625,1188.0999755859375,1165.9000244140625,1179.5,4483967
2023-09-01,1064.189453125,1185.800048828125,1188.0,1171.0999755859375,1173.0,1669640
2023-09-04,1106.1002197265625,1232.5,1235.0,1185.0,1186.0,4517935
2023-09-05,1108.83740234375,1235.550048828125,1241.699951171875,1225.199951171875,1236.75,2842400
2023-09-06,1109.1064453125,1235.8499755859375,1242.4000244140625,1222.699951171875,1239.8499755859375,1767709
2023-09-07,1125.3951416015625,1254.0,1257.0,1230.300048828125,1238.0,2582004
2023-09-08,1132.6195068359375,1262.050048828125,1269.550048828125,1254.300048828125,1259.0,2280777
2023-09-11,1150.1197509765625,1281.550048828125,1284.300048828125,1270.4000244140625,1276.550048828125,2691836
2023-09-12,1150.882568359375,1282.4000244140625,1291.75,1265.5,1285.0,2140769
2023-09-13,1144.4659423828125,1275.25,1282.4000244140625,1266.0999755859375,1282.0,2275523
2023-09-14,1151.9593505859375,1283.5999755859375,1290.699951171875,1275.5999755859375,1280.8499755859375,2655172
2023-09-15,1170.8056640625,1304.5999755859375,1310.0,1291.050048828125,1294.0,4286280
2023-09-18,1171.1646728515625,1305.0,1311.300048828125,1289.699951171875,1302.0,2761885
2023-09-20,1160.75439453125,1293.4000244140625,1304.0,1281.5,1281.5,2220756
2023-09-21,1146.9337158203125,1278.0,1285.0,1259.300048828125,1284.0,3112700
2023-09-22,1143.07470703125,1273.699951171875,1283.5999755859375,1265.0999755859375,1272.449951171875,1321467
2023-09-25,1133.875732421875,1263.449951171875,1280.0,1256.5999755859375,1270.0,1246703
2023-09-26,1132.0810546875,1261.449951171875,1268.949951171875,1257.0999755859375,1264.0,903152
2023-09-27,1131.7669677734375,1261.0999755859375,1267.6500244140625,1253.300048828125,1258.5,1670373
2023-09-28,1114.5360107421875,1241.9000244140625,1266.0,1238.550048828125,1261.0999755859375,1807072
2023-09-29,1108.1640625,1234.800048828125,1249.699951171875,1227.25,1235.0999755859375,2338327
2023-10-03,1111.6639404296875,1238.699951171875,1256.699951171875,1222.699951171875,1232.5,2162636
2023-10-04,1112.427001953125,1239.550048828125,1244.800048828125,1225.0,1234.0,2253785
2023-10-05,1108.747314453125,1235.449951171875,1253.949951171875,1227.800048828125,1249.0,2995200
2023-10-06,1110.7666015625,1237.699951171875,1256.0,1230.0999755859375,1252.0,2497711
2023-10-09,1121.4464111328125,1249.5999755859375,1266.6500244140625,1231.1500244140625,1236.0,3430211
2023-10-10,1132.39501953125,1261.800048828125,1264.75,1248.199951171875,1255.550048828125,1532394
2023-10-11,1117.8565673828125,1245.5999755859375,1274.449951171875,1241.0,1266.0,2186131
2023-10-12,1098.247314453125,1223.75,1248.550048828125,1215.1500244140625,1245.0,3921609
2023-10-13,1127.100341796875,1255.9000244140625,1266.5,1208.550048828125,1211.0,5740821
2023-10-16,1140.33740234375,1270.6500244140625,1279.300048828125,1260.300048828125,1263.0,2527113
2023-10-17,1146.1710205078125,1277.1500244140625,1279.0,1271.0,1278.9000244140625,1687345
2023-10-18,1139.2603759765625,1269.449951171875,1281.5,1267.4000244140625,1278.0,1743126
2023-10-19,1137.3758544921875,1267.3499755859375,1274.75,1264.9000244140625,1266.800048828125,2279726
2023-10-20,1140.3204345703125,1258.5999755859375,1261.3499755859375,1245.449951171875,1252.0,1625449
2023-10-23,1120.433349609375,1236.6500244140625,1260.5,1232.300048828125,1248.0,1646367
2023-10-25,1113.5023193359375,1229.0,1252.9000244140625,1225.300048828125,1231.199951171875,1420065
2023-10-26,1116.0390625,1231.800048828125,1238.199951171875,1212.050048828125,1215.0,4617424
2023-10-27,1149.4713134765625,1268.699951171875,1270.0,1233.449951171875,1237.0,2675348
2023-10-30,1145.892578125,1264.75,1274.800048828125,1256.0,1270.0,1158770
2023-10-31,1156.0853271484375,1276.0,1279.8499755859375,1256.699951171875,1272.0,2525870
2023-11-01,1140.637451171875,1258.949951171875,1285.949951171875,1255.300048828125,1280.0,1572719
2023-11-02,1153.7296142578125,1273.4000244140625,1275.0,1265.0,1266.0,1368604
2023-11-03,1147.2515869140625,1266.25,1287.300048828125,1263.0,1282.5999755859375,2052536
2023-11-06,1150.3773193359375,1269.699951171875,1279.5,1265.1500244140625,1276.25,1175823
2023-11-07,1154.227783203125,1273.949951171875,1277.699951171875,1267.0999755859375,1269.0,1385282
2023-11-08,1148.5201416015625,1267.6500244140625,1280.800048828125,1265.9000244140625,1280.0,937671
2023-11-09,1148.3841552734375,1267.5,1275.800048828125,1261.800048828125,1267.6500244140625,1483749
2023-11-10,1137.466552734375,1255.449951171875,1271.0,1250.6500244140625,1262.300048828125,1469902
2023-11-13,1142.494873046875,1261.0,1263.5999755859375,1253.300048828125,1260.0,730991
2023-11-15,1156.6741943359375,1276.6500244140625,1283.0,1268.4000244140625,1275.0,2410620
2023-11-16,1187.841552734375,1311.050048828125,1317.949951171875,1278.0,1283.800048828125,3936945
2023-11-17,1186.1199951171875,1309.1500244140625,1325.75,1306.4000244140625,1313.4000244140625,2882039
2023-11-20,1200.8427734375,1325.4000244140625,1331.699951171875,1314.0,1314.949951171875,2831858
2023-11-21,1201.9300537109375,1326.5999755859375,1336.0,1321.800048828125,1335.5999755859375,1514256
2023-11-22,1204.7386474609375,1329.699951171875,1335.75,1320.4000244140625,1326.5999755859375,1535630
2023-11-23,1204.1043701171875,1329.0,1335.25,1325.699951171875,1333.949951171875,1307344
2023-11-24,1186.1199951171875,1309.1500244140625,1332.6500244140625,1305.6500244140625,1328.9000244140625,1795933
2023-11-28,1192.9150390625,1316.6500244140625,1319.9000244140625,1295.300048828125,1309.1500244140625,2152951
2023-11-29,1208.5894775390625,1333.949951171875,1338.800048828125,1321.5,1324.0,1835524
2023-11-30,1214.8863525390625,1340.9000244140625,1346.800048828125,1329.699951171875,1337.0,4104385
2023-12-01,1211.0806884765625,1336.699951171875,1349.0,1328.0,1346.0,1854324
2023-12-04,1212.21337890625,1337.949951171875,1350.0,1331.0,1350.0,1547057
2023-12-05,1193.730712890625,1317.550048828125,1347.0,1308.300048828125,1347.0,3932040
2023-12-06,1204.602783203125,1329.550048828125,1339.949951171875,1319.550048828125,1325.0,2077245
2023-12-07,1203.1986083984375,1328.0,1337.0,1325.3499755859375,1331.0,1985003
2023-12-08,1235.90576171875,1364.0999755859375,1369.949951171875,1329.0,1333.0,4509751
2023-12-11,1246.05322265625,1375.300048828125,1383.0,1366.050048828125,1370.0999755859375,2824656
2023-12-12,1246.05322265625,1375.300048828125,1387.0,1370.0,1377.0,2730422
2023-12-13,1240.526611328125,1369.199951171875,1382.800048828125,1357.050048828125,1379.3499755859375,1896931
2023-12-14,1281.66015625,1414.5999755859375,1419.25,1382.0,1391.0,5145574
2023-12-15,1351.1519775390625,1491.300048828125,1497.0,1422.0,1422.0,7374290
2023-12-18,1362.9302978515625,1504.300048828125,1509.9000244140625,1481.0,1489.8499755859375,3075527
2023-12-19,1348.4339599609375,1488.300048828125,1504.6500244140625,1477.699951171875,1501.5,2590417
2023-12-20,1304.627685546875,1439.949951171875,1503.050048828125,1435.0,1485.0,4368383
2023-12-21,1288.41015625,1422.050048828125,1447.050048828125,1420.0999755859375,1421.1500244140625,2841508
2023-12-22,1325.23974609375,1462.699951171875,1467.3499755859375,1423.0,1431.0,2303438
2023-12-26,1321.1175537109375,1458.1500244140625,1467.3499755859375,1442.1500244140625,1462.699951171875,1363265
2023-12-27,1333.7110595703125,1472.050048828125,1476.0,1457.550048828125,1465.449951171875,1402329
2023-12-28,1334.0733642578125,1472.449951171875,1482.699951171875,1468.449951171875,1470.5999755859375,1928616
2023-12-29,1328.3201904296875,1466.0999755859375,1481.8499755859375,1457.550048828125,1473.949951171875,1481617
2024-01-01,1344.3114013671875,1483.75,1495.75,1455.050048828125,1460.0,1222315
2024-01-02,1331.446044921875,1469.550048828125,1488.800048828125,1461.3499755859375,1484.050048828125,1440888
2024-01-03,1302.6346435546875,1437.75,1465.0,1435.5,1460.0,1651716
2024-01-04,1286.50732421875,1419.949951171875,1444.800048828125,1417.1500244140625,1437.0,3392241
2024-01-05,1298.14990234375,1432.800048828125,1438.8499755859375,1421.9000244140625,1425.0,1776925
2024-01-08,1311.83056640625,1447.9000244140625,1452.5999755859375,1430.550048828125,1435.0,2025264
2024-01-09,1323.156005859375,1460.4000244140625,1480.949951171875,1452.3499755859375,1460.5999755859375,3119270
2024-01-10,1351.876953125,1492.0999755859375,1508.0,1466.050048828125,1474.9000244140625,4368914
2024-01-11,1345.2628173828125,1484.800048828125,1500.0,1474.0,1500.0,2271368
2024-01-12,1396.0,1540.800048828125,1555.0,1498.5,1505.0,5862043
2024-01-15,1438.9456787109375,1588.199951171875,1619.5999755859375,1575.5,1610.0,9712071
2024-01-16,1409.2733154296875,1555.449951171875,1587.0,1538.0,1587.0,4459799
2024-01-17,1427.801513671875,1575.9000244140625,1585.0,1516.550048828125,1520.0,3846289
2024-01-18,1420.2364501953125,1567.550048828125,1584.199951171875,1537.050048828125,1577.0,3205598
2024-01-19,1431.5576171875,1567.949951171875,1590.0,1558.050048828125,1570.0,2374099
2024-01-23,1391.111328125,1523.6500244140625,1567.9000244140625,1517.050048828125,1558.9000244140625,3196630
2024-01-24,1439.2724609375,1576.4000244140625,1581.199951171875,1523.699951171875,1530.0999755859375,2136023
2024-01-25,1415.3974609375,1550.25,1570.0,1536.75,1570.0,2641656
2024-01-29,1437.58349609375,1574.550048828125,1588.5999755859375,1550.25,1565.0,2521598
2024-01-30,1423.66015625,1559.300048828125,1592.449951171875,1555.0,1580.0,1939386
2024-01-31,1438.9072265625,1576.0,1581.300048828125,1546.3499755859375,1559.300048828125,7025931
2024-02-01,1440.185791015625,1577.4000244140625,1597.0,1566.3499755859375,1576.0,2845408
2024-02-02,1445.9832763671875,1583.75,1613.9000244140625,1575.0,1584.800048828125,2337374
2024-02-05,1420.0538330078125,1555.3499755859375,1588.5,1551.449951171875,1584.949951171875,1452864
2024-02-06,1482.5037841796875,1623.75,1627.0,1558.050048828125,1566.0,4988311
2024-02-07,1474.83447265625,1615.3499755859375,1629.9000244140625,1598.949951171875,1628.0,3320199
2024-02-08,1491.6795654296875,1633.800048828125,1647.699951171875,1617.300048828125,1626.0,3496692
2024-02-09,1488.7578125,1630.5999755859375,1646.75,1614.6500244140625,1640.0,3341297
2024-02-12,1521.94580078125,1666.949951171875,1685.0,1639.0,1639.0,4885445
2024-02-13,1520.7132568359375,1665.5999755859375,1675.0,1648.5999755859375,1675.0,3129897
2024-02-14,1526.1002197265625,1671.5,1676.9000244140625,1625.449951171875,1649.75,1386643
2024-02-15,1517.9285888671875,1662.550048828125,1696.5,1650.0999755859375,1678.0,2555162
2024-02-16,1522.4024658203125,1667.449951171875,1677.0,1650.050048828125,1675.0,1776881
2024-02-19,1529.52392578125,1675.25,1682.949951171875,1659.6500244140625,1670.0,762624
2024-02-20,1518.3851318359375,1663.050048828125,1672.75,1645.0,1661.0,2240414
2024-02-21,1493.962158203125,1636.300048828125,1664.800048828125,1632.050048828125,1655.550048828125,2890991
2024-02-22,1539.7039794921875,1686.4000244140625,1691.4000244140625,1639.0,1644.0,3820901
2024-02-23,1520.85009765625,1665.75,1697.3499755859375,1663.449951171875,1697.0,2191549
2024-02-26,1506.2877197265625,1649.800048828125,1668.8499755859375,1639.5,1665.75,1844253
2024-02-27,1514.5048828125,1658.800048828125,1673.4000244140625,1648.0,1649.0,2049420
2024-02-28,1508.205078125,1651.9000244140625,1672.0,1644.199951171875,1664.699951171875,936575
2024-02-29,1519.115234375,1663.8499755859375,1677.75,1636.6500244140625,1642.1500244140625,3532888
2024-03-01,1501.08349609375,1644.0999755859375,1679.199951171875,1639.0999755859375,1675.449951171875,2371138
2024-03-04,1495.4686279296875,1637.949951171875,1654.0,1635.0,1649.0,1788071
2024-03-05,1478.4864501953125,1619.3499755859375,1629.949951171875,1607.050048828125,1624.0,3339546
2024-03-06,1501.1746826171875,1644.199951171875,1650.0,1603.8499755859375,1613.0,2366177
2024-03-07,1495.194580078125,1637.6500244140625,1654.550048828125,1630.0999755859375,1650.0,3181239
2024-03-11,1496.107666015625,1638.6500244140625,1659.800048828125,1632.050048828125,1655.0,2970902
2024-03-12,1493.3226318359375,1635.5999755859375,1665.0,1633.050048828125,1635.9000244140625,2414182
2024-03-13,1489.5797119140625,1631.5,1651.25,1610.3499755859375,1638.75,2564135
2024-03-14,1533.1759033203125,1679.25,1683.0,1610.0,1634.0,3513306
2024-03-15,1504.0052490234375,1647.300048828125,1677.0,1642.8499755859375,1677.0,3931561
2024-03-18,1500.4444580078125,1643.4000244140625,1663.300048828125,1634.25,1649.9000244140625,1183544
2024-03-19,1460.0435791015625,1599.1500244140625,1641.550048828125,1594.0999755859375,1641.550048828125,1915379
2024-03-20,1449.0418701171875,1587.0999755859375,1619.0999755859375,1578.0999755859375,1604.75,1815178
2024-03-21,1456.985107421875,1595.800048828125,1619.949951171875,1583.3499755859375,1608.0,2684744
2024-03-22,1422.3360595703125,1557.8499755859375,1571.449951171875,1508.199951171875,1560.0,7468824
2024-03-26,1426.3533935546875,1562.25,1592.550048828125,1555.550048828125,1562.25,4496344
2024-03-27,1411.6995849609375,1546.199951171875,1576.8499755859375,1540.0,1569.0,2589697
2024-03-28,1409.2801513671875,1543.550048828125,1561.050048828125,1531.0,1549.0,5301493
2024-04-01,1421.2861328125,1556.699951171875,1569.0,1548.0,1549.0,1014857
2024-04-02,1395.3568115234375,1528.300048828125,1565.0,1525.0999755859375,1559.0,2031775
2024-04-03,1402.2501220703125,1535.8499755859375,1558.449951171875,1518.0,1525.3499755859375,3343884
2024-04-04,1405.7193603515625,1539.6500244140625,1552.5,1518.699951171875,1540.800048828125,3388449
2024-04-05,1410.832275390625,1545.25,1547.699951171875,1523.800048828125,1542.449951171875,2773570
2024-04-08,1406.08447265625,1540.050048828125,1554.0,1537.6500244140625,1554.0,1820136
2024-04-09,1406.495361328125,1540.5,1561.800048828125,1534.550048828125,1540.0,2432095
2024-04-10,1405.2630615234375,1539.1500244140625,1552.1500244140625,1536.199951171875,1541.050048828125,1829986
2024-04-12,1389.148193359375,1521.5,1542.949951171875,1516.199951171875,1537.0,4319991
2024-04-15,1374.129150390625,1505.050048828125,1530.5,1494.0,1507.0999755859375,3295684
2024-04-16,1348.7930908203125,1477.300048828125,1501.5999755859375,1467.300048828125,1486.3499755859375,2446933
2024-04-18,1339.2520751953125,1466.8499755859375,1480.9000244140625,1452.0999755859375,1477.050048828125,5180223
2024-04-19,1321.5853271484375,1447.5,1455.5,1435.0,1442.0,5219506
2024-04-22,1338.384765625,1465.9000244140625,1473.300048828125,1450.5,1452.199951171875,1939632
2024-04-23,1357.329833984375,1486.6500244140625,1501.449951171875,1471.0999755859375,1474.9000244140625,2783858
2024-04-24,1350.573486328125,1479.25,1496.949951171875,1476.300048828125,1490.0,1321471
2024-04-25,1373.3074951171875,1504.1500244140625,1515.050048828125,1479.949951171875,1479.949951171875,4558032
2024-04-26,1345.64306640625,1473.8499755859375,1531.449951171875,1464.949951171875,1516.8499755859375,4328477
2024-04-29,1266.7132568359375,1387.4000244140625,1436.0,1381.0,1415.0,11493223
2024-04-30,1247.7227783203125,1366.5999755859375,1397.9000244140625,1362.449951171875,1376.4000244140625,7606726
2024-05-02,1242.3355712890625,1360.699951171875,1377.9000244140625,1358.0,1358.0,6555505
2024-05-03,1230.7862548828125,1348.050048828125,1370.0,1333.550048828125,1370.0,5964228
2024-05-06,1240.60107421875,1358.800048828125,1365.0,1348.5,1358.0,2504082
2024-05-07,1231.4869384765625,1330.949951171875,1348.9000244140625,1326.1500244140625,1347.949951171875,5096525
2024-05-08,1215.4801025390625,1313.6500244140625,1334.0,1307.300048828125,1330.949951171875,6832455
2024-05-09,1221.40185546875,1320.050048828125,1339.0,1314.5,1315.0,5653762
2024-05-10,1217.83935546875,1316.199951171875,1322.9000244140625,1303.5999755859375,1320.0999755859375,3357203
2024-05-13,1214.7861328125,1312.9000244140625,1321.9000244140625,1301.6500244140625,1316.199951171875,2316566
2024-05-14,1222.3271484375,1321.050048828125,1326.949951171875,1308.699951171875,1322.0,3200462
2024-05-15,1233.2913818359375,1332.9000244140625,1340.300048828125,1318.25,1319.25,2975965
2024-05-16,1247.4017333984375,1348.1500244140625,1357.800048828125,1328.5,1345.0,5055915
2024-05-17,1233.5689697265625,1333.199951171875,1351.0,1330.199951171875,1351.0,2487831
2024-05-21,1241.618896484375,1341.9000244140625,1349.8499755859375,1314.0,1314.0,4966721
2024-05-22,1242.6829833984375,1343.050048828125,1352.9000244140625,1340.0,1348.949951171875,2390777
2024-05-23,1252.3983154296875,1353.550048828125,1358.449951171875,1338.0,1346.6500244140625,3326149
2024-05-24,1244.67236328125,1345.199951171875,1360.0,1340.8499755859375,1360.0,1769966
2024-05-27,1252.1668701171875,1353.300048828125,1359.5999755859375,1338.0,1351.0,1942325
2024-05-28,1256.8857421875,1358.4000244140625,1363.300048828125,1345.5999755859375,1357.8499755859375,2147233
2024-05-29,1251.98193359375,1353.0999755859375,1366.5999755859375,1346.949951171875,1366.0,3845920
2024-05-30,1232.3199462890625,1331.8499755859375,1351.550048828125,1325.0999755859375,1346.0,4150461
2024-05-31,1225.149169921875,1324.0999755859375,1340.9000244140625,1315.75,1331.8499755859375,10319045
2024-06-03,1216.2200927734375,1314.449951171875,1354.75,1309.8499755859375,1350.550048828125,5384064
2024-06-04,1206.1348876953125,1303.550048828125,1325.0,1235.0,1325.0,5447244
2024-06-05,1243.284423828125,1343.699951171875,1356.9000244140625,1316.0999755859375,1320.0,3005139
2024-06-06,1293.0638427734375,1397.5,1399.800048828125,1350.9000244140625,1354.0,5936709
2024-06-07,1324.52294921875,1431.5,1438.6500244140625,1398.0,1407.0,5884025
2024-06-10,1312.725830078125,1418.75,1442.0,1397.5,1440.0,3293739
2024-06-11,1322.024658203125,1428.800048828125,1437.949951171875,1415.4000244140625,1425.0,2269082
2024-06-12,1331.2310791015625,1438.75,1472.0,1434.5,1472.0,5990861
2024-06-13,1336.2276611328125,1444.1500244140625,1457.699951171875,1437.0999755859375,1447.75,4232861
2024-06-14,1324.106689453125,1431.050048828125,1446.0,1424.4000244140625,1444.1500244140625,3065114
2024-06-18,1329.7969970703125,1437.199951171875,1439.75,1427.050048828125,1431.050048828125,2223029
2024-06-19,1337.800537109375,1445.8499755859375,1451.9000244140625,1430.300048828125,1440.050048828125,3117522
2024-06-20,1335.5799560546875,1443.449951171875,1448.949951171875,1429.550048828125,1448.949951171875,3163919
2024-06-21,1339.6512451171875,1447.8499755859375,1481.949951171875,1439.199951171875,1462.0,6489262
2024-06-24,1333.174072265625,1440.8499755859375,1443.949951171875,1426.5999755859375,1437.8499755859375,1988692
2024-06-25,1339.7437744140625,1447.949951171875,1450.0999755859375,1426.449951171875,1440.949951171875,2079037
2024-06-26,1335.811279296875,1443.699951171875,1453.300048828125,1438.199951171875,1447.949951171875,1917424
2024-06-27,1346.17431640625,1454.9000244140625,1460.550048828125,1423.5,1435.0,6613193
2024-06-28,1350.5230712890625,1459.5999755859375,1468.699951171875,1442.0,1468.0,4943575
2024-07-01,1359.0816650390625,1468.8499755859375,1478.5999755859375,1455.0,1465.0,3723295
2024-07-02,1370.138916015625,1480.800048828125,1492.449951171875,1473.0,1475.0,3811366
2024-07-03,1370.3238525390625,1481.0,1489.0,1471.199951171875,1489.0,2070876
2024-07-04,1408.583740234375,1522.3499755859375,1534.550048828125,1485.0,1485.0,6822557
2024-07-05,1405.8541259765625,1519.4000244140625,1529.25,1505.550048828125,1523.0,3061687
2024-07-08,1418.807861328125,1533.4000244140625,1540.0,1506.199951171875,1528.0,2939620
2024-07-09,1416.6796875,1531.0999755859375,1546.300048828125,1525.0,1533.4000244140625,2658608
2024-07-10,1397.1104736328125,1509.949951171875,1532.5999755859375,1487.8499755859375,1531.0999755859375,3507096
2024-07-11,1398.9146728515625,1511.9000244140625,1534.0,1508.050048828125,1515.0,3304053
2024-07-12,1443.6051025390625,1560.199951171875,1566.0,1510.5,1530.0,6430647
2024-07-15,1452.302734375,1569.5999755859375,1636.4000244140625,1567.4000244140625,1580.0,10337489
2024-07-16,1452.2564697265625,1569.550048828125,1583.0,1555.0,1565.0,3540650
2024-07-18,1475.38818359375,1594.550048828125,1599.25,1557.0,1558.050048828125,4399468
2024-07-19,1475.38818359375,1594.550048828125,1616.449951171875,1588.5999755859375,1610.5,5633838
2024-07-22,1459.2421875,1577.0999755859375,1594.5,1570.9000244140625,1588.5999755859375,2704495
2024-07-23,1490.2432861328125,1598.3499755859375,1600.800048828125,1551.0999755859375,1574.0,2907674
2024-07-24,1476.5841064453125,1583.699951171875,1598.0,1576.8499755859375,1594.0,2484299
2024-07-25,1480.2203369140625,1587.5999755859375,1594.0,1562.8499755859375,1570.0,2934731
2024-07-26,1524.7408447265625,1635.3499755859375,1640.0,1594.0,1602.800048828125,2814159
2024-07-29,1521.943603515625,1632.3499755859375,1645.0,1620.0,1640.199951171875,1639491
2024-07-30,1519.98583984375,1630.25,1633.0,1618.0,1629.0,1783877
2024-07-31,1531.5003662109375,1642.5999755859375,1645.0,1619.199951171875,1621.0,1984986
2024-08-01,1529.5889892578125,1640.550048828125,1655.5,1636.0999755859375,1640.050048828125,1785188
2024-08-02,1500.45263671875,1609.300048828125,1639.0,1601.1500244140625,1620.050048828125,1692851
2024-08-05,1456.724853515625,1562.4000244140625,1595.699951171875,1537.0,1575.0,3279717
2024-08-06,1475.698486328125,1582.75,1605.0,1563.0,1563.0,2138704
2024-08-07,1486.7469482421875,1594.5999755859375,1615.0,1590.0,1605.0,1897787
2024-08-08,1452.4825439453125,1557.8499755859375,1602.0,1554.550048828125,1597.0,2373805
2024-08-09,1482.4114990234375,1589.949951171875,1602.0,1575.8499755859375,1584.9000244140625,2021762
2024-08-12,1478.0294189453125,1585.25,1600.5,1573.8499755859375,1590.0,1273739
2024-08-13,1484.9288330078125,1592.6500244140625,1608.4000244140625,1577.6500244140625,1578.0,1973825
2024-08-14,1516.1630859375,1626.1500244140625,1629.75,1598.25,1600.0999755859375,3932148
2024-08-16,1555.41552734375,1668.25,1674.0,1632.699951171875,1635.0,3101056
2024-08-19,1564.9722900390625,1678.5,1685.0,1659.050048828125,1665.0,1631947
2024-08-20,1572.6641845703125,1686.75,1695.050048828125,1669.199951171875,1680.0,2786109
2024-08-21,1563.8067626953125,1677.25,1688.8499755859375,1673.75,1686.0,1410370
2024-08-22,1562.7813720703125,1676.1500244140625,1687.0,1673.0,1687.0,1749127
2024-08-23,1549.0753173828125,1661.449951171875,1685.949951171875,1657.1500244140625,1676.050048828125,2158185
2024-08-26,1603.1524658203125,1719.449951171875,1734.0,1667.0999755859375,1671.0,2672708
2024-08-27,1595.83349609375,1711.5999755859375,1756.8499755859375,1705.0999755859375,1725.8499755859375,3556487
2024-08-28,1603.1524658203125,1719.449951171875,1737.75,1693.050048828125,1712.550048828125,2516461
2024-08-29,1633.3612060546875,1751.8499755859375,1756.0,1697.25,1714.0,5112407
2024-08-30,1634.66650390625,1753.25,1766.300048828125,1742.199951171875,1751.8499755859375,4792561
2024-09-02,1684.4544677734375,1806.6500244140625,1812.0,1760.0,1764.199951171875,4445349
2024-09-03,1669.3502197265625,1790.449951171875,1817.1500244140625,1787.050048828125,1806.0,2553290
2024-09-04,1664.5018310546875,1785.25,1795.6500244140625,1765.0,1765.0999755859375,2644961
2024-09-05,1669.4434814453125,1790.550048828125,1797.699951171875,1767.300048828125,1792.0,2878565
2024-09-06,1637.32373046875,1756.0999755859375,1795.75,1740.050048828125,1788.0,3351716
2024-09-09,1628.6060791015625,1746.75,1766.300048828125,1741.1500244140625,1758.3499755859375,1418238
2024-09-10,1658.7679443359375,1779.0999755859375,1789.300048828125,1747.1500244140625,1749.449951171875,2307528
2024-09-11,1658.4417724609375,1778.75,1796.8499755859375,1773.699951171875,1778.199951171875,2303930
2024-09-12,1685.3402099609375,1807.5999755859375,1814.199951171875,1777.0999755859375,1800.0,3349489
2024-09-13,1690.1885986328125,1812.800048828125,1820.0,1795.6500244140625,1805.0,1599349
2024-09-16,1689.302734375,1811.8499755859375,1824.25,1808.199951171875,1819.0,836199
2024-09-17,1691.074462890625,1813.75,1828.0,1807.199951171875,1811.949951171875,830317
2024-09-18,1637.69677734375,1756.5,1808.0999755859375,1740.0999755859375,1808.0999755859375,2629136
2024-09-19,1619.04931640625,1736.5,1776.0,1721.5,1776.0,4167373
2024-09-20,1641.006591796875,1760.050048828125,1766.0999755859375,1721.4000244140625,1748.0,4644317
2024-09-23,1634.246826171875,1752.800048828125,1764.0,1732.5,1764.0,1541597
2024-09-24,1655.504638671875,1775.5999755859375,1783.5,1738.3499755859375,1750.0,1907389
2024-09-25,1661.8448486328125,1782.4000244140625,1784.050048828125,1755.0,1778.800048828125,2240579
2024-09-26,1663.1966552734375,1783.8499755859375,1808.4000244140625,1778.9000244140625,1782.25,4303250
2024-09-27,1686.0863037109375,1808.4000244140625,1828.550048828125,1796.550048828125,1810.0,4099016
2024-09-30,1674.6180419921875,1796.0999755859375,1820.699951171875,1789.1500244140625,1808.0,2117894
2024-10-01,1693.638427734375,1816.5,1822.449951171875,1790.0,1790.0,1642542
2024-10-03,1658.25537109375,1778.550048828125,1809.300048828125,1770.0,1778.0,3552386
2024-10-04,1656.4368896484375,1776.5999755859375,1807.9000244140625,1767.25,1778.0,2982759
2024-10-07,1656.7633056640625,1776.949951171875,1804.199951171875,1767.9000244140625,1784.949951171875,3419048
2024-10-08,1668.41796875,1789.449951171875,1794.0,1743.0,1774.0,2353030
2024-10-09,1687.2984619140625,1809.699951171875,1825.0,1790.1500244140625,1793.050048828125,2499596
2024-10-10,1686.3193359375,1808.6500244140625,1839.949951171875,1797.0,1820.0,3753869
2024-10-11,1715.2225341796875,1839.6500244140625,1852.800048828125,1800.6500244140625,1804.0,2977110
2024-10-14,1730.37353515625,1855.9000244140625,1865.5,1832.4000244140625,1846.050048828125,1751092
2024-10-15,1743.6129150390625,1870.0999755859375,1882.75,1829.949951171875,1830.0,5696544
2024-10-16,1739.091064453125,1865.25,1885.0,1854.050048828125,1869.0,2144442
2024-10-17,1741.4686279296875,1867.800048828125,1877.050048828125,1851.449951171875,1869.9000244140625,2399099
2024-10-18,1732.0517578125,1857.699951171875,1873.9000244140625,1843.0,1867.0,2366406
2024-10-21,1718.9052734375,1843.5999755859375,1888.5,1840.0,1875.300048828125,1284980
2024-10-22,1710.5999755859375,1822.75,1852.0,1819.5,1829.800048828125,2089660
2024-10-23,1732.184814453125,1845.75,1865.0,1793.5,1793.5,2522186
2024-10-24,1731.3873291015625,1844.9000244140625,1862.949951171875,1837.699951171875,1845.0,1621637
2024-10-25,1738.378662109375,1852.3499755859375,1871.550048828125,1840.199951171875,1860.0,4078295
2024-10-28,1756.5850830078125,1871.75,1876.800048828125,1845.0999755859375,1845.0999755859375,2418907
2024-10-29,1756.5850830078125,1871.75,1875.9000244140625,1851.199951171875,1871.75,1719955
2024-10-30,1725.6624755859375,1838.800048828125,1869.449951171875,1835.300048828125,1861.0,1732047
2024-10-31,1657.3885498046875,1766.050048828125,1843.9000244140625,1756.550048828125,1840.0,3616088
2024-11-01,1649.270751953125,1757.4000244140625,1781.300048828125,1751.0,1777.0,242223
2024-11-04,1654.479248046875,1762.949951171875,1782.0999755859375,1745.0,1763.0,2843690
2024-11-05,1664.42724609375,1773.550048828125,1783.3499755859375,1761.5,1769.0,1818350
2024-11-06,1725.287109375,1838.4000244140625,1853.0,1783.0,1791.0999755859375,3477029
2024-11-07,1719.2340087890625,1831.949951171875,1862.550048828125,1814.199951171875,1850.050048828125,2173869
2024-11-08,1724.4425048828125,1837.5,1854.1500244140625,1828.050048828125,1838.949951171875,1521324
2024-11-11,1752.4090576171875,1867.300048828125,1874.0,1834.0,1846.699951171875,1679869
2024-11-12,1757.6175537109375,1872.8499755859375,1892.949951171875,1864.449951171875,1891.0,2711052
2024-11-13,1750.015869140625,1864.75,1879.5999755859375,1859.0999755859375,1866.0,1254074
2024-11-14,1744.57275390625,1858.949951171875,1897.0,1846.3499755859375,1872.0,2462563
2024-11-18,1722.0963134765625,1835.0,1865.050048828125,1815.0,1858.949951171875,2483933
2024-11-19,1708.535400390625,1820.550048828125,1865.0,1817.300048828125,1837.0,2354204
2024-11-21,1723.3631591796875,1836.3499755859375,1839.550048828125,1820.199951171875,1835.0,1841245
2024-11-22,1781.595458984375,1898.4000244140625,1902.0,1836.5,1846.3499755859375,2765950
2024-11-25,1775.3076171875,1891.699951171875,1919.949951171875,1878.5,1919.0,6531524
2024-11-26,1782.6748046875,1899.550048828125,1914.949951171875,1889.1500244140625,1890.0999755859375,2079873
2024-11-27,1774.69775390625,1891.050048828125,1917.0,1887.0999755859375,1896.75,1631975
2024-11-28,1727.63330078125,1840.9000244140625,1900.5,1835.0,1885.0999755859375,3631255
2024-11-29,1734.3433837890625,1848.050048828125,1872.300048828125,1833.949951171875,1842.0,2482280
2024-12-02,1756.3505859375,1871.5,1878.550048828125,1835.449951171875,1848.050048828125,2014744
2024-12-03,1774.4161376953125,1890.75,1896.300048828125,1872.050048828125,1884.0,2954648
2024-12-04,1780.8916015625,1897.6500244140625,1911.0,1877.5999755859375,1882.0,3730643
2024-12-05,1805.6201171875,1924.0,1938.0999755859375,1884.0,1885.0,3881814
2024-12-06,1804.400146484375,1922.699951171875,1939.3499755859375,1915.300048828125,1926.0,2250408
2024-12-09,1792.3878173828125,1909.9000244140625,1926.050048828125,1901.0,1915.0,1379520
2024-12-10,1817.21044921875,1936.3499755859375,1942.800048828125,1912.199951171875,1916.449951171875,2695207
2024-12-11,1812.095703125,1930.9000244140625,1934.800048828125,1916.0,1926.25,1387117
2024-12-12,1817.0697021484375,1936.199951171875,1949.0,1921.5,1924.949951171875,2306173
2024-12-13,1847.663818359375,1968.800048828125,1975.0,1912.3499755859375,1939.0,2569918
2024-12-16,1834.1497802734375,1954.4000244140625,1980.0,1950.25,1970.8499755859375,1371189
2024-12-17,1830.58349609375,1950.5999755859375,1963.199951171875,1938.0,1945.300048828125,1987909
2024-12-18,1839.7337646484375,1960.3499755859375,1971.949951171875,1946.75,1949.0,3460812
2024-12-19,1815.2396240234375,1934.25,1946.199951171875,1910.0,1910.0,1916115
2024-12-20,1793.7486572265625,1911.3499755859375,1957.6500244140625,1896.4000244140625,1954.5999755859375,3786921
2024-12-23,1785.912353515625,1903.0,1939.4000244140625,1899.1500244140625,1918.5,2058339
2024-12-24,1780.234375,1896.949951171875,1923.6500244140625,1889.25,1908.5999755859375,1310301
2024-12-26,1783.80078125,1900.75,1908.9000244140625,1886.300048828125,1905.5999755859375,1065107
2024-12-27,1775.589111328125,1892.0,1902.9000244140625,1882.699951171875,1900.0,1328546
2024-12-30,1810.265625,1928.949951171875,1968.949951171875,1865.6500244140625,1888.0,6262203
2024-12-31,1799.4263916015625,1917.4000244140625,1927.800048828125,1878.550048828125,1915.199951171875,1968650
2025-01-01,1794.3116455078125,1911.949951171875,1936.949951171875,1907.9000244140625,1917.4000244140625,880695
2025-01-02,1850.854736328125,1972.199951171875,1976.300048828125,1910.050048828125,1911.949951171875,3487645
2025-01-03,1826.87646484375,1946.6500244140625,1992.0999755859375,1941.0,1980.0,2853344
2025-01-06,1832.8828125,1953.050048828125,1973.4000244140625,1930.0,1951.25,1789037
2025-01-07,1798.0186767578125,1915.9000244140625,1981.0,1908.9000244140625,1960.0,2494547
2025-01-08,1813.3626708984375,1932.25,1938.5,1894.550048828125,1906.300048828125,2372138
2025-01-09,1815.755859375,1934.800048828125,1944.449951171875,1920.0,1926.800048828125,2742139
2025-01-10,1872.345703125,1995.0999755859375,2002.3499755859375,1935.25,1936.0,4802079
2025-01-13,1866.996337890625,1989.4000244140625,2012.199951171875,1965.4000244140625,1994.9000244140625,5694121
2025-01-14,1701.966064453125,1813.550048828125,1939.0,1797.75,1936.0999755859375,15819311
2025-01-15,1713.368408203125,1825.699951171875,1843.550048828125,1812.550048828125,1836.0,3350594
2025-01-16,1681.9766845703125,1792.25,1837.949951171875,1785.300048828125,1833.0,5362008
2025-01-17,1695.86474609375,1788.9000244140625,1793.0999755859375,1750.050048828125,1773.0,2424374
2025-01-20,1702.7850341796875,1796.199951171875,1799.0,1762.5999755859375,1790.0999755859375,3401004
2025-01-21,1708.66259765625,1802.4000244140625,1820.75,1791.4000244140625,1791.4000244140625,4005357
2025-01-22,1732.646728515625,1827.699951171875,1831.449951171875,1804.050048828125,1808.199951171875,3009261
2025-01-23,1713.0233154296875,1807.0,1828.949951171875,1804.199951171875,1817.050048828125,3750930
2025-01-24,1699.6092529296875,1792.8499755859375,1829.4000244140625,1791.0999755859375,1800.0,3171259
2025-01-27,1622.9166259765625,1711.949951171875,1779.75,1707.300048828125,1775.0,4174844
2025-01-28,1605.189208984375,1693.25,1730.5,1691.0,1711.949951171875,5079829
2025-01-29,1629.60009765625,1719.0,1724.0999755859375,1696.0,1696.0,3733620
2025-01-30,1624.0068359375,1713.0999755859375,1732.949951171875,1697.8499755859375,1722.0,2543744
2025-01-31,1635.7144775390625,1725.449951171875,1738.199951171875,1709.050048828125,1709.050048828125,2033832
2025-02-01,1605.900146484375,1694.0,1731.949951171875,1688.0,1726.0,569018
2025-02-03,1604.004150390625,1692.0,1700.5999755859375,1661.5,1665.0,2659929
2025-02-04,1642.4453125,1732.550048828125,1735.9000244140625,1692.050048828125,1695.0999755859375,3647768
2025-02-05,1623.7698974609375,1712.8499755859375,1746.800048828125,1710.0,1730.0,2681942
2025-02-06,1633.865966796875,1723.5,1728.449951171875,1712.8499755859375,1723.8499755859375,2057798
2025-02-07,1635.904052734375,1725.6500244140625,1731.0,1700.6500244140625,1723.1500244140625,2428098
2025-02-10,1643.6776123046875,1733.8499755859375,1740.0,1712.0999755859375,1723.949951171875,1823071
2025-02-11,1633.58154296875,1723.199951171875,1749.0,1715.0,1742.800048828125,1702553
2025-02-12,1627.9884033203125,1717.300048828125,1742.4000244140625,1699.1500244140625,1723.9000244140625,2214307
2025-02-13,1614.52685546875,1703.0999755859375,1729.949951171875,1700.25,1712.0,1838463
2025-02-14,1622.2530517578125,1711.25,1723.4000244140625,1699.949951171875,1711.0,1460459
2025-02-17,1620.97314453125,1709.9000244140625,1720.1500244140625,1694.0999755859375,1711.25,1127023
2025-02-18,1635.7618408203125,1725.5,1728.5,1701.25,1706.0,1511900
2025-02-19,1623.24853515625,1712.300048828125,1731.5999755859375,1703.449951171875,1723.199951171875,1294110
2025-02-20,1599.78564453125,1687.550048828125,1714.550048828125,1683.550048828125,1705.199951171875,1681532
2025-02-21,1612.251708984375,1700.699951171875,1704.1500244140625,1685.1500244140625,1690.0,1222563
2025-02-24,1558.5478515625,1644.050048828125,1690.0,1637.5999755859375,1685.0,4455420
2025-02-25,1551.0113525390625,1636.0999755859375,1651.949951171875,1631.25,1636.0,1951519
2025-02-27,1544.47021484375,1629.199951171875,1660.0,1615.199951171875,1620.0,2266866
2025-02-28,1493.136474609375,1575.050048828125,1614.949951171875,1562.449951171875,1612.0,4910121
2025-03-03,1490.6241455078125,1572.4000244140625,1603.4000244140625,1568.449951171875,1575.050048828125,1784684
2025-03-04,1455.6434326171875,1535.5,1560.0,1523.0,1560.0,3246644
2025-03-05,1491.1455078125,1572.949951171875,1581.4000244140625,1531.050048828125,1532.0,3112003
2025-03-06,1502.99560546875,1585.449951171875,1594.699951171875,1575.1500244140625,1580.0,2011489
2025-03-07,1476.9256591796875,1557.949951171875,1587.0,1555.5999755859375,1582.6500244140625,2091986
2025-03-10,1468.7255859375,1549.300048828125,1572.449951171875,1547.0,1557.0,1855766
2025-03-11,1486.3109130859375,1567.8499755859375,1573.949951171875,1522.5999755859375,1529.949951171875,1846190
2025-03-12,1460.4779052734375,1540.5999755859375,1565.0,1507.0999755859375,1556.0,3113860
2025-03-13,1454.9322509765625,1534.75,1547.949951171875,1529.1500244140625,1540.5999755859375,1983351
2025-03-17,1464.79150390625,1545.1500244140625,1547.550048828125,1519.050048828125,1528.0,2029100
2025-03-18,1464.79150390625,1545.1500244140625,1545.1500244140625,1545.1500244140625,1545.1500244140625,0
2025-03-19,1464.127685546875,1544.449951171875,1561.3499755859375,1525.0999755859375,1558.5,4522829
2025-03-20,1480.76513671875,1562.0,1582.0999755859375,1547.050048828125,1547.8499755859375,4608677
2025-03-21,1485.2205810546875,1566.699951171875,1592.050048828125,1521.5,1535.0999755859375,8109210
2025-03-24,1520.7230224609375,1604.1500244140625,1610.9000244140625,1560.0,1591.0,2487843
2025-03-25,1540.393798828125,1624.9000244140625,1658.949951171875,1618.949951171875,1622.0,4906013
2025-03-26,1548.4517822265625,1633.4000244140625,1644.949951171875,1622.0,1624.9000244140625,3096513
2025-03-27,1545.3707275390625,1630.1500244140625,1645.0,1613.550048828125,1625.6500244140625,3383080
2025-03-28,1509.6788330078125,1592.5,1625.550048828125,1581.5999755859375,1616.0999755859375,2211077
2025-04-01,1450.7611083984375,1530.3499755859375,1585.0,1526.0999755859375,1577.0,4126827
2025-04-02,1448.1068115234375,1527.550048828125,1538.550048828125,1506.4000244140625,1515.0,3167863
2025-04-03,1393.6444091796875,1470.0999755859375,1500.0,1465.0,1500.0,3966161
2025-04-04,1348.140869140625,1422.0999755859375,1456.199951171875,1419.0999755859375,1449.0,4421312
2025-04-07,1302.63720703125,1374.0999755859375,1383.75,1302.75,1345.0,6484139
2025-04-08,1330.3660888671875,1403.3499755859375,1424.25,1372.0,1380.0,3938359
2025-04-09,1308.2303466796875,1380.0,1388.699951171875,1357.050048828125,1380.6500244140625,3306801
2025-04-11,1318.2318115234375,1390.550048828125,1425.0,1360.0,1360.0,4859622
2025-04-15,1352.31201171875,1426.5,1428.800048828125,1406.0,1420.0,3265147
2025-04-16,1357.2415771484375,1431.699951171875,1436.0999755859375,1405.5,1415.0,2553111
2025-04-17,1363.2139892578125,1438.0,1442.0999755859375,1384.0,1420.0,3549969
2025-04-21,1404.925537109375,1482.0,1499.0,1430.0,1435.0,2840104
2025-04-22,1402.9349365234375,1479.9000244140625,1499.9000244140625,1464.5,1490.0,2608145
2025-04-23,1511.1009521484375,1594.0,1600.0,1543.699951171875,1555.0,13293318
2025-04-24,1504.180419921875,1586.699951171875,1603.300048828125,1576.0999755859375,1595.0,3193118
2025-04-25,1496.12255859375,1578.199951171875,1618.0,1568.0999755859375,1590.0,3800415
2025-04-28,1485.6702880859375,1549.300048828125,1569.4000244140625,1537.0999755859375,1565.0,2618810
2025-04-29,1504.5611572265625,1569.0,1580.800048828125,1548.0999755859375,1555.0,2231069
2025-04-30,1503.1226806640625,1567.5,1587.9000244140625,1554.0,1571.0,3682256
2025-05-02,1507.8214111328125,1572.4000244140625,1581.0,1557.0999755859375,1567.0,1370848
2025-05-05,1504.177490234375,1568.5999755859375,1597.699951171875,1563.300048828125,1580.0,1012225
2025-05-06,1514.246337890625,1579.0999755859375,1583.800048828125,1565.0999755859375,1576.800048828125,2055057
2025-05-07,1499.09521484375,1563.300048828125,1578.4000244140625,1545.0,1552.0,5469936
2025-05-08,1515.7806396484375,1580.699951171875,1598.0,1555.800048828125,1561.9000244140625,2789018
2025-05-09,1504.94482421875,1569.4000244140625,1577.699951171875,1557.300048828125,1566.0,2035161
2025-05-12,1601.700927734375,1670.300048828125,1675.0,1594.0,1598.800048828125,4028207
2025-05-13,1553.0830078125,1619.5999755859375,1688.0999755859375,1615.199951171875,1685.0,3118470
2025-05-14,1570.4395751953125,1637.699951171875,1642.300048828125,1617.0,1630.0,1569126
2025-05-15,1626.3453369140625,1696.0,1702.5999755859375,1625.0,1650.0,4961582
2025-05-16,1591.7279052734375,1659.9000244140625,1693.5,1658.0,1691.9000244140625,2586263
2025-05-19,1581.8509521484375,1649.5999755859375,1664.0,1638.0999755859375,1661.0,1642018
2025-05-20,1571.0150146484375,1638.300048828125,1666.0,1636.4000244140625,1660.800048828125,2421580
2025-05-21,1584.15234375,1652.0,1657.5,1628.4000244140625,1645.0,1420835
2025-05-22,1565.9326171875,1633.0,1640.699951171875,1614.0,1638.4000244140625,2202093
2025-05-23,1580.5084228515625,1648.199951171875,1670.800048828125,1622.5,1633.0,1459454
2025-05-26,1604.865234375,1673.5999755859375,1675.800048828125,1645.5999755859375,1652.4000244140625,1078813
2025-05-27,1584.2481689453125,1652.0999755859375,1675.5,1641.5,1673.800048828125,2740015
2025-05-28,1589.234619140625,1657.300048828125,1666.800048828125,1647.0,1664.0,1775441
2025-05-29,1596.330810546875,1664.699951171875,1675.5,1655.5999755859375,1670.0,2374051
2025-05-30,1569.3848876953125,1636.5999755859375,1664.699951171875,1627.300048828125,1664.699951171875,4408910
2025-06-02,1564.494384765625,1631.5,1635.199951171875,1605.699951171875,1625.0999755859375,1883100
2025-06-03,1563.439453125,1630.4000244140625,1651.699951171875,1617.0,1646.9000244140625,2380133
2025-06-04,1559.316162109375,1626.0999755859375,1644.5999755859375,1622.199951171875,1631.0,1659720
2025-06-05,1565.3572998046875,1632.4000244140625,1653.9000244140625,1624.5999755859375,1634.9000244140625,1409322
2025-06-06,1570.4395751953125,1637.699951171875,1639.800048828125,1622.0,1631.199951171875,1261281
2025-06-09,1580.604248046875,1648.300048828125,1658.0,1639.0,1648.0,1299786
2025-06-10,1599.5911865234375,1668.0999755859375,1684.9000244140625,1649.0,1653.300048828125,3055223
2025-06-11,1651.181640625,1721.9000244140625,1725.4000244140625,1666.0,1676.0,5085821
2025-06-12,1631.3316650390625,1701.199951171875,1726.0,1695.0,1725.0,3607962
2025-06-13,1625.6741943359375,1695.300048828125,1711.0,1664.5999755859375,1666.0,1988422
2025-06-16,1652.236328125,1723.0,1729.4000244140625,1683.4000244140625,1692.0,2116100
2025-06-17,1658.5653076171875,1729.5999755859375,1738.800048828125,1720.0,1728.0,1777245
2025-06-18,1645.427978515625,1715.9000244140625,1745.0,1710.0,1727.9000244140625,1794428
2025-06-19,1643.5101318359375,1713.9000244140625,1719.699951171875,1697.199951171875,1719.699951171875,2514527
2025-06-20,1668.4423828125,1739.9000244140625,1742.5999755859375,1709.0999755859375,1713.9000244140625,2719770
2025-06-23,1633.2496337890625,1703.199951171875,1729.800048828125,1699.199951171875,1729.199951171875,2221446
2025-06-24,1622.31787109375,1691.800048828125,1732.5999755859375,1689.199951171875,1719.9000244140625,3601071
2025-06-25,1646.5787353515625,1717.0999755859375,1720.699951171875,1701.0,1702.0,1307518
2025-06-26,1653.2911376953125,1724.0999755859375,1726.9000244140625,1702.699951171875,1710.0,2971055
2025-06-27,1652.524169921875,1723.300048828125,1752.5,1710.800048828125,1735.0,6478283
2025-06-30,1657.6064453125,1728.5999755859375,1734.800048828125,1713.300048828125,1725.0,1855229
2025-07-01,1647.7294921875,1718.300048828125,1745.0,1714.0,1728.5999755859375,1639826
2025-07-02,1648.01708984375,1718.5999755859375,1738.5,1711.0,1722.0,2069447
2025-07-03,1641.5924072265625,1711.9000244140625,1730.5,1706.5,1716.0,1839063
2025-07-04,1655.017333984375,1725.9000244140625,1729.0,1706.199951171875,1715.0,768500
2025-07-07,1640.1539306640625,1710.4000244140625,1725.5,1703.300048828125,1725.5,1366412
2025-07-08,1637.9483642578125,1708.0999755859375,1718.9000244140625,1687.5,1700.0,2139193
2025-07-09,1605.248779296875,1674.0,1714.300048828125,1671.0,1710.0,2894808
2025-07-10,1595.3717041015625,1663.699951171875,1679.9000244140625,1649.0,1675.0,2740853
2025-07-11,1571.0150146484375,1638.300048828125,1655.5,1630.0,1643.199951171875,2548153
2025-07-14,1553.2750244140625,1619.800048828125,1642.4000244140625,1607.0,1640.0,3334703
2025-07-15,1502.068115234375,1566.4000244140625,1621.4000244140625,1550.0,1590.0,14685607
2025-07-16,1498.6158447265625,1562.800048828125,1574.0,1560.0,1566.4000244140625,5218099
2025-07-17,1480.4920654296875,1543.9000244140625,1566.800048828125,1542.4000244140625,1563.5999755859375,4966082
2025-07-18,1496.824951171875,1548.800048828125,1550.0,1530.0,1544.0,3902458
2025-07-21,1479.0423583984375,1530.4000244140625,1550.699951171875,1526.0,1548.800048828125,3368842
2025-07-22,1469.0880126953125,1520.0999755859375,1539.800048828125,1518.300048828125,1533.0999755859375,3218227
2025-07-23,1478.462646484375,1529.800048828125,1536.0,1518.0,1524.0999755859375,3471536
2025-07-24,1456.620849609375,1507.199951171875,1537.9000244140625,1501.5999755859375,1530.0,4654421
2025-07-25,1440.0948486328125,1490.0999755859375,1512.199951171875,1486.5999755859375,1501.0999755859375,2733655
2025-07-28,1416.900146484375,1466.0999755859375,1494.199951171875,1463.5,1490.0999755859375,4404841
2025-07-29,1422.98876953125,1472.4000244140625,1477.5,1461.0,1466.0999755859375,6223556
2025-07-30,1426.951171875,1476.5,1484.300048828125,1468.800048828125,1480.5,1642426
2025-07-31,1418.6397705078125,1467.9000244140625,1482.699951171875,1459.5,1465.0,2306285
2025-08-01,1403.369873046875,1452.0999755859375,1466.9000244140625,1450.0,1465.0,2152783
2025-08-04,1424.921630859375,1474.4000244140625,1475.4000244140625,1440.5999755859375,1452.0999755859375,2384774
2025-08-05,1432.943115234375,1482.699951171875,1485.4000244140625,1471.199951171875,1479.9000244140625,2614394
2025-08-06,1414.097412109375,1463.199951171875,1483.699951171875,1456.4000244140625,1480.9000244140625,1735697
2025-08-07,1425.9847412109375,1475.5,1479.199951171875,1451.0,1458.0,1495363
2025-08-08,1426.1778564453125,1475.699951171875,1482.199951171875,1459.0,1474.800048828125,2815614
2025-08-11,1438.065185546875,1488.0,1531.0,1465.5999755859375,1475.0,2374556
2025-08-12,1448.792724609375,1499.0999755859375,1509.9000244140625,1489.0,1490.0,3422656
2025-08-13,1450.7255859375,1501.0999755859375,1507.5,1489.0,1500.0,2916128
2025-08-14,1439.804931640625,1489.800048828125,1516.199951171875,1485.800048828125,1501.0,4227538
2025-08-18,1435.165771484375,1485.0,1501.9000244140625,1475.9000244140625,1498.0999755859375,2795155
2025-08-19,1426.5645751953125,1476.0999755859375,1482.5999755859375,1469.199951171875,1476.300048828125,2515817
2025-08-20,1445.7967529296875,1496.0,1500.300048828125,1458.0,1468.0,10219330
2025-08-21,1443.3807373046875,1493.5,1505.0,1486.0999755859375,1500.0,2157601
2025-08-22,1417.093505859375,1466.300048828125,1491.5,1464.0,1489.5999755859375,2802805
2025-08-25,1453.7215576171875,1504.199951171875,1509.699951171875,1476.199951171875,1480.0,2764914
2025-08-26,1442.7042236328125,1492.800048828125,1506.5,1485.0,1501.9000244140625,4092265
2025-08-28,1401.147216796875,1449.800048828125,1488.0,1446.0,1488.0,4367902
2025-08-29,1405.9793701171875,1454.800048828125,1462.5999755859375,1439.199951171875,1449.800048828125,3404604
2025-09-01,1419.123046875,1468.4000244140625,1472.5,1446.0,1446.0,2105254
2025-09-02,1416.5135498046875,1465.699951171875,1477.4000244140625,1459.699951171875,1469.0,1295198
2025-09-03,1416.900146484375,1466.0999755859375,1475.0,1452.5999755859375,1475.0,1800307
2025-09-04,1394.8653564453125,1443.300048828125,1465.9000244140625,1440.9000244140625,1465.0999755859375,2192155
2025-09-05,1371.3807373046875,1419.0,1452.300048828125,1402.800048828125,1448.0,3895199
2025-09-08,1355.9176025390625,1403.0,1428.5999755859375,1401.0,1423.9000244140625,2929976
2025-09-09,1379.2088623046875,1427.0999755859375,1431.800048828125,1409.0999755859375,1410.199951171875,2906889
2025-09-10,1414.7740478515625,1463.9000244140625,1471.9000244140625,1432.0999755859375,1434.9000244140625,3205017
2025-09-11,1418.4464111328125,1467.699951171875,1470.4000244140625,1458.300048828125,1463.9000244140625,1982922
2025-09-12,1417.963134765625,1467.199951171875,1480.0,1463.0,1475.0,2110883
2025-09-15,1417.2867431640625,1466.5,1468.300048828125,1452.0,1467.199951171875,1725617
2025-09-16,1433.32958984375,1483.0999755859375,1485.199951171875,1461.0999755859375,1463.9000244140625,1724524
2025-09-17,1431.783447265625,1481.5,1499.0,1475.300048828125,1490.800048828125,2656774
2025-09-18,1443.6705322265625,1493.800048828125,1502.9000244140625,1486.0999755859375,1492.5999755859375,2792406
2025-09-19,1418.1566162109375,1467.4000244140625,1493.800048828125,1464.0,1493.800048828125,3197957
2025-09-22,1391.5794677734375,1439.9000244140625,1449.199951171875,1415.0,1423.0,4457129
2025-09-23,1381.818359375,1429.800048828125,1444.199951171875,1420.4000244140625,1444.199951171875,3106480
2025-09-24,1393.8988037109375,1442.300048828125,1444.699951171875,1420.0,1425.0999755859375,2894044
2025-09-25,1376.019775390625,1423.800048828125,1442.5,1416.0,1440.199951171875,2713246
2025-09-26,1348.4761962890625,1395.300048828125,1426.5,1392.0,1420.0,2568054
2025-09-29,1340.8411865234375,1387.4000244140625,1402.5999755859375,1383.0,1397.0999755859375,2990852
2025-09-30,1338.618408203125,1385.0999755859375,1405.0,1381.9000244140625,1392.0999755859375,2782077
2025-10-01,1342.87060546875,1389.5,1396.800048828125,1382.0,1386.0999755859375,2253527
2025-10-03,1346.736572265625,1393.5,1399.800048828125,1380.4000244140625,1396.5,2793839
2025-10-06,1370.124267578125,1417.699951171875,1421.0,1390.800048828125,1393.5,1970901
2025-10-07,1385.297607421875,1433.4000244140625,1441.9000244140625,1417.199951171875,1422.0,1592836
2025-10-08,1404.4329833984375,1453.199951171875,1458.699951171875,1427.199951171875,1433.199951171875,1735807
2025-10-09,1436.615478515625,1486.5,1491.0999755859375,1452.5,1453.199951171875,2681316
2025-10-10,1445.3134765625,1495.5,1498.5,1473.9000244140625,1491.0,2129445
2025-10-13,1444.5404052734375,1494.699951171875,1502.199951171875,1476.5,1490.0,1820492
2025-10-14,1445.217041015625,1495.4000244140625,1535.0,1490.199951171875,1515.4000244140625,5802489
2025-10-15,1445.5067138671875,1495.699951171875,1509.4000244140625,1486.0999755859375,1497.9000244140625,1710696
2025-10-16,1464.1591796875,1515.0,1519.9000244140625,1498.0,1499.9000244140625,2021043
2025-10-17,1447.7933349609375,1486.199951171875,1501.300048828125,1479.199951171875,1499.0,3210161
2025-10-20,1456.755615234375,1495.4000244140625,1509.9000244140625,1489.0999755859375,1489.9000244140625,2354881
2025-10-21,1447.598388671875,1486.0,1503.0,1481.0,1502.699951171875,274400
2025-10-23,1484.51904296875,1523.9000244140625,1547.5,1505.5,1510.0,5011470
2025-10-24,1484.421630859375,1523.800048828125,1532.5999755859375,1516.4000244140625,1525.0,1491451
2025-10-27,1493.8709716796875,1533.5,1549.5,1526.800048828125,1531.4000244140625,1394846
2025-10-28,1482.7655029296875,1522.0999755859375,1542.0,1512.0,1535.0,1936466
2025-10-29,1517.055908203125,1557.300048828125,1559.0,1522.0,1530.0,2596355
2025-10-30,1509.749755859375,1549.800048828125,1559.9000244140625,1538.0999755859375,1557.699951171875,2183395
2025-10-31,1501.664306640625,1541.5,1558.199951171875,1537.5999755859375,1549.800048828125,1723467
2025-11-03,1503.612548828125,1543.5,1549.699951171875,1528.199951171875,1540.0999755859375,2252136
2025-11-04,1489.584716796875,1529.0999755859375,1541.9000244140625,1525.0,1536.4000244140625,1666863
2025-11-06,1486.9544677734375,1526.4000244140625,1531.9000244140625,1514.300048828125,1529.0999755859375,2474769
2025-11-07,1473.3162841796875,1512.4000244140625,1518.800048828125,1490.5,1515.0999755859375,2238714
2025-11-10,1500.690185546875,1540.5,1544.9000244140625,1511.4000244140625,1518.0,1558896
2025-11-11,1529.427734375,1570.0,1572.5,1541.199951171875,1547.800048828125,2270763
2025-11-12,1552.8074951171875,1594.0,1600.0,1573.5,1575.0,2331564
2025-11-13,1557.1912841796875,1598.5,1605.0,1580.0,1599.4000244140625,1944022
2025-11-14,1553.3919677734375,1594.5999755859375,1598.0,1574.0999755859375,1590.0,2543918
2025-11-17,1564.8870849609375,1606.4000244140625,1607.699951171875,1585.5,1594.0,2000978
2025-11-18,1553.9764404296875,1595.199951171875,1604.0,1590.0999755859375,1604.0,1640123
2025-11-19,1619.634765625,1662.5999755859375,1669.5,1588.5999755859375,1595.300048828125,6342672
2025-11-20,1602.8792724609375,1645.4000244140625,1668.4000244140625,1642.5999755859375,1662.5999755859375,2724035
2025-11-21,1566.4456787109375,1608.0,1643.5,1606.0,1636.0,2958835
2025-11-24,1568.7838134765625,1610.4000244140625,1640.0,1602.9000244140625,1614.300048828125,6392688
2025-11-25,1559.7239990234375,1601.0999755859375,1618.9000244140625,1592.5999755859375,1618.300048828125,2285950
2025-11-26,1576.0899658203125,1617.9000244140625,1627.5,1601.0999755859375,1601.0999755859375,1243303
2025-11-27,1586.9029541015625,1629.0,1633.199951171875,1614.0,1619.0999755859375,2106176
2025-11-28,1582.22705078125,1624.199951171875,1636.9000244140625,1619.0,1629.0,1841289
2025-12-01,1600.44384765625,1642.9000244140625,1646.5,1628.0,1630.0,2034350
2025-12-02,1593.235107421875,1635.5,1652.9000244140625,1624.0,1651.0,2326220
2025-12-03,1598.10595703125,1640.5,1654.5999755859375,1628.800048828125,1635.5,2371611
2025-12-04,1611.8414306640625,1654.5999755859375,1672.0,1645.0999755859375,1650.0,3935708
2025-12-05,1639.507568359375,1683.0,1691.0,1651.0,1662.699951171875,3391204
2025-12-08,1644.962890625,1688.5999755859375,1695.4000244140625,1676.9000244140625,1683.0,2702407
2025-12-09,1614.763916015625,1657.5999755859375,1687.0,1656.4000244140625,1687.0,2817704
2025-12-10,1622.94677734375,1666.0,1671.0,1657.0,1663.300048828125,1482249
2025-12-11,1629.1815185546875,1672.4000244140625,1677.4000244140625,1649.0,1667.5,1408684
2025-12-12,1629.960693359375,1673.199951171875,1677.9000244140625,1660.0,1677.4000244140625,1284337
2025-12-15,1640.481689453125,1684.0,1688.0,1660.0,1673.199951171875,1689723
2025-12-16,1609.016357421875,1651.699951171875,1682.0,1645.4000244140625,1681.0,1929309
2025-12-17,1612.2310791015625,1655.0,1664.5,1646.300048828125,1651.0,1394918
2025-12-18,1618.4656982421875,1661.4000244140625,1673.9000244140625,1651.199951171875,1657.0,1822056
2025-12-19,1599.956787109375,1642.4000244140625,1681.0,1632.5,1675.0,3487150
2025-12-22,1627.1358642578125,1670.300048828125,1673.5,1644.0,1651.9000244140625,1339691
2025-12-23,1636.4876708984375,1679.9000244140625,1686.9000244140625,1656.199951171875,1675.0999755859375,1614314
2025-12-24,1631.4219970703125,1674.699951171875,1680.0,1665.0999755859375,1676.0,989858
2025-12-26,1617.9786376953125,1660.9000244140625,1676.4000244140625,1650.5,1668.0,921138
2025-12-29,1588.656494140625,1630.800048828125,1660.800048828125,1625.4000244140625,1659.699951171875,1516288
2025-12-30,1573.4595947265625,1615.199951171875,1635.699951171875,1611.0999755859375,1630.800048828125,3323273
2025-12-31,1581.3504638671875,1623.300048828125,1631.699951171875,1616.800048828125,1624.5,1359963
2026-01-01,1592.2608642578125,1634.5,1645.699951171875,1618.4000244140625,1622.9000244140625,773806
2026-01-02,1597.8135986328125,1640.199951171875,1643.0,1625.0999755859375,1632.0,950573
2026-01-05,1566.05615234375,1607.5999755859375,1633.5,1580.0999755859375,1625.0,3245802
2026-01-06,1574.5313720703125,1616.300048828125,1626.0,1597.300048828125,1600.300048828125,2112043
2026-01-07,1605.1197509765625,1647.699951171875,1654.5,1616.699951171875,1620.800048828125,3816569
2026-01-08,1604.1456298828125,1646.699951171875,1660.5999755859375,1635.4000244140625,1653.300048828125,3266398
2026-01-09,1618.4656982421875,1661.4000244140625,1675.0,1647.0999755859375,1647.0999755859375,3281306
2026-01-12,1624.5054931640625,1667.5999755859375,1677.199951171875,1641.5,1659.199951171875,4175707
2026-01-13,1621.97265625,1665.0,1697.5999755859375,1626.0,1685.0,7149266
2026-01-14,1625.38232421875,1668.5,1677.9000244140625,1649.199951171875,1665.0,2470615
2026-01-15,1625.38232421875,1668.5,1668.5,1668.5,1668.5,0
2026-01-16,1666.1026611328125,1698.0,1700.9000244140625,1664.800048828125,1670.0,3098089
2026-01-19,1684.549560546875,1716.800048828125,1719.0,1685.0999755859375,1698.0,2087629
2026-01-20,1655.603759765625,1687.300048828125,1720.0,1681.800048828125,1720.0,1739341
2026-01-21,1650.893798828125,1682.5,1694.9000244140625,1668.9000244140625,1687.5999755859375,1728435
2026-01-22,1671.1068115234375,1703.0999755859375,1709.0,1681.5,1690.5999755859375,1853439
2026-01-23,1674.93359375,1707.0,1721.0,1698.800048828125,1712.699951171875,1874357
2026-01-27,1687.8856201171875,1720.199951171875,1725.5,1700.5,1720.0,2671530
2026-01-28,1697.1090087890625,1729.5999755859375,1734.4000244140625,1691.0,1705.0999755859375,2713867
2026-01-29,1689.25927734375,1721.5999755859375,1725.0,1696.0999755859375,1722.800048828125,2235602
2026-01-30,1663.7476806640625,1695.5999755859375,1713.199951171875,1683.0,1713.199951171875,4448681
2026-02-02,1645.3009033203125,1676.800048828125,1688.5,1653.5999755859375,1670.0,1916380
2026-02-03,1663.4534912109375,1695.300048828125,1780.0999755859375,1689.0999755859375,1780.0,3200948
2026-02-04,1591.3341064453125,1621.800048828125,1645.0,1586.0,1642.0,5834470
2026-02-05,1579.7557373046875,1610.0,1631.800048828125,1600.199951171875,1613.699951171875,3184531
2026-02-06,1563.761962890625,1593.699951171875,1612.0,1574.0999755859375,1612.0,3342992
2026-02-09,1571.906005859375,1602.0,1619.9000244140625,1594.4000244140625,1600.4000244140625,1863558
2026-02-10,1543.5489501953125,1573.0999755859375,1602.4000244140625,1567.800048828125,1595.0,3234785
2026-02-11,1522.4527587890625,1551.5999755859375,1578.0999755859375,1546.0999755859375,1574.0,2944646
2026-02-12,1448.37109375,1476.0999755859375,1535.0,1469.5,1529.0,5397659
2026-02-13,1427.8636474609375,1455.199951171875,1476.800048828125,1396.0,1423.0,7214938
2026-02-16,1434.33984375,1461.800048828125,1467.0,1446.800048828125,1451.0999755859375,2388700
2026-02-17,1454.7490234375,1482.5999755859375,1510.699951171875,1458.0,1464.0,2840341
2026-02-18,1439.6383056640625,1467.199951171875,1483.199951171875,1443.4000244140625,1483.199951171875,2036245
2026-02-19,1423.1539306640625,1450.4000244140625,1501.800048828125,1443.0,1470.0,2397127
2026-02-20,1409.5150146484375,1436.5,1455.0,1431.0,1443.0,2392491
2026-02-23,1399.408447265625,1426.199951171875,1441.5999755859375,1415.5,1438.199951171875,2629763
2026-02-24,1314.042724609375,1339.199951171875,1406.699951171875,1322.5,1402.300048828125,10004684
2026-02-25,1352.3101806640625,1378.199951171875,1391.4000244140625,1354.0,1355.0,5703505
2026-02-26,1347.698486328125,1373.5,1405.0,1368.0,1391.0,2329520
2026-02-27,1363.00537109375,1389.0999755859375,1404.800048828125,1382.0,1398.0,8651443
2026-03-02,1345.2454833984375,1371.0,1386.0,1350.0,1351.0,2088938
2026-03-04,1338.376953125,1364.0,1382.0,1356.0,1356.0,3161598
2026-03-05,1328.662841796875,1354.0999755859375,1378.199951171875,1332.5,1378.199951171875,2217963
2026-03-06,1331.2139892578125,1356.699951171875,1380.800048828125,1354.199951171875,1356.0,1871596
2026-03-09,1333.078369140625,1358.5999755859375,1372.699951171875,1328.0,1330.0,2256550
2026-03-10,1335.9239501953125,1361.5,1364.4000244140625,1345.0,1361.0,1671877
2026-03-11,1324.934326171875,1350.300048828125,1376.0,1346.9000244140625,1367.199951171875,1837000
2026-03-12,1332.5877685546875,1358.0999755859375,1363.4000244140625,1341.0,1350.0,2616965
2026-03-13,1300.5020751953125,1325.4000244140625,1356.699951171875,1321.0,1350.0,2190786
2026-03-16,1303.6419677734375,1328.5999755859375,1337.699951171875,1302.4000244140625,1312.800048828125,3618375
2026-03-17,1296.2828369140625,1321.0999755859375,1328.5999755859375,1297.699951171875,1328.5999755859375,2285672
2026-03-18,1331.70458984375,1357.199951171875,1378.4000244140625,1326.5,1326.5,2564106
2026-03-19,1287.1575927734375,1311.800048828125,1354.199951171875,1309.199951171875,1341.4000244140625,1663249
2026-03-20,1308.6461181640625,1333.699951171875,1352.5,1328.9000244140625,1334.9000244140625,5050431
2026-03-23,1333.078369140625,1358.5999755859375,1365.0,1310.0,1314.800048828125,5166409
2026-03-24,1347.5023193359375,1373.300048828125,1394.0,1360.0,1380.0,3555664
2026-03-25,1355.35205078125,1381.300048828125,1411.4000244140625,1348.0,1348.0,4167275
2026-03-27,1338.7694091796875,1364.4000244140625,1407.4000244140625,1359.800048828125,1377.0,8956139
2026-03-30,1316.397705078125,1341.5999755859375,1359.199951171875,1336.199951171875,1350.0,5541018
2026-04-01,1328.957275390625,1354.4000244140625,1399.699951171875,1349.0,1399.699951171875,2469237
2026-04-02,1375.8592529296875,1402.199951171875,1412.800048828125,1341.199951171875,1347.0,6509389
2026-04-06,1376.938720703125,1403.300048828125,1422.300048828125,1394.0999755859375,1397.0,2134581
2026-04-07,1414.5191650390625,1441.5999755859375,1446.5,1388.0999755859375,1391.0,3459049
2026-04-08,1433.5548095703125,1461.0,1466.0,1431.9000244140625,1449.9000244140625,4239052
2026-04-09,1437.3814697265625,1464.9000244140625,1469.0,1436.0,1458.9000244140625,3101205
2026-04-10,1423.9388427734375,1451.199951171875,1457.5999755859375,1421.0999755859375,1452.0,3450066
2026-04-13,1402.5484619140625,1429.4000244140625,1447.800048828125,1417.5,1441.0,2252652
2026-04-15,1424.0369873046875,1451.300048828125,1474.9000244140625,1437.0999755859375,1445.0,3993858
2026-04-16,1422.9576416015625,1450.199951171875,1468.699951171875,1435.0999755859375,1460.0,5229848
2026-04-17,1415.2060546875,1442.300048828125,1458.0,1430.0,1443.300048828125,3319268
2026-04-20,1401.4691162109375,1428.300048828125,1451.9000244140625,1424.0,1445.9000244140625,2352656
2026-04-21,1414.126708984375,1441.199951171875,1455.0,1422.4000244140625,1430.0,3091487
2026-04-22,1261.1553955078125,1285.300048828125,1358.0,1281.0,1345.0,33066256
2026-04-23,1253.5999755859375,1277.5999755859375,1294.300048828125,1272.0,1290.0,8304759
2026-04-24,1203.199951171875,1203.199951171875,1264.800048828125,1198.0999755859375,1264.4000244140625,10903519
2026-04-27,1228.199951171875,1228.199951171875,1232.0,1201.0,1209.0,6066942
2026-04-28,1196.0,1196.0,1232.699951171875,1192.300048828125,1227.9000244140625,6643295
2026-04-29,1200.199951171875,1200.199951171875,1210.800048828125,1192.0999755859375,1200.0,4777201
2026-04-30,1199.0999755859375,1199.0999755859375,1213.699951171875,1184.0,1200.0,5070033
2026-05-01,1199.0999755859375,1199.0999755859375,1199.0999755859375,1199.0999755859375,1199.0999755859375,0
2026-05-04,1200.5,1200.5,1213.5,1191.4000244140625,1208.0,3318673
2026-05-05,1200.199951171875,1200.199951171875,1205.4000244140625,1190.0,1200.0,2459953
2026-05-06,1189.0999755859375,1189.0999755859375,1212.0,1186.4000244140625,1208.0,3541520
2026-05-07,1183.4000244140625,1183.4000244140625,1196.0,1181.0999755859375,1195.0,3725309
2026-05-08,1198.4000244140625,1198.4000244140625,1202.800048828125,1176.800048828125,1179.800048828125,2813749
2026-05-11,1194.9000244140625,1194.9000244140625,1206.300048828125,1191.0999755859375,1196.9000244140625,2505962
2026-05-12,1145.800048828125,1145.800048828125,1184.0,1142.5999755859375,1183.0,3959561
2026-05-13,1143.199951171875,1143.199951171875,1154.5999755859375,1137.0999755859375,1146.300048828125,2635034
