Date,Adj Close,Close,High,Low,Open,Volume
2018-01-01,415.24420166015625,516.7750244140625,522.25,515.0,518.8499755859375,5431340
2018-01-02,413.6974182128906,514.8499755859375,521.0,511.5,518.625,6112248
2018-01-03,410.32257080078125,510.6499938964844,515.7999877929688,509.29998779296875,514.25,6846552
2018-01-04,407.95220947265625,507.70001220703125,510.5,504.79998779296875,510.5,8947614
2018-01-05,406.5861511230469,506.0,513.2000122070312,503.0,507.6499938964844,11025976
2018-01-08,416.2486267089844,518.0250244140625,519.5,510.0249938964844,512.4500122070312,5594690
2018-01-09,418.3779602050781,520.6749877929688,522.4500122070312,514.4500122070312,520.0,9948236
2018-01-10,422.7572021484375,526.125,528.0,516.5250244140625,523.4000244140625,9468634
2018-01-11,432.2188415527344,537.9000244140625,541.7000122070312,527.625,527.625,16775298
2018-01-12,433.283447265625,539.2249755859375,542.9500122070312,535.2750244140625,542.9000244140625,18016528
2018-01-15,434.3683166503906,540.5750122070312,546.4749755859375,532.5499877929688,540.0,10649250
2018-01-16,451.1217956542969,561.4249877929688,567.4000244140625,540.625,540.625,22646966
2018-01-17,462.8734436035156,576.0499877929688,580.9000244140625,561.5,562.4249877929688,26154088
2018-01-18,463.11444091796875,576.3499755859375,582.4500122070312,566.0499877929688,572.5,13204970
2018-01-19,459.39813232421875,571.7249755859375,573.9500122070312,568.0,572.5,5988278
2018-01-22,462.02972412109375,575.0,578.4749755859375,566.0,566.0750122070312,9650214
2018-01-23,472.9176330566406,588.5499877929688,594.0,577.5,577.5,15403796
2018-01-24,476.4129638671875,592.9000244140625,610.5250244140625,583.75,587.4000244140625,20604718
2018-01-25,472.2345886230469,587.7000122070312,591.7000122070312,581.125,591.0,13548914
2018-01-29,475.24786376953125,591.4500122070312,598.125,582.5999755859375,583.2750244140625,10823002
2018-01-30,470.32623291015625,585.3250122070312,591.5499877929688,581.3499755859375,589.4500122070312,8628312
2018-01-31,462.13018798828125,575.125,583.2999877929688,571.0750122070312,579.5750122070312,9213698
2018-02-01,459.8602600097656,572.2999877929688,578.9500122070312,559.2750244140625,571.0999755859375,13005454
2018-02-02,459.31781005859375,571.625,581.4500122070312,565.0499877929688,567.625,10244486
2018-02-05,457.2889099121094,569.0999755859375,577.4249877929688,567.9249877929688,570.0,9860220
2018-02-06,445.0552978515625,553.875,564.1749877929688,547.5750122070312,549.9749755859375,10552078
2018-02-07,445.5774841308594,554.5250244140625,562.4000244140625,551.7750244140625,558.0,8342056
2018-02-08,455.7019958496094,567.125,573.2000122070312,558.2750244140625,561.4000244140625,8807244
2018-02-09,445.61761474609375,554.5750122070312,560.1500244140625,553.0,559.0,4382690
2018-02-12,443.0664978027344,551.4000244140625,560.2999877929688,548.9000244140625,557.4000244140625,6291972
2018-02-14,441.03759765625,548.875,558.6500244140625,545.0999755859375,553.0,8345712
2018-02-15,447.7469482421875,557.2249755859375,564.8499755859375,551.5,551.5,7986736
2018-02-16,453.21099853515625,564.0250244140625,570.8250122070312,559.0499877929688,562.5,9889222
2018-02-19,454.69757080078125,565.875,568.0,560.1500244140625,564.2000122070312,6461840
2018-02-20,456.7867736816406,568.4749755859375,574.75,551.875,551.875,7188594
2018-02-21,460.9851989746094,573.7000122070312,575.9500122070312,570.0,573.75,13771358
2018-02-22,466.3486328125,580.375,582.0,570.2249755859375,572.7750244140625,17859974
2018-02-23,464.2996520996094,577.8250122070312,583.0,573.375,581.75,9459828
2018-02-26,457.4496765136719,569.2999877929688,577.5250244140625,567.1749877929688,575.5,5083608
2018-02-27,462.1101379394531,575.0999755859375,576.8250122070312,562.8250122070312,572.4749755859375,6616026
2018-02-28,471.1096496582031,586.2999877929688,594.75,571.2750244140625,573.7999877929688,17268416
2018-03-01,466.3486328125,580.375,584.7999877929688,578.0250244140625,584.7999877929688,6579852
2018-03-05,464.400146484375,577.9500122070312,585.4000244140625,571.625,580.375,8101456
2018-03-06,462.57208251953125,575.6749877929688,582.7000122070312,571.7999877929688,581.2750244140625,6689734
2018-03-07,459.65936279296875,572.0499877929688,580.0,569.0250244140625,577.5,6370416
2018-03-08,464.701416015625,578.3250122070312,582.9000244140625,574.5,574.5,6093014
2018-03-09,467.4134216308594,581.7000122070312,583.0,577.7750244140625,581.1749877929688,4220964
2018-03-12,476.3927917480469,592.875,595.9249877929688,585.875,588.0,7676970
2018-03-13,475.60943603515625,591.9000244140625,598.5,587.5750122070312,590.0999755859375,8581052
2018-03-14,474.4040832519531,590.4000244140625,595.2999877929688,584.5499877929688,590.0,4429710
2018-03-15,475.0870361328125,591.25,594.2000122070312,586.0,590.0,6101500
2018-03-16,470.82843017578125,585.9500122070312,591.2000122070312,584.625,591.0,17954826
2018-03-19,460.7239990234375,573.375,590.25,571.3250122070312,582.0,7526620
2018-03-20,467.87548828125,582.2750244140625,585.0,574.2999877929688,574.2999877929688,8553766
2018-03-21,469.06072998046875,583.75,587.75,581.0999755859375,585.0,7692994
2018-03-22,466.56976318359375,580.6500244140625,588.7249755859375,577.6500244140625,582.25,6813168
2018-03-23,469.1009216308594,583.7999877929688,586.9000244140625,571.1749877929688,573.5,12008084
2018-03-26,464.1390075683594,577.625,583.4500122070312,572.0,583.4500122070312,8930722
2018-03-27,463.6368408203125,577.0,580.6500244140625,575.0499877929688,580.0,3802088
2018-03-28,454.7176513671875,565.9000244140625,575.375,563.125,575.375,12558322
2018-04-02,456.8671875,568.5750122070312,574.7750244140625,560.6500244140625,570.5,8072702
2018-04-03,458.19281005859375,570.2249755859375,571.7750244140625,564.0499877929688,567.3499755859375,4077168
2018-04-04,451.6641540527344,562.0999755859375,572.2750244140625,560.0,572.0,4813302
2018-04-05,461.0454406738281,573.7750244140625,575.6500244140625,564.5499877929688,569.7750244140625,7763544
2018-04-06,452.7890930175781,563.5,573.0,561.0499877929688,571.5,5937742
2018-04-09,446.4613342285156,555.625,562.9000244140625,553.2750244140625,562.5,7202882
2018-04-10,447.3250732421875,556.7000122070312,562.25,552.7000122070312,556.0,8926058
2018-04-11,451.684326171875,562.125,565.75,558.25,559.0,9025574
2018-04-12,467.0919494628906,581.2999877929688,586.375,562.5,564.7249755859375,17044366
2018-04-13,470.64764404296875,585.7249755859375,592.9500122070312,575.125,587.0,21227038
2018-04-16,455.2801818847656,566.5999755859375,570.0,551.0,551.0,24745084
2018-04-17,452.0660095214844,562.5999755859375,563.7000122070312,557.5,563.5,10397940
2018-04-18,452.3672790527344,562.9749755859375,567.375,556.9249877929688,561.4249877929688,10430380
2018-04-19,455.1394958496094,566.4249877929688,569.9000244140625,561.5499877929688,562.0,8525542
2018-04-20,473.4598388671875,589.2249755859375,596.8499755859375,568.4749755859375,569.5,24272692
2018-04-23,477.17626953125,593.8499755859375,607.2000122070312,577.625,584.0,21830638
2018-04-24,463.837646484375,577.25,598.2000122070312,575.0499877929688,592.5,8526216
2018-04-25,466.18804931640625,580.1749877929688,585.5,572.5999755859375,576.0,11594178
2018-04-26,472.6563720703125,588.2249755859375,590.8250122070312,580.0,587.0,11302084
2018-04-27,476.1718444824219,592.5999755859375,595.7999877929688,587.0999755859375,590.0,7663370
2018-04-30,481.9171447753906,599.75,603.9749755859375,590.3250122070312,590.8499755859375,5511678
2018-05-02,480.93280029296875,598.5250244140625,600.7999877929688,590.5,599.4500122070312,10295042
2018-05-03,475.10723876953125,591.2750244140625,602.3499755859375,588.0499877929688,598.625,5332230
2018-05-04,471.3104248046875,586.5499877929688,593.0,577.5,592.5,6023368
2018-05-07,475.2880554199219,591.5,595.0,587.75,590.625,4638960
2018-05-08,468.27728271484375,582.7750244140625,588.9500122070312,580.5250244140625,588.9500122070312,5718556
2018-05-09,470.3462829589844,585.3499755859375,588.4500122070312,581.5,583.75,3783504
2018-05-10,469.261474609375,584.0,591.5,581.4249877929688,588.0,3182862
2018-05-11,474.3839111328125,590.375,591.5999755859375,583.0250244140625,586.1500244140625,3311706
2018-05-14,477.81915283203125,594.6500244140625,595.75,585.0,592.1749877929688,4432094
2018-05-15,479.928466796875,597.2750244140625,604.0,594.0499877929688,594.0499877929688,5611974
2018-05-16,478.0802307128906,594.9749755859375,599.0,592.25,593.625,6205004
2018-05-17,475.24786376953125,591.4500122070312,598.7249755859375,586.7750244140625,598.0,9519598
2018-05-18,475.36834716796875,591.5999755859375,593.2750244140625,586.5,591.5,7139660
2018-05-21,473.8817443847656,589.75,594.2000122070312,585.0,589.7750244140625,8475320
2018-05-22,479.647216796875,596.9249877929688,599.0,586.9500122070312,587.5,5636804
2018-05-23,476.05133056640625,592.4500122070312,603.8250122070312,590.75,597.5,9538442
2018-05-24,490.55511474609375,610.5,613.7750244140625,599.0,599.0,9740570
2018-05-25,493.48797607421875,614.1500244140625,624.3250122070312,610.4000244140625,615.0499877929688,8901438
2018-05-28,487.9034423828125,607.2000122070312,616.2999877929688,603.0,615.5,5739794
2018-05-29,488.8275146484375,608.3499755859375,613.2750244140625,603.0999755859375,607.0250244140625,3388934
2018-05-30,486.81866455078125,605.8499755859375,614.375,602.7999877929688,608.5,6323066
2018-05-31,494.89410400390625,615.9000244140625,621.0,605.125,605.8499755859375,19720340
2018-06-01,490.474853515625,610.4000244140625,623.125,608.5999755859375,615.2000122070312,4998356
2018-06-04,497.9476623535156,619.7000122070312,621.5,606.0,610.5499877929688,4270156
2018-06-05,490.4947204589844,610.4249877929688,621.0,608.5,621.0,4710862
2018-06-06,497.1640625,618.7249755859375,620.7750244140625,610.0250244140625,612.5999755859375,4038184
2018-06-07,503.1906433105469,626.2249755859375,629.0,619.0,619.0,6676226
2018-06-08,506.2440490722656,630.0250244140625,631.0,623.0250244140625,624.0,6459878
2018-06-11,507.1881103515625,631.2000122070312,635.0,627.5250244140625,632.7750244140625,5171290
2018-06-12,505.6213073730469,629.25,635.625,625.2249755859375,632.875,7839820
2018-06-13,512.1701049804688,637.4000244140625,642.0,633.4000244140625,633.4000244140625,5766928
2018-06-14,510.276611328125,619.8499755859375,626.5,617.0499877929688,626.5,7598848
2018-06-15,527.3792114257812,640.625,645.75,617.5,618.5,19957760
2018-06-18,521.6784057617188,633.7000122070312,645.625,631.1749877929688,642.0,8214846
2018-06-19,511.0588073730469,620.7999877929688,631.7000122070312,619.0250244140625,631.5,7545700
2018-06-20,511.69671630859375,621.5750122070312,626.1749877929688,619.0,624.25,5371802
2018-06-21,513.0961303710938,623.2750244140625,628.25,618.0,622.9749755859375,5798790
2018-06-22,513.6311645507812,623.9249877929688,627.75,620.5999755859375,621.5,4343118
2018-06-25,523.7570190429688,636.2249755859375,639.4000244140625,627.0,628.5750122070312,7731178
2018-06-26,525.9796142578125,638.9249877929688,641.9500122070312,633.125,634.5,4483504
2018-06-27,522.7484130859375,635.0,646.7249755859375,632.7999877929688,641.9749755859375,6952142
2018-06-28,530.816162109375,644.7999877929688,649.0,638.125,638.1500244140625,10996818
2018-06-29,538.0603637695312,653.5999755859375,657.5,641.625,649.0250244140625,9966600
2018-07-02,549.3796997070312,667.3499755859375,670.0,657.0,657.0,4830144
2018-07-03,557.2211303710938,676.875,678.9500122070312,665.875,665.9500122070312,8127452
2018-07-04,553.7017822265625,672.5999755859375,676.3250122070312,669.4249877929688,676.0250244140625,5025722
2018-07-05,528.5110473632812,642.0,673.625,634.0499877929688,673.5499877929688,17019902
2018-07-06,528.614013671875,642.125,650.9249877929688,634.5,645.125,11215356
2018-07-09,534.6234130859375,649.4249877929688,651.5,639.5250244140625,648.5,6644998
2018-07-10,535.6731567382812,650.7000122070312,657.7249755859375,647.1500244140625,654.25,5974488
2018-07-11,543.5143432617188,660.2249755859375,671.0499877929688,645.6749877929688,658.7750244140625,11899832
2018-07-12,532.771240234375,647.1749877929688,663.5499877929688,642.2249755859375,663.0499877929688,13272240
2018-07-13,542.259033203125,658.7000122070312,665.7999877929688,649.1749877929688,657.5,19496158
2018-07-16,548.6183471679688,666.4249877929688,692.2000122070312,643.8499755859375,658.7000122070312,35344680
2018-07-17,546.5808715820312,663.9500122070312,674.75,656.3499755859375,664.8499755859375,11161690
2018-07-18,544.3787231445312,661.2750244140625,671.7000122070312,657.0,669.9000244140625,6919016
2018-07-19,541.9708862304688,658.3499755859375,665.9500122070312,654.5499877929688,661.5,5118864
2018-07-20,554.8953857421875,674.0499877929688,683.5750122070312,660.6500244140625,663.0,11705738
2018-07-23,558.1265869140625,677.9749755859375,684.0,668.125,676.0750122070312,7675702
2018-07-24,566.8527221679688,688.5750122070312,691.2000122070312,678.0,687.2000122070312,6172246
2018-07-25,569.5694580078125,691.875,696.9000244140625,682.7249755859375,689.5,6936922
2018-07-26,565.2474365234375,686.625,695.2000122070312,684.5999755859375,689.2750244140625,7362218
2018-07-27,565.3297119140625,686.7249755859375,694.5,684.1500244140625,686.5999755859375,6493232
2018-07-30,556.089111328125,675.5,686.5,674.0,685.0,6409970
2018-07-31,561.892822265625,682.5499877929688,685.0,667.7750244140625,674.2750244140625,7943996
2018-08-01,557.3446044921875,677.0250244140625,684.2249755859375,675.5,681.9000244140625,4675706
2018-08-02,557.1799926757812,676.8250122070312,683.375,675.0750122070312,679.7999877929688,5940742
2018-08-03,561.481201171875,682.0499877929688,683.0999755859375,678.0,683.0999755859375,3970390
2018-08-06,560.0612182617188,680.3250122070312,687.5,673.75,683.0250244140625,6178930
2018-08-07,563.06591796875,683.9749755859375,689.9749755859375,680.3250122070312,687.0,7351528
2018-08-08,560.9257202148438,681.375,686.25,676.6500244140625,685.9000244140625,3992358
2018-08-09,568.00537109375,689.9749755859375,694.7249755859375,686.8250122070312,686.8250122070312,6409524
2018-08-10,570.2692260742188,692.7249755859375,694.5,686.5250244140625,692.9000244140625,4779520
2018-08-13,579.8596801757812,704.375,704.9249877929688,689.3499755859375,695.0,9979746
2018-08-14,579.674560546875,704.1500244140625,712.2750244140625,702.0,706.9749755859375,6151320
2018-08-16,588.4213256835938,714.7750244140625,717.4500122070312,705.625,707.4749755859375,6626774
2018-08-17,588.7506713867188,715.1749877929688,718.8250122070312,711.5,715.4500122070312,6390408
2018-08-20,569.7753295898438,692.125,703.9749755859375,686.75,694.0,16101876
2018-08-21,569.6517944335938,691.9749755859375,698.0,686.875,695.0,8361482
2018-08-23,575.18798828125,698.7000122070312,700.75,692.6749877929688,696.5,7717182
2018-08-24,567.326171875,689.1500244140625,700.9500122070312,688.0499877929688,698.25,7053000
2018-08-27,582.5969848632812,707.7000122070312,709.9749755859375,690.7000122070312,691.5,7012950
2018-08-28,586.4249877929688,712.3499755859375,719.2000122070312,705.75,708.5999755859375,6496890
2018-08-29,580.4154663085938,705.0499877929688,716.7999877929688,702.5750122070312,716.7999877929688,5646496
2018-08-30,582.9262084960938,708.0999755859375,710.7750244140625,698.0750122070312,706.4000244140625,11507962
2018-08-31,593.1754150390625,720.5499877929688,727.1500244140625,710.5499877929688,712.5499877929688,10875864
2018-09-03,590.3560180664062,717.125,733.9500122070312,715.0,724.5,10976328
2018-09-04,606.8411254882812,737.1500244140625,748.5,716.0,722.0,15370124
2018-09-05,600.8726806640625,729.9000244140625,744.0499877929688,725.4000244140625,741.9500122070312,8658978
2018-09-06,598.6088256835938,727.1500244140625,735.5,724.0999755859375,732.5499877929688,5598659
2018-09-07,603.2598876953125,732.7999877929688,735.1500244140625,723.7999877929688,734.3499755859375,6510605
2018-09-10,601.6546630859375,730.8499755859375,747.0,729.4000244140625,737.75,5629871
2018-09-11,604.494873046875,734.2999877929688,744.75,732.0,735.9000244140625,6963561
2018-09-12,611.5746459960938,742.9000244140625,746.5,736.25,744.4000244140625,4636617
2018-09-14,604.0008544921875,733.7000122070312,745.0,729.0499877929688,741.9000244140625,7896514
2018-09-17,597.6209716796875,725.9500122070312,740.0,724.5999755859375,735.0,5427054
2018-09-18,591.9817504882812,719.0999755859375,730.0,717.0,730.0,7729732
2018-09-19,592.5169677734375,719.75,727.0,713.2000122070312,727.0,4849498
2018-09-21,580.6212158203125,705.2999877929688,717.4000244140625,692.0,713.8499755859375,14350769
2018-09-24,591.281982421875,718.25,729.9500122070312,706.5,706.5,8637881
2018-09-25,597.8267211914062,726.2000122070312,736.0,717.0,718.25,9602273
2018-09-26,590.9527587890625,717.8499755859375,731.8499755859375,712.0,731.2000122070312,6599606
2018-09-27,596.6741333007812,724.7999877929688,730.7999877929688,717.4500122070312,722.0,14592616
2018-09-28,600.99609375,730.0499877929688,734.5499877929688,715.2000122070312,721.0,7490031
2018-10-01,614.6616821289062,746.6500244140625,754.9000244140625,733.0,737.5,8252398
2018-10-03,599.7201538085938,728.5,751.9500122070312,726.2999877929688,743.7999877929688,7792464
2018-10-04,582.1854248046875,707.2000122070312,729.75,702.5,728.5,6173037
2018-10-05,596.509521484375,724.5999755859375,731.5,709.2999877929688,713.0,8543578
2018-10-08,588.15380859375,714.4500122070312,728.7000122070312,709.25,725.0499877929688,7259306
2018-10-09,590.8704833984375,717.75,722.4000244140625,702.6500244140625,717.0999755859375,6777212
2018-10-10,576.628662109375,700.4500122070312,719.9000244140625,695.4000244140625,719.9000244140625,8866251
2018-10-11,554.3191528320312,673.3499755859375,692.9000244140625,663.2999877929688,685.0,10985897
2018-10-12,558.8057250976562,678.7999877929688,684.0499877929688,661.5,676.4000244140625,8909221
2018-10-15,575.2701416015625,698.7999877929688,705.0,681.5,688.5999755859375,6222176
2018-10-16,572.347900390625,695.25,713.9000244140625,689.4000244140625,710.0,11588963
2018-10-17,580.6624145507812,705.3499755859375,721.7999877929688,701.3499755859375,710.0,20360697
2018-10-19,562.7161865234375,683.5499877929688,687.7000122070312,678.0,687.0,10421001
2018-10-22,559.7525024414062,679.9500122070312,695.0499877929688,673.7999877929688,688.7000122070312,6672840
2018-10-23,541.3533935546875,657.5999755859375,682.0,653.2999877929688,675.9500122070312,9041701
2018-10-24,534.9321899414062,649.7999877929688,666.5,647.1500244140625,663.0,7058164
2018-10-25,539.8837890625,648.75,656.3499755859375,636.25,643.0,8270469
2018-10-26,527.2761840820312,633.5999755859375,648.7000122070312,629.9000244140625,645.2999877929688,5464141
2018-10-29,536.5549926757812,644.75,650.5499877929688,631.5,633.7000122070312,7137446
2018-10-30,548.9130249023438,659.5999755859375,663.7999877929688,637.4500122070312,641.0999755859375,8793411
2018-10-31,571.2157592773438,686.4000244140625,692.9500122070312,663.0499877929688,663.9000244140625,11947995
2018-11-01,554.821533203125,666.7000122070312,689.7000122070312,659.5999755859375,689.7000122070312,5860244
2018-11-02,551.1182861328125,662.25,675.7999877929688,660.0999755859375,665.9500122070312,6654067
2018-11-05,554.2391967773438,666.0,668.5999755859375,657.0,663.5,5799426
2018-11-06,554.6135864257812,666.4500122070312,675.0,660.6500244140625,667.9000244140625,6975525
2018-11-07,562.1448364257812,675.5,677.5,672.0,673.0,758956
2018-11-09,548.8296508789062,659.5,679.0,655.5,679.0,9694143
2018-11-12,552.7410888671875,664.2000122070312,676.4000244140625,662.2999877929688,666.0,7118080
2018-11-13,553.9893188476562,665.7000122070312,667.75,656.2999877929688,663.5,4137808
2018-11-14,543.5869750976562,653.2000122070312,665.7000122070312,640.5,665.7000122070312,7323026
2018-11-15,546.25,656.4000244140625,666.0,646.7000122070312,654.0,5513390
2018-11-16,541.63134765625,650.8499755859375,662.5,644.2000122070312,659.9000244140625,8583785
2018-11-19,542.3386840820312,651.7000122070312,662.0,649.25,659.0,6018930
2018-11-20,533.7672119140625,641.4000244140625,656.0,640.0999755859375,651.7000122070312,5384830
2018-11-21,515.209228515625,619.0999755859375,640.0499877929688,612.0999755859375,640.0,14359086
2018-11-22,516.5823974609375,620.75,628.1500244140625,616.75,622.25,6632975
2018-11-26,517.1649780273438,621.4500122070312,628.0,599.8499755859375,621.0,15075209
2018-11-27,531.6865234375,638.9000244140625,641.0,625.2999877929688,625.5,12285851
2018-11-28,554.5719604492188,666.4000244140625,668.7000122070312,640.0,640.9500122070312,17719890
2018-11-29,550.1195678710938,661.0499877929688,674.9000244140625,658.7999877929688,671.0,13399070
2018-11-30,555.4458618164062,667.4500122070312,672.0,660.9500122070312,661.0,10445773
2018-12-03,557.8590087890625,670.3499755859375,679.0,665.9500122070312,673.1500244140625,8260890
2018-12-04,570.2586669921875,685.25,688.25,671.2999877929688,672.5499877929688,7827923
2018-12-05,567.0547485351562,681.4000244140625,683.6500244140625,672.5,683.0,5177288
2018-12-06,556.3194580078125,668.5,685.4500122070312,664.5499877929688,676.0999755859375,8039771
2018-12-07,568.2197265625,682.7999877929688,685.75,665.5999755859375,672.0,5553948
2018-12-10,556.902099609375,669.2000122070312,683.7999877929688,665.2000122070312,669.9000244140625,5121196
2018-12-11,561.312744140625,674.5,681.9000244140625,660.5999755859375,669.2000122070312,7120933
2018-12-12,564.6414184570312,678.5,680.6500244140625,670.5999755859375,677.0999755859375,6926183
2018-12-13,580.6611328125,697.75,700.0,680.0,682.0,7521474
2018-12-14,587.5682373046875,706.0499877929688,713.7000122070312,694.4000244140625,697.4500122070312,9560576
2018-12-17,577.8732299804688,694.4000244140625,711.8499755859375,692.75,711.8499755859375,4778465
2018-12-18,563.0601806640625,676.5999755859375,686.5,674.5499877929688,686.5,8021298
2018-12-19,553.281982421875,664.8499755859375,671.5499877929688,661.0999755859375,671.5499877929688,8295459
2018-12-20,555.1129150390625,667.0499877929688,671.5499877929688,656.4000244140625,660.0,11705260
2018-12-21,537.7616577148438,646.2000122070312,659.5,643.4500122070312,659.5,12802132
2018-12-24,540.0918579101562,649.0,658.7999877929688,647.5999755859375,657.0,8379825
2018-12-26,535.9725341796875,644.0499877929688,647.0,637.3499755859375,647.0,6178552
2018-12-27,546.5827026367188,656.7999877929688,663.25,649.0,652.75,15333902
2018-12-28,546.7076416015625,656.9500122070312,663.5,653.2999877929688,663.3499755859375,4736598
2018-12-31,548.3721923828125,658.9500122070312,662.0,655.7999877929688,660.0,3373319
2019-01-01,553.4486083984375,665.0499877929688,666.2999877929688,654.1500244140625,660.9500122070312,2943390
2019-01-02,556.7772216796875,669.0499877929688,674.0,662.0499877929688,666.0,7416655
2019-01-03,556.8604736328125,669.1500244140625,677.0,663.0999755859375,672.0,6827249
2019-01-04,550.1195678710938,661.0499877929688,673.9000244140625,651.0,671.75,7889310
2019-01-07,558.9827270507812,671.7000122070312,673.5999755859375,661.5,665.0,8046340
2019-01-08,557.6093139648438,670.0499877929688,677.4500122070312,668.5499877929688,674.9500122070312,8621545
2019-01-09,562.64404296875,676.0999755859375,689.7999877929688,664.0,686.2000122070312,18130292
2019-01-10,565.6400146484375,679.7000122070312,682.0,672.5499877929688,681.5999755859375,9572493
2019-01-11,568.8023681640625,683.5,685.5,672.5,680.2000122070312,12281903
2019-01-14,584.1146850585938,701.9000244140625,710.2000122070312,695.9500122070312,707.0,19312937
2019-01-15,604.6697387695312,726.5999755859375,730.0,707.2000122070312,707.2000122070312,19671304
2019-01-16,613.158203125,736.7999877929688,737.7999877929688,728.5,729.9000244140625,9658944
2019-01-17,610.2870483398438,733.3499755859375,739.0,729.0999755859375,735.7999877929688,6903771
2019-01-18,608.289794921875,730.9500122070312,736.2000122070312,726.2999877929688,730.0,5902151
2019-01-21,619.9820556640625,745.0,751.0,734.0,738.2000122070312,8129422
2019-01-22,620.2733154296875,745.3499755859375,749.0,734.0,741.25,6723375
2019-01-23,608.8723754882812,731.6500244140625,742.5999755859375,729.2000122070312,742.3499755859375,7212099
2019-01-24,612.51220703125,732.0,736.0999755859375,721.0,728.0999755859375,7429783
2019-01-25,611.131591796875,730.3499755859375,737.9000244140625,724.25,728.0,5543112
2019-01-28,609.123291015625,727.9500122070312,732.5999755859375,719.0,731.0,7944693
2019-01-29,609.0816040039062,727.9000244140625,732.8499755859375,716.5,725.5,6760819
2019-01-30,607.4080810546875,725.9000244140625,734.7999877929688,721.0999755859375,727.9000244140625,5763026
2019-01-31,627.1974487304688,749.5499877929688,751.2999877929688,726.0,726.0,13825233
2019-02-01,633.473388671875,757.0499877929688,762.5,744.5,751.3499755859375,6276585
2019-02-04,632.5110473632812,755.9000244140625,762.5,749.2000122070312,757.0,3945391
2019-02-05,631.6323852539062,754.8499755859375,759.9500122070312,747.0,747.0,4694366
2019-02-06,638.703125,763.2999877929688,766.9500122070312,754.3499755859375,755.5499877929688,5880482
2019-02-07,639.2886352539062,764.0,769.4500122070312,761.0,763.0499877929688,3961797
2019-02-08,636.6947631835938,760.9000244140625,772.25,754.9000244140625,760.0,5915169
2019-02-11,638.2844848632812,762.7999877929688,768.75,759.0,766.9000244140625,5500216
2019-02-12,627.9505615234375,750.4500122070312,760.3499755859375,741.0,760.3499755859375,7310690
2019-02-14,619.2482299804688,740.0499877929688,753.0,737.25,751.0,4610535
2019-02-15,620.8380737304688,741.9500122070312,746.5,732.5999755859375,742.2999877929688,5586389
2019-02-18,620.0850830078125,741.0499877929688,747.6500244140625,736.0,742.3499755859375,5346825
2019-02-19,606.0691528320312,724.2999877929688,740.5499877929688,721.2999877929688,739.0999755859375,9401334
2019-02-20,619.7921752929688,740.7000122070312,743.0,726.0499877929688,727.0,5210675
2019-02-21,613.7257080078125,733.4500122070312,738.0,727.0999755859375,738.0,7202786
2019-02-22,614.980712890625,734.9500122070312,738.2000122070312,728.0,732.5,3750833
2019-02-25,631.67431640625,754.9000244140625,758.0,735.5499877929688,735.5499877929688,6547552
2019-02-26,621.29833984375,742.5,752.5999755859375,740.1500244140625,748.5999755859375,8319610
2019-02-27,615.2318115234375,735.25,746.4000244140625,732.75,745.0,5936354
2019-02-28,614.4368286132812,734.2999877929688,742.4000244140625,732.2999877929688,738.7000122070312,8559921
2019-03-01,620.7963256835938,741.9000244140625,743.4000244140625,735.5,735.5,3998826
2019-03-05,612.9307250976562,732.5,742.5,730.25,740.5,4826505
2019-03-06,612.9307250976562,732.5,736.0999755859375,727.0,736.0999755859375,6076668
2019-03-07,604.9396362304688,722.9500122070312,734.5,720.5499877929688,734.0,5951551
2019-03-08,596.0697631835938,712.3499755859375,722.9500122070312,710.6500244140625,722.9500122070312,7193994
2019-03-11,595.1495361328125,711.25,718.5,709.4000244140625,713.2999877929688,9932198
2019-03-12,591.5513305664062,706.9500122070312,714.9500122070312,705.5999755859375,709.0,11997387
2019-03-13,592.8065795898438,708.4500122070312,718.5999755859375,706.2999877929688,710.0,11348867
2019-03-14,592.7228393554688,708.3499755859375,714.9000244140625,706.2000122070312,714.0,6415187
2019-03-15,601.2578735351562,718.5499877929688,723.75,709.5999755859375,712.0,14638664
2019-03-18,594.2709350585938,710.2000122070312,723.7000122070312,705.3499755859375,721.5499877929688,8065544
2019-03-19,604.3538208007812,722.25,726.5,707.4000244140625,712.7999877929688,8917337
2019-03-20,618.3278198242188,738.9500122070312,742.2999877929688,727.1500244140625,727.25,13471173
2019-03-22,621.8004760742188,743.0999755859375,746.3499755859375,732.2999877929688,745.0,8883260
2019-03-25,615.2318115234375,735.25,742.4000244140625,730.5499877929688,742.4000244140625,7644966
2019-03-26,608.9561157226562,727.75,735.25,719.0999755859375,735.25,9406261
2019-03-27,610.5877685546875,729.7000122070312,732.2999877929688,727.1500244140625,730.0,7387487
2019-03-28,617.3656005859375,737.7999877929688,745.0,730.0,730.0,9277241
2019-04-01,631.8414916992188,755.0999755859375,760.0,742.0,742.0,6584982
2019-04-02,635.4395751953125,759.4000244140625,765.7999877929688,754.5999755859375,759.0,7283600
2019-04-03,630.3353881835938,753.2999877929688,758.5,746.7999877929688,756.0,6897127
2019-04-04,625.81689453125,747.9000244140625,753.7999877929688,745.0999755859375,751.4000244140625,7688525
2019-04-05,635.35595703125,759.2999877929688,760.9500122070312,748.0,750.9000244140625,6276040
2019-04-08,642.00830078125,767.25,770.0,755.4000244140625,763.0499877929688,4919911
2019-04-09,636.4437866210938,760.5999755859375,773.0,758.2000122070312,770.0,6730692
2019-04-10,629.8334350585938,752.7000122070312,766.7000122070312,751.2999877929688,764.0,7031088
2019-04-11,621.4656982421875,742.7000122070312,751.75,740.0499877929688,751.75,8200995
2019-04-12,625.6912841796875,747.75,751.5499877929688,740.5999755859375,743.0999755859375,7043212
2019-04-15,608.7468872070312,727.5,731.3499755859375,712.5999755859375,724.7000122070312,31574803
2019-04-16,605.90185546875,724.0999755859375,727.9000244140625,714.0999755859375,727.9000244140625,12524411
2019-04-18,600.0026245117188,717.0499877929688,722.5,712.75,722.5,13801105
2019-04-22,603.3497314453125,721.0499877929688,725.75,715.0,717.0499877929688,6455426
2019-04-23,609.33251953125,728.2000122070312,730.0,718.4000244140625,723.9000244140625,5516668
2019-04-24,616.2359619140625,736.4500122070312,737.9000244140625,724.0,728.2000122070312,8285120
2019-04-25,609.6255493164062,728.5499877929688,737.6500244140625,727.0499877929688,736.4500122070312,8005235
2019-04-26,617.5328369140625,738.0,739.7999877929688,729.0,731.0,6895168
2019-04-30,628.70361328125,751.3499755859375,753.7999877929688,738.0,738.0,9920046
2019-05-02,611.5081176757812,730.7999877929688,748.4000244140625,729.5,747.0,6351352
2019-05-03,605.4834594726562,723.5999755859375,731.0,718.2000122070312,722.9000244140625,6348116
2019-05-06,601.13232421875,718.4000244140625,721.7999877929688,710.6500244140625,715.0,8858265
2019-05-07,606.2783813476562,724.5499877929688,727.9000244140625,718.7000122070312,720.4000244140625,5747536
2019-05-08,601.9271240234375,719.3499755859375,726.0,716.5,721.0,6247642
2019-05-09,603.3497314453125,721.0499877929688,730.2999877929688,715.7999877929688,719.1500244140625,7396525
2019-05-10,599.8352661132812,716.8499755859375,726.0,715.0,720.7999877929688,8352335
2019-05-13,602.2201538085938,719.7000122070312,726.4500122070312,712.0999755859375,716.5499877929688,6808993
2019-05-14,597.324951171875,713.8499755859375,717.75,703.5999755859375,716.5,10513001
2019-05-15,599.2077026367188,716.0999755859375,725.2000122070312,712.5999755859375,714.9000244140625,6668929
2019-05-16,613.4327392578125,733.0999755859375,737.0,719.0999755859375,720.0,6468556
2019-05-17,605.7344970703125,723.9000244140625,735.7999877929688,720.0999755859375,733.1500244140625,8155948
2019-05-20,604.4793090820312,722.4000244140625,726.4000244140625,706.0,719.7000122070312,11213708
2019-05-21,593.517822265625,709.2999877929688,722.6500244140625,707.7000122070312,722.6500244140625,8645535
2019-05-22,593.8941650390625,709.75,718.25,707.0,710.0,5795713
2019-05-23,586.614501953125,701.0499877929688,716.7000122070312,697.4500122070312,715.0,7233736
2019-05-24,593.4340209960938,709.2000122070312,711.75,700.4500122070312,703.7999877929688,7016424
2019-05-27,592.5135498046875,708.0999755859375,713.7999877929688,705.5,707.4000244140625,10247544
2019-05-28,609.2488403320312,728.0999755859375,733.4500122070312,709.7999877929688,712.0,23860490
2019-05-29,608.9978637695312,727.7999877929688,733.6500244140625,723.6500244140625,725.5,10293077
2019-05-30,613.8092041015625,733.5499877929688,737.25,722.5499877929688,727.0,15089296
2019-05-31,617.32373046875,737.75,742.9500122070312,733.2000122070312,736.5,8290306
2019-06-03,623.0973510742188,744.6500244140625,750.9000244140625,729.0,729.7999877929688,7744761
2019-06-04,615.2735595703125,735.2999877929688,739.4500122070312,733.1500244140625,737.25,11733702
2019-06-06,615.5245971679688,735.5999755859375,744.6500244140625,733.6500244140625,736.5,7563925
2019-06-07,618.4534912109375,739.0999755859375,743.9500122070312,735.8499755859375,735.8499755859375,3218358
2019-06-10,630.5027465820312,753.5,754.0999755859375,740.0999755859375,740.0999755859375,4435148
2019-06-11,631.67431640625,754.9000244140625,759.0,750.5,755.0,5733127
2019-06-12,630.7537841796875,753.7999877929688,756.9500122070312,745.0,756.9500122070312,8738342
2019-06-13,630.2022705078125,742.6500244140625,747.2000122070312,740.0,740.0,4808577
2019-06-14,628.3352661132812,740.4500122070312,745.5,738.25,743.8499755859375,5556353
2019-06-17,628.420166015625,740.5499877929688,744.5,737.7999877929688,743.0,3085588
2019-06-18,636.566650390625,750.1500244140625,752.4500122070312,740.2000122070312,740.2000122070312,6202838
2019-06-19,638.0516967773438,751.9000244140625,755.4000244140625,748.5999755859375,752.5,4596253
2019-06-20,640.5974731445312,754.9000244140625,756.9000244140625,735.9000244140625,737.7999877929688,7148684
2019-06-21,636.6090087890625,750.2000122070312,755.0,747.1500244140625,755.0,13200318
2019-06-24,632.62060546875,745.5,751.9000244140625,742.6500244140625,751.9000244140625,4758178
2019-06-25,634.8270263671875,748.0999755859375,750.9000244140625,737.2999877929688,744.0,3677911
2019-06-26,627.274658203125,739.2000122070312,751.4500122070312,738.0,743.0,5447130
2019-06-27,619.9343872070312,730.5499877929688,744.7000122070312,728.1500244140625,742.0,11122346
2019-06-28,621.164794921875,732.0,739.5,728.5,735.5,5919494
2019-07-01,620.5707397460938,731.2999877929688,737.5,729.8499755859375,735.0,3224968
2019-07-02,627.9534301757812,740.0,741.6500244140625,730.0999755859375,734.0,4837606
2019-07-03,620.5707397460938,731.2999877929688,743.2000122070312,730.0,741.0,5958379
2019-07-04,622.6921997070312,733.7999877929688,736.4000244140625,728.5999755859375,729.0,3274064
2019-07-05,609.2845458984375,718.0,736.4000244140625,713.5,735.0,4926289
2019-07-08,608.9451293945312,717.5999755859375,724.9500122070312,712.2999877929688,716.4500122070312,7177092
2019-07-09,607.1629638671875,715.5,719.8499755859375,709.0499877929688,718.0,5022638
2019-07-10,608.648193359375,717.25,722.7000122070312,706.5,709.0,7573816
2019-07-11,612.2545776367188,721.5,723.5,709.5999755859375,719.4500122070312,6252688
2019-07-12,616.709716796875,726.75,730.5999755859375,719.5999755859375,722.5,7874441
2019-07-15,661.34521484375,779.3499755859375,781.6500244140625,754.2000122070312,763.0,31064152
2019-07-16,666.0126342773438,784.8499755859375,787.7999877929688,776.0,777.0,9924322
2019-07-17,673.9044189453125,794.1500244140625,795.0,776.75,783.9000244140625,6754348
2019-07-18,672.6739501953125,792.7000122070312,798.5,786.2000122070312,789.0499877929688,6534471
2019-07-19,666.479248046875,785.4000244140625,794.5,781.25,788.7000122070312,6812754
2019-07-22,665.6307373046875,784.4000244140625,792.0,782.0499877929688,785.9500122070312,7107151
2019-07-23,670.4251098632812,790.0499877929688,804.0,785.5499877929688,787.0,10782564
2019-07-24,667.2429809570312,786.2999877929688,793.75,783.5999755859375,788.0,5745146
2019-07-25,674.201416015625,794.5,800.2000122070312,787.6500244140625,788.25,9773568
2019-07-26,667.8369750976562,787.0,795.0,782.2000122070312,792.2999877929688,4941763
2019-07-29,671.6132202148438,791.4500122070312,796.9500122070312,786.2000122070312,789.5,6244316
2019-07-30,672.6739501953125,792.7000122070312,797.7999877929688,788.5499877929688,791.9000244140625,8673253
2019-07-31,673.480224609375,793.6500244140625,799.7999877929688,781.5999755859375,790.8499755859375,7350584
2019-08-01,652.4351806640625,768.8499755859375,788.4000244140625,764.4000244140625,786.4500122070312,10066407
2019-08-02,658.1631469726562,775.5999755859375,779.9000244140625,762.25,765.0499877929688,10838336
2019-08-05,659.0966186523438,776.7000122070312,785.9000244140625,768.6500244140625,772.5999755859375,9976238
2019-08-06,657.1873168945312,774.4500122070312,783.7000122070312,769.7999877929688,778.7999877929688,9331718
2019-08-07,658.5875244140625,776.0999755859375,783.4500122070312,772.3499755859375,778.9000244140625,5130457
2019-08-08,669.322021484375,788.75,792.75,781.25,782.7000122070312,8009009
2019-08-09,670.2554321289062,789.8499755859375,796.75,784.7999877929688,792.0,4362520
2019-08-13,648.9559326171875,764.75,786.0,760.1500244140625,784.1500244140625,7517099
2019-08-14,657.4841918945312,774.7999877929688,778.25,768.0,775.0999755859375,5940968
2019-08-16,657.27197265625,774.5499877929688,780.0499877929688,762.5,780.0,5128088
2019-08-19,659.9027099609375,777.6500244140625,783.0,773.3499755859375,775.5999755859375,3881451
2019-08-20,672.71630859375,792.75,798.0,783.8499755859375,785.2000122070312,8435344
2019-08-21,678.4019165039062,799.4500122070312,803.75,793.0,793.0,5926896
2019-08-22,675.2197265625,795.7000122070312,801.2999877929688,792.3499755859375,799.9000244140625,5222488
2019-08-23,680.7354125976562,802.2000122070312,809.9500122070312,795.7999877929688,796.4500122070312,6895015
2019-08-26,681.032470703125,802.5499877929688,806.7999877929688,786.9000244140625,795.9000244140625,5412074
2019-08-27,665.8428344726562,784.6500244140625,794.9500122070312,781.0999755859375,791.0,16061642
2019-08-28,680.989990234375,802.5,805.0,786.2999877929688,787.4000244140625,5881134
2019-08-29,684.766357421875,806.9500122070312,809.7000122070312,795.5,795.5,7830413
2019-08-30,691.512451171875,814.9000244140625,817.3499755859375,802.0,810.0,8174186
2019-09-03,690.9609985351562,814.25,822.4000244140625,812.0499877929688,815.0,5647088
2019-09-04,696.9434814453125,821.2999877929688,822.4500122070312,810.25,810.75,6199015
2019-09-05,707.762939453125,834.0499877929688,837.5,826.6500244140625,830.0999755859375,7926895
2019-09-06,712.939453125,840.1500244140625,847.0,835.0499877929688,843.2999877929688,6106841
2019-09-09,703.5624389648438,829.0999755859375,840.2999877929688,827.5499877929688,836.7999877929688,4377870
2019-09-11,695.9251708984375,820.0999755859375,828.5499877929688,814.1500244140625,822.2999877929688,7981036
2019-09-12,692.7854614257812,816.4000244140625,819.8499755859375,810.8499755859375,816.4000244140625,4400017
2019-09-13,703.7321166992188,829.2999877929688,831.0499877929688,817.5,818.0999755859375,4832021
2019-09-16,702.3743896484375,827.7000122070312,837.9500122070312,820.5499877929688,832.0499877929688,4846496
2019-09-17,705.3868408203125,831.25,835.0,820.5499877929688,831.5,5540901
2019-09-18,704.1988525390625,829.8499755859375,832.9500122070312,824.0,829.9000244140625,3199389
2019-09-19,696.4343872070312,820.7000122070312,827.0,815.2000122070312,824.8499755859375,6601607
2019-09-20,683.1115112304688,805.0,835.0,802.0,822.9000244140625,22462366
2019-09-23,648.6165161132812,764.3499755859375,806.9000244140625,741.9000244140625,806.9000244140625,17279260
2019-09-24,673.8195190429688,794.0499877929688,798.6500244140625,765.0,765.0,13717998
2019-09-25,672.631591796875,792.6500244140625,801.0,781.6500244140625,787.7000122070312,9313576
2019-09-26,664.0608520507812,782.5499877929688,797.0,778.0999755859375,787.75,18442824
2019-09-27,663.7637939453125,782.2000122070312,794.25,780.0999755859375,787.0499877929688,5087642
2019-09-30,683.6631469726562,805.6500244140625,808.0,784.1500244140625,785.0999755859375,8178091
2019-10-01,673.3952026367188,793.5499877929688,807.5499877929688,791.5499877929688,807.0,5881438
2019-10-03,666.64892578125,785.5999755859375,797.8499755859375,784.1500244140625,792.5499877929688,5497672
2019-10-04,673.3103637695312,793.4500122070312,797.5999755859375,787.0499877929688,790.0,8201713
2019-10-07,670.0008544921875,789.5499877929688,802.0,786.0999755859375,794.8499755859375,3679845
2019-10-09,664.9942016601562,783.6500244140625,795.9000244140625,778.7999877929688,795.4500122070312,6335025
2019-10-10,664.485107421875,783.0499877929688,794.7000122070312,776.5999755859375,785.4000244140625,10402917
2019-10-11,691.4276123046875,814.7999877929688,823.7999877929688,776.5999755859375,781.5,20636344
2019-10-14,667.0732421875,786.0999755859375,797.0,780.0,786.75,15150858
2019-10-15,651.9683837890625,768.2999877929688,775.9500122070312,765.0,773.0999755859375,13762133
2019-10-16,654.6414794921875,771.4500122070312,775.9500122070312,761.5499877929688,765.25,10767032
2019-10-17,652.9866333007812,769.5,770.5499877929688,765.0999755859375,767.0,9860495
2019-10-18,651.5866088867188,767.8499755859375,773.7999877929688,760.0,763.7999877929688,10037200
2019-10-22,546.1073608398438,643.5499877929688,691.0999755859375,638.3499755859375,691.0999755859375,90152532
2019-10-23,559.0392456054688,650.5999755859375,656.6500244140625,615.0999755859375,630.0,60516887
2019-10-24,545.9353637695312,635.3499755859375,653.2000122070312,632.0,650.0,25666433
2019-10-25,547.7398681640625,637.4500122070312,652.5,636.0,647.0,16549337
2019-10-27,557.5355834960938,648.8499755859375,652.5,645.5499877929688,651.0999755859375,2945281
2019-10-29,559.0823974609375,650.6500244140625,653.75,647.0,651.0,16709764
2019-10-30,567.6318969726562,660.5999755859375,671.4000244140625,656.2000122070312,660.4000244140625,22879467
2019-10-31,589.1136474609375,685.5999755859375,695.4500122070312,666.0999755859375,668.4000244140625,27405901
2019-11-01,591.0901489257812,687.9000244140625,694.0,682.5999755859375,690.0,9713519
2019-11-04,609.2205200195312,709.0,732.5,678.1500244140625,681.7999877929688,29381982
2019-11-05,598.1359252929688,696.0999755859375,708.75,691.5,708.75,12897805
2019-11-06,612.05615234375,712.2999877929688,721.5,692.0,695.7999877929688,21372589
2019-11-07,618.7584228515625,720.0999755859375,724.3499755859375,712.0999755859375,717.0,13733737
2019-11-08,608.4901733398438,708.1500244140625,724.25,705.5,722.0,8585630
2019-11-11,605.2679443359375,704.4000244140625,707.2000122070312,698.0,698.9000244140625,6951494
2019-11-13,594.054443359375,691.3499755859375,700.0,687.75,696.5,9973690
2019-11-14,606.0411987304688,705.2999877929688,709.7999877929688,696.3499755859375,696.3499755859375,10539902
2019-11-15,604.8383178710938,703.9000244140625,712.9500122070312,702.2999877929688,709.0499877929688,7362623
2019-11-18,605.955322265625,705.2000122070312,710.0,699.2999877929688,705.0,7490916
2019-11-19,612.5286865234375,712.8499755859375,714.0,705.0,709.9000244140625,6495885
2019-11-20,612.6576538085938,713.0,715.0,705.0,712.7999877929688,6142171
2019-11-21,612.8724975585938,713.25,721.4500122070312,710.5,715.5,9692973
2019-11-22,595.6441040039062,693.2000122070312,712.0,685.0999755859375,711.75,14415826
2019-11-25,599.8544921875,698.0999755859375,705.1500244140625,693.2000122070312,693.3499755859375,7334511
2019-11-26,593.4099731445312,690.5999755859375,707.25,686.0,705.0,27253106
2019-11-27,597.8353271484375,695.75,697.6500244140625,690.0999755859375,694.25,3861635
2019-11-28,603.07666015625,701.8499755859375,703.3499755859375,694.0499877929688,699.0999755859375,4837683
2019-11-29,598.3507690429688,696.3499755859375,702.2999877929688,691.5499877929688,700.9000244140625,4262379
2019-12-02,595.2144775390625,692.7000122070312,704.0,690.2999877929688,703.0999755859375,9383736
2019-12-03,600.0692749023438,698.3499755859375,699.7000122070312,688.5499877929688,692.7000122070312,5239013
2019-12-04,609.0916748046875,708.8499755859375,710.5,693.3499755859375,697.0,7427886
2019-12-05,614.2471923828125,714.8499755859375,715.9000244140625,703.7999877929688,706.4500122070312,4814422
2019-12-06,614.4619140625,715.0999755859375,720.0,709.5999755859375,715.9500122070312,5226096
2019-12-09,616.3095092773438,717.25,722.3499755859375,714.25,716.0,6435865
2019-12-10,613.989501953125,714.5499877929688,718.5,710.0,713.0,4457939
2019-12-11,619.5748291015625,721.0499877929688,722.7000122070312,713.0,716.5999755859375,6043554
2019-12-12,603.2915649414062,702.0999755859375,720.7000122070312,699.5499877929688,718.5,11112042
2019-12-13,611.1968383789062,711.2999877929688,712.9000244140625,700.3499755859375,700.3499755859375,10302412
2019-12-16,613.5169067382812,714.0,720.2000122070312,710.2000122070312,712.2999877929688,5616324
2019-12-17,627.0073852539062,729.7000122070312,731.25,715.0,719.7000122070312,10525565
2019-12-18,629.370361328125,732.4500122070312,737.2999877929688,722.75,731.0,12215295
2019-12-19,627.995361328125,730.8499755859375,735.9500122070312,724.5999755859375,733.5,7199210
2019-12-20,628.5970458984375,731.5499877929688,735.0,728.25,731.0,7794167
2019-12-23,632.420654296875,736.0,737.2999877929688,731.6500244140625,732.1500244140625,4975608
2019-12-24,630.1866455078125,733.4000244140625,736.9500122070312,728.2999877929688,736.9500122070312,2890759
2019-12-26,626.3629150390625,728.9500122070312,734.5499877929688,726.5499877929688,732.0,3821806
2019-12-27,633.237060546875,736.9500122070312,737.5,728.8499755859375,729.75,3399094
2019-12-30,629.7569580078125,732.9000244140625,737.9500122070312,727.25,736.0999755859375,5368416
2019-12-31,628.2532958984375,731.1500244140625,737.75,725.4500122070312,729.7000122070312,6927885
2020-01-01,633.1510620117188,736.8499755859375,740.0,732.5499877929688,735.0,2112415
2020-01-02,631.3037109375,734.7000122070312,740.7999877929688,730.9000244140625,738.9000244140625,5658200
2020-01-03,641.0134887695312,746.0,748.0,733.9000244140625,733.9000244140625,7882938
2020-01-06,634.8696899414062,738.8499755859375,753.7999877929688,736.5,746.0999755859375,6519403
2020-01-07,625.4606323242188,727.9000244140625,742.5999755859375,725.0999755859375,738.0,7899363
2020-01-08,617.1258544921875,718.2000122070312,729.0,708.2999877929688,724.9500122070312,8639443
2020-01-09,625.1600341796875,727.5499877929688,731.5,714.2999877929688,721.7000122070312,13521186
2020-01-10,634.2682495117188,738.1500244140625,742.9000244140625,730.5,740.4500122070312,9341405
2020-01-13,664.6862182617188,773.5499877929688,777.5,755.0,760.0,36952038
2020-01-14,666.4908447265625,775.6500244140625,776.9500122070312,767.2000122070312,769.9500122070312,11414418
2020-01-15,659.5306396484375,767.5499877929688,773.8499755859375,762.1500244140625,773.8499755859375,6047430
2020-01-16,659.0580444335938,767.0,772.5,760.25,770.7000122070312,5740586
2020-01-17,659.7884521484375,767.8499755859375,772.9000244140625,762.25,770.7000122070312,3762957
2020-01-20,660.3040771484375,768.4500122070312,774.4000244140625,762.9500122070312,771.5999755859375,3887680
2020-01-21,655.1912841796875,762.5,770.5,760.75,768.4500122070312,4448374
2020-01-22,661.8076171875,770.2000122070312,778.0,766.0,768.4500122070312,9733935
2020-01-23,673.96630859375,784.3499755859375,785.5,776.7000122070312,777.0999755859375,12528017
2020-01-24,672.5914306640625,782.75,786.5,773.5999755859375,775.75,7540490
2020-01-27,668.5958862304688,778.0999755859375,784.7999877929688,774.4000244140625,779.0499877929688,3741610
2020-01-28,668.5098876953125,778.0,781.7999877929688,772.0,781.0,5121009
2020-01-29,678.5634155273438,789.7000122070312,792.7999877929688,784.25,786.5999755859375,6832757
2020-01-30,670.8299560546875,780.7000122070312,789.7000122070312,778.0,789.7000122070312,3859680
2020-01-31,666.7484741210938,775.9500122070312,784.9500122070312,771.5999755859375,780.5499877929688,6092028
2020-02-03,659.4017944335938,767.4000244140625,790.9500122070312,764.5,782.0,6416745
2020-02-04,676.9737548828125,787.8499755859375,789.9000244140625,770.0999755859375,770.0999755859375,5771311
2020-02-05,674.13818359375,784.5499877929688,786.0,774.4000244140625,781.0,6310409
2020-02-06,662.7958984375,771.3499755859375,786.7999877929688,770.0,784.3499755859375,7341622
2020-02-07,667.9085083007812,777.2999877929688,778.8499755859375,771.0,775.9500122070312,2853344
2020-02-10,664.385498046875,773.2000122070312,778.0,769.75,774.0,3827682
2020-02-11,664.6862182617188,773.5499877929688,779.0999755859375,769.2000122070312,779.0,4312817
2020-02-12,671.1307983398438,781.0499877929688,783.25,775.0999755859375,775.7999877929688,2948825
2020-02-13,680.7545776367188,792.25,794.0,782.2000122070312,785.0,4387430
2020-02-14,675.7708129882812,786.4500122070312,799.2000122070312,784.5999755859375,794.5,5321680
2020-02-17,678.3486328125,789.4500122070312,793.4500122070312,783.2999877929688,790.2999877929688,2929629
2020-02-18,685.3945922851562,797.6500244140625,799.0499877929688,783.6500244140625,785.0,5083346
2020-02-19,687.8005981445312,800.4500122070312,804.8499755859375,796.1500244140625,800.0,3985192
2020-02-20,684.8359375,797.0,806.0999755859375,793.8499755859375,803.25,4564569
2020-02-24,683.8477783203125,795.8499755859375,811.5999755859375,792.1500244140625,800.0999755859375,6627536
2020-02-25,686.0390014648438,798.4000244140625,806.0,795.4000244140625,799.0,6996695
2020-02-26,672.5914306640625,782.75,801.4500122070312,780.5,793.9500122070312,8760569
2020-02-27,668.381103515625,777.8499755859375,780.75,772.2000122070312,778.0,5223386
2020-02-28,628.7258911132812,731.7000122070312,756.7999877929688,722.0499877929688,750.0,14123957
2020-03-02,636.7600708007812,741.0499877929688,765.9000244140625,733.75,737.0,9821523
2020-03-03,641.8726196289062,747.0,759.0,741.25,755.0,7826587
2020-03-04,651.9690551757812,758.75,761.5,745.5499877929688,753.9000244140625,11013444
2020-03-05,648.403076171875,754.5999755859375,773.5499877929688,751.75,763.75,7755293
2020-03-06,634.9556274414062,738.9500122070312,744.0,729.0999755859375,741.0,9216022
2020-03-09,605.310791015625,704.4500122070312,725.8499755859375,697.0,724.5,10308654
2020-03-11,589.4573364257812,686.0,695.9500122070312,669.0499877929688,690.6500244140625,16165009
2020-03-12,542.369384765625,631.2000122070312,670.0,627.5,668.0,13965574
2020-03-13,551.9503173828125,642.3499755859375,667.0,570.0,592.0,16903113
2020-03-16,501.081787109375,583.1500244140625,622.1500244140625,580.0,622.0,19140152
2020-03-17,476.8504333496094,554.9500122070312,592.0,550.0,588.0999755859375,16059887
2020-03-18,459.1064758300781,534.2999877929688,578.0,528.0,568.0,15390183
2020-03-19,468.7733459472656,545.5499877929688,558.0,509.25,509.25,16583991
2020-03-20,502.8432312011719,585.2000122070312,617.4500122070312,548.0,549.5,21354894
2020-03-23,452.361328125,526.4500122070312,560.9500122070312,515.9000244140625,540.0,17146150
2020-03-24,506.7958679199219,589.7999877929688,601.1500244140625,522.0,522.0,20027097
2020-03-25,520.8878784179688,606.2000122070312,635.0,565.7000122070312,597.0,18339548
2020-03-26,552.5089111328125,643.0,650.8499755859375,612.0999755859375,615.0,14843813
2020-03-27,560.8438110351562,652.7000122070312,674.9000244140625,642.25,665.0499877929688,13495283
2020-03-30,538.5028686523438,626.7000122070312,663.5,621.0999755859375,625.0999755859375,14624804
2020-03-31,551.2199096679688,641.5,662.0,633.7000122070312,650.0,15175521
2020-04-01,517.96630859375,602.7999877929688,637.5,594.0,634.3499755859375,13083824
2020-04-03,503.2728576660156,585.7000122070312,606.0,582.1500244140625,603.5,10221655
2020-04-07,549.07177734375,639.0,644.25,612.9000244140625,615.0,15145605
2020-04-08,542.713134765625,631.5999755859375,655.6500244140625,626.3499755859375,630.0,11806896
2020-04-09,546.7089233398438,636.25,652.7999877929688,632.0999755859375,646.7999877929688,11931114
2020-04-13,547.697021484375,637.4000244140625,651.7000122070312,626.0499877929688,629.0,8330276
2020-04-15,549.1148071289062,639.0499877929688,653.2999877929688,635.5999755859375,651.4000244140625,11963447
2020-04-16,536.0538330078125,623.8499755859375,634.9000244140625,603.5,619.9500122070312,17783287
2020-04-17,540.264404296875,628.75,646.0,626.0,644.0,8878320
2020-04-20,561.3594360351562,653.2999877929688,661.0,639.0,640.0,13322913
2020-04-21,544.0880126953125,633.2000122070312,646.5,627.7999877929688,627.7999877929688,11660575
2020-04-22,551.5206298828125,641.8499755859375,645.0,628.0499877929688,633.2000122070312,8266728
2020-04-23,583.7003173828125,679.2999877929688,683.6500244140625,638.0999755859375,647.0499877929688,14451289
2020-04-24,565.3978271484375,658.0,675.0,654.7999877929688,668.5499877929688,7319940
2020-04-27,571.0689086914062,664.5999755859375,681.0,661.0499877929688,661.0499877929688,7183306
2020-04-28,567.7179565429688,660.7000122070312,677.0,653.0499877929688,673.0,7296571
2020-04-29,581.3373413085938,676.5499877929688,682.0,658.0,666.0,8639056
2020-04-30,614.8056640625,715.5,720.0,698.0999755859375,700.0,16253821
2020-05-04,578.8883666992188,673.7000122070312,701.2000122070312,670.3499755859375,689.7999877929688,9122740
2020-05-05,578.8883666992188,673.7000122070312,685.5999755859375,670.0,681.75,6393053
2020-05-06,572.1862182617188,665.9000244140625,681.4500122070312,664.0499877929688,676.9000244140625,7934250
2020-05-07,571.3698120117188,664.9500122070312,674.3499755859375,662.4500122070312,665.5499877929688,4779548
2020-05-08,579.3179931640625,674.2000122070312,680.9000244140625,668.5,672.25,8400321
2020-05-11,586.793701171875,682.9000244140625,698.5499877929688,678.0,682.5,7370186
2020-05-12,590.875244140625,687.6500244140625,691.0,675.5,678.5,7356039
2020-05-13,596.46044921875,694.1500244140625,699.9000244140625,683.75,694.7999877929688,8287101
2020-05-14,565.52685546875,658.1500244140625,671.75,652.5999755859375,659.0,16888262
2020-05-15,560.5001220703125,652.2999877929688,664.7999877929688,646.7000122070312,664.7999877929688,9255353
2020-05-18,570.4675903320312,663.9000244140625,670.5499877929688,653.0,659.8499755859375,10435442
2020-05-19,574.5061645507812,668.5999755859375,674.7999877929688,655.0,664.0,5902208
2020-05-20,575.3223876953125,669.5499877929688,673.0,659.6500244140625,668.5,5794636
2020-05-21,577.5995483398438,672.2000122070312,679.4500122070312,665.4000244140625,666.5,7213225
2020-05-22,594.9136962890625,692.3499755859375,695.8499755859375,673.5,675.0,11867731
2020-05-26,584.7744140625,680.5499877929688,699.4500122070312,679.0,693.0,7099606
2020-05-27,606.170166015625,705.4500122070312,709.2000122070312,675.0,686.0499877929688,8774636
2020-05-28,607.845703125,707.4000244140625,710.0,690.0,707.0,9440091
2020-05-29,601.8360595703125,691.0,700.7999877929688,674.9500122070312,692.5,28290128
2020-06-01,609.2827758789062,699.5499877929688,706.6500244140625,691.5,698.75,12276438
2020-06-02,616.7294921875,708.0999755859375,711.6500244140625,697.5499877929688,700.5,7059304
2020-06-03,611.0247192382812,701.5499877929688,711.9000244140625,696.0,710.7000122070312,11378568
2020-06-04,616.4246826171875,707.75,709.4500122070312,697.5,702.0,10782424
2020-06-05,612.7666015625,703.5499877929688,711.7000122070312,700.5999755859375,707.0,7718679
2020-06-08,627.8342895507812,720.8499755859375,725.7999877929688,704.0,707.6500244140625,10719105
2020-06-09,625.003662109375,717.5999755859375,729.5999755859375,715.0499877929688,720.0,10078029
2020-06-10,623.4795532226562,715.8499755859375,719.4500122070312,709.2000122070312,715.0,7263049
2020-06-11,613.1150512695312,703.9500122070312,713.4000244140625,700.25,712.0,8825715
2020-06-12,602.7506103515625,692.0499877929688,695.1500244140625,675.5,675.7999877929688,9795316
2020-06-15,598.8312377929688,687.5499877929688,704.4000244140625,685.25,693.0,7857344
2020-06-16,610.7200317382812,701.2000122070312,712.0,699.1500244140625,702.0,10131760
2020-06-17,612.853759765625,703.6500244140625,710.2999877929688,698.0,699.9000244140625,7291916
2020-06-18,621.7811279296875,713.9000244140625,716.5999755859375,706.0,708.2000122070312,6670195
2020-06-19,614.5086059570312,705.5499877929688,711.9000244140625,701.0,709.0,22438862
2020-06-22,612.8972778320312,703.7000122070312,708.7000122070312,700.0,707.0999755859375,7804096
2020-06-23,627.6602172851562,720.6500244140625,724.5,692.0999755859375,695.7000122070312,12157390
2020-06-24,621.9989013671875,714.1500244140625,726.7999877929688,709.4000244140625,716.9000244140625,10220838
2020-06-25,610.1102294921875,700.5,705.5999755859375,693.5,704.8499755859375,14945284
2020-06-26,651.6552734375,748.2000122070312,751.5999755859375,710.0,710.2000122070312,26030458
2020-06-29,637.327880859375,731.75,744.7000122070312,730.0999755859375,735.4000244140625,8954428
2020-06-30,640.98583984375,735.9500122070312,738.9500122070312,724.25,732.7999877929688,10411290
2020-07-01,637.4585571289062,731.9000244140625,742.2999877929688,729.75,737.25,5477468
2020-07-02,658.9713134765625,756.5999755859375,765.4500122070312,735.4000244140625,737.3499755859375,17263756
2020-07-03,664.2842407226562,762.7000122070312,764.0,752.5,755.0,7796572
2020-07-06,665.4164428710938,764.0,775.0,761.5,765.2000122070312,8810958
2020-07-07,691.6760864257812,794.1500244140625,796.9500122070312,765.5499877929688,769.4000244140625,19362533
2020-07-08,674.7357788085938,774.7000122070312,784.9000244140625,772.2000122070312,784.9000244140625,8476642
2020-07-09,680.8324584960938,781.7000122070312,790.0,775.0,780.0,6854166
2020-07-10,680.9630126953125,781.8499755859375,789.9000244140625,773.5,773.5,5206452
2020-07-13,694.2017822265625,797.0499877929688,805.3499755859375,786.0499877929688,788.0,10804688
2020-07-14,682.182373046875,783.25,806.4000244140625,781.3499755859375,792.9500122070312,8961822
2020-07-15,723.7274780273438,830.9500122070312,848.4500122070312,794.7999877929688,799.0,30060599
2020-07-16,793.4480590820312,911.0,955.5,894.25,900.0999755859375,90432109
2020-07-17,786.6110229492188,903.1500244140625,919.9000244140625,892.1500244140625,911.0,31682878
2020-07-20,813.7415771484375,934.2999877929688,945.0,906.75,908.5,18421053
2020-07-21,815.8754272460938,936.75,949.7000122070312,929.2000122070312,945.0,12877784
2020-07-22,799.4578247070312,917.9000244140625,939.0,910.0,938.9500122070312,14354201
2020-07-23,790.791748046875,907.9500122070312,915.7999877929688,900.6500244140625,915.6500244140625,13051307
2020-07-24,803.7689819335938,922.8499755859375,925.75,903.25,903.25,18209580
2020-07-27,826.0657348632812,948.4500122070312,952.7999877929688,918.6500244140625,921.5499877929688,16827870
2020-07-28,838.6076049804688,962.8499755859375,967.5499877929688,941.2000122070312,946.0,15818463
2020-07-29,831.0302734375,954.1500244140625,960.0,943.5999755859375,953.25,11152710
2020-07-30,837.3883056640625,961.4500122070312,972.6500244140625,958.75,962.0,12492320
2020-07-31,841.35107421875,966.0,986.4500122070312,953.2999877929688,969.25,12704346
2020-08-03,833.4254760742188,956.9000244140625,965.4000244140625,947.4500122070312,960.0,8479792
2020-08-04,827.2849731445312,949.8499755859375,970.7000122070312,940.5499877929688,960.4500122070312,11133170
2020-08-05,822.7996826171875,944.7000122070312,960.9500122070312,938.2999877929688,952.0,9614176
2020-08-06,845.5752563476562,970.8499755859375,974.4000244140625,942.5,953.5,10976491
2020-08-07,828.1995239257812,950.9000244140625,969.4500122070312,949.0,969.4500122070312,8010948
2020-08-10,828.5913696289062,951.3499755859375,956.7999877929688,945.2999877929688,948.9000244140625,5716319
2020-08-11,826.0657348632812,948.4500122070312,962.0,946.0999755859375,949.9000244140625,6802442
2020-08-12,831.7269897460938,954.9500122070312,958.7999877929688,942.2000122070312,948.0,6908726
2020-08-13,828.4608764648438,951.2000122070312,968.5,948.25,954.7999877929688,5097703
2020-08-14,830.5511474609375,953.5999755859375,963.0,952.0499877929688,955.8499755859375,4663873
2020-08-17,833.947998046875,957.5,972.4500122070312,954.0999755859375,954.0999755859375,9008210
2020-08-18,842.7010498046875,967.5499877929688,969.2000122070312,958.7000122070312,963.9000244140625,6141761
2020-08-19,835.5157470703125,959.2999877929688,971.5499877929688,957.4500122070312,970.9000244140625,6622744
2020-08-20,831.9012451171875,955.1500244140625,965.5,951.2999877929688,958.9000244140625,5656501
2020-08-21,826.3704833984375,948.7999877929688,963.4500122070312,946.5499877929688,963.0499877929688,6513773
2020-08-24,825.1512451171875,947.4000244140625,952.0,939.2000122070312,947.0,5798574
2020-08-25,817.0512084960938,938.0999755859375,948.6500244140625,933.5999755859375,947.5,6233918
2020-08-26,828.1124877929688,950.7999877929688,954.25,938.4000244140625,941.25,5153601
2020-08-27,824.8462524414062,947.0499877929688,960.9500122070312,945.2000122070312,960.0,6154280
2020-08-28,814.5689086914062,935.25,952.5,933.0499877929688,951.4500122070312,7593610
2020-08-31,808.7771606445312,928.5999755859375,950.5,914.5999755859375,935.25,12808355
2020-09-01,796.191650390625,914.1500244140625,935.0,912.0999755859375,926.25,6907773
2020-09-02,804.7705688476562,924.0,926.4000244140625,913.5,915.0,5678118
2020-09-03,814.830322265625,935.5499877929688,949.4000244140625,924.0,926.5,8827948
2020-09-04,800.5465087890625,919.1500244140625,929.5,914.4500122070312,915.0,8650342
2020-09-07,805.6851806640625,925.0499877929688,927.5499877929688,913.0499877929688,918.9000244140625,6700385
2020-09-08,818.0964965820312,939.2999877929688,952.0,925.5499877929688,929.9500122070312,12891964
2020-09-09,808.0368041992188,927.75,946.0,926.0,935.0,5528947
2020-09-10,818.7495727539062,940.0499877929688,942.0,924.7999877929688,935.2999877929688,5171884
2020-09-11,823.6705932617188,945.7000122070312,954.1500244140625,931.0,934.9000244140625,6671903
2020-09-14,852.1512451171875,978.4000244140625,991.0499877929688,948.2999877929688,957.0,21871587
2020-09-15,855.678466796875,982.4500122070312,994.0,971.6500244140625,979.5,11608203
2020-09-16,872.4881591796875,1001.75,1005.6500244140625,982.0,986.0,10059251
2020-09-17,880.5445556640625,1011.0,1021.0,995.0,995.0,15628241
2020-09-18,872.8364868164062,1002.1500244140625,1018.7999877929688,999.0999755859375,1011.0,12897633
2020-09-21,879.5864868164062,1009.9000244140625,1031.0,1000.5,1001.0,14140637
2020-09-22,877.4960327148438,1007.5,1022.5,991.2000122070312,1009.0,12625762
2020-09-23,888.1654663085938,1019.75,1037.0,1008.0999755859375,1020.1500244140625,13486204
2020-09-24,849.538330078125,975.4000244140625,1009.0,970.0,1003.0,14427432
2020-09-25,880.9364624023438,1011.4500122070312,1014.9000244140625,975.0,975.7999877929688,13311078
2020-09-28,880.02197265625,1010.4000244140625,1016.1500244140625,998.5,1014.7999877929688,8554526
2020-09-29,878.8026123046875,1009.0,1028.0,1004.0999755859375,1018.0,8708463
2020-09-30,878.1494140625,1008.25,1023.9500122070312,1005.0,1009.0,8048817
2020-10-01,886.3364868164062,1017.6500244140625,1026.5,1011.75,1020.5999755859375,5563358
2020-10-05,913.3798217773438,1048.699951171875,1054.9000244140625,1018.0499877929688,1018.0499877929688,14212509
2020-10-06,919.52001953125,1055.75,1060.0,1031.3499755859375,1055.0,9090819
2020-10-07,928.9266357421875,1066.550048828125,1072.0,1035.5,1044.9000244140625,9284008
2020-10-08,952.5731811523438,1093.699951171875,1124.0,1088.4000244140625,1090.0,21482613
2020-10-09,963.98291015625,1106.800048828125,1113.300048828125,1088.449951171875,1095.0999755859375,10567867
2020-10-12,986.0181274414062,1132.0999755859375,1140.0,1112.0999755859375,1123.0,14633537
2020-10-13,1008.4020385742188,1157.800048828125,1166.050048828125,1135.550048828125,1135.550048828125,17523825
2020-10-14,990.2859497070312,1137.0,1164.9000244140625,1131.0999755859375,1162.0,16649573
2020-10-15,965.2457885742188,1108.25,1186.0,1092.5,1180.0,44288251
2020-10-16,982.01171875,1127.5,1135.949951171875,1096.9000244140625,1113.8499755859375,18365685
2020-10-19,980.6182250976562,1125.9000244140625,1139.0,1115.300048828125,1135.0,12902123
2020-10-20,990.7213745117188,1137.5,1144.699951171875,1110.0,1118.9000244140625,10448776
2020-10-21,1000.1713256835938,1148.3499755859375,1154.3499755859375,1135.0,1141.1500244140625,19811433
2020-10-22,983.36181640625,1129.050048828125,1158.0,1123.800048828125,1142.0,11271335
2020-10-23,988.1596069335938,1122.5,1135.0,1120.1500244140625,1133.0,9069862
2020-10-26,979.3121948242188,1112.449951171875,1129.5999755859375,1103.1500244140625,1122.25,6309368
2020-10-27,960.2974243164062,1090.8499755859375,1109.699951171875,1077.1500244140625,1105.699951171875,10172479
2020-10-28,947.7089233398438,1076.550048828125,1104.75,1070.050048828125,1095.5,7608392
2020-10-29,946.2122802734375,1074.8499755859375,1082.0,1060.0999755859375,1070.0,6935616
2020-10-30,933.6676635742188,1060.5999755859375,1083.5999755859375,1052.3499755859375,1072.0,8800386
2020-11-02,943.967529296875,1072.300048828125,1079.949951171875,1051.0999755859375,1065.0,7183119
2020-11-03,935.3843994140625,1062.550048828125,1079.4000244140625,1057.5,1072.0,7204782
2020-11-04,963.0262451171875,1093.949951171875,1116.0,1066.800048828125,1068.0,15702690
2020-11-05,971.8737182617188,1104.0,1123.0,1099.0,1109.9000244140625,9568890
2020-11-06,979.5764770507812,1112.75,1121.0999755859375,1091.699951171875,1108.0,8807127
2020-11-09,1000.5280151367188,1136.550048828125,1146.0,1121.1500244140625,1129.300048828125,10160320
2020-11-10,960.4734497070312,1091.050048828125,1113.8499755859375,1078.0,1113.8499755859375,15622869
2020-11-11,988.1596069335938,1122.5,1126.3499755859375,1087.0,1096.0,12514800
2020-11-12,983.9781494140625,1117.75,1142.0,1113.75,1128.0999755859375,9180976
2020-11-13,989.6560668945312,1124.199951171875,1133.0,1117.0,1120.0,6363212
2020-11-14,997.7988891601562,1133.449951171875,1139.6500244140625,1131.0999755859375,1137.0,1136144
2020-11-17,989.216064453125,1123.699951171875,1145.0,1112.6500244140625,1144.75,12813968
2020-11-18,977.6395874023438,1110.550048828125,1132.699951171875,1101.449951171875,1128.5,9839468
2020-11-19,965.4913330078125,1096.75,1114.699951171875,1093.800048828125,1100.0,10092343
2020-11-20,971.3013916015625,1103.3499755859375,1109.0,1091.0999755859375,1106.0,8063554
2020-11-23,1003.4331665039062,1139.8499755859375,1144.800048828125,1101.949951171875,1105.0,10546363
2020-11-24,1003.609130859375,1140.050048828125,1154.9000244140625,1133.3499755859375,1145.0,8515426
2020-11-25,982.1295776367188,1115.6500244140625,1143.5,1111.25,1137.0,8958701
2020-11-26,979.9725341796875,1113.199951171875,1119.949951171875,1098.300048828125,1119.949951171875,10962256
2020-11-27,968.3523559570312,1100.0,1121.0,1091.0,1118.0,25306145
2020-12-01,1001.67236328125,1137.8499755859375,1140.25,1105.050048828125,1105.050048828125,8933802
2020-12-02,1004.3574829101562,1140.9000244140625,1147.449951171875,1121.0,1134.0,6741637
2020-12-03,991.6368408203125,1126.449951171875,1147.0,1122.699951171875,1147.0,16212632
2020-12-04,998.8554077148438,1134.6500244140625,1137.0,1115.0,1125.0,10564055
2020-12-07,1006.6463012695312,1143.5,1153.0,1136.0,1147.300048828125,7792141
2020-12-08,1015.3174438476562,1153.3499755859375,1167.0,1145.0,1145.0,12308330
2020-12-09,1034.552490234375,1175.199951171875,1179.5,1157.0,1168.050048828125,10039346
2020-12-10,1027.9940185546875,1167.75,1171.6500244140625,1150.0,1157.4000244140625,9488782
2020-12-11,1023.9886474609375,1163.199951171875,1171.949951171875,1155.25,1159.699951171875,10574009
2020-12-14,1025.177001953125,1164.550048828125,1172.5999755859375,1148.199951171875,1169.4000244140625,6728187
2020-12-15,1016.4177856445312,1154.5999755859375,1163.699951171875,1152.0,1156.0,6905926
2020-12-16,1026.1893310546875,1165.699951171875,1168.9000244140625,1153.5999755859375,1160.0,7788404
2020-12-17,1020.4671020507812,1159.199951171875,1168.9000244140625,1156.199951171875,1165.9000244140625,6658153
2020-12-18,1047.4053955078125,1189.800048828125,1195.0,1175.5999755859375,1182.8499755859375,15995676
2020-12-21,1036.4012451171875,1177.300048828125,1209.75,1152.050048828125,1188.0,10858352
2020-12-22,1074.430908203125,1220.5,1223.8499755859375,1176.0999755859375,1182.0,10901851
2020-12-23,1103.0853271484375,1253.050048828125,1258.8499755859375,1230.550048828125,1238.0,15878346
2020-12-24,1088.1199951171875,1236.050048828125,1249.9000244140625,1226.0,1249.9000244140625,7313885
2020-12-28,1091.861328125,1240.300048828125,1248.0,1236.0,1238.449951171875,4607051
2020-12-29,1100.66455078125,1250.300048828125,1254.449951171875,1235.0,1235.0,6878105
2020-12-30,1097.58349609375,1246.800048828125,1253.300048828125,1238.1500244140625,1253.0,5194690
2020-12-31,1105.5062255859375,1255.800048828125,1258.4000244140625,1239.0,1243.0,7430470
2021-01-01,1109.599609375,1260.449951171875,1265.5,1255.800048828125,1257.9000244140625,4253550
2021-01-04,1134.07275390625,1288.25,1290.0,1261.1500244140625,1269.0,7208454
2021-01-05,1138.9583740234375,1293.800048828125,1299.0,1275.050048828125,1282.0,8145280
2021-01-06,1128.6588134765625,1282.0999755859375,1302.0,1268.050048828125,1300.0,7161715
2021-01-07,1111.0963134765625,1262.1500244140625,1297.6500244140625,1255.5,1296.0,10954918
2021-01-08,1155.068115234375,1312.0999755859375,1316.800048828125,1278.25,1278.25,13186251
2021-01-11,1211.4967041015625,1376.199951171875,1383.3499755859375,1340.0,1342.0999755859375,20528626
2021-01-12,1207.579345703125,1371.75,1378.0,1360.0,1378.0,8309868
2021-01-13,1221.136474609375,1387.1500244140625,1392.800048828125,1360.0,1373.8499755859375,14442997
2021-01-14,1206.4788818359375,1370.5,1384.0,1318.449951171875,1360.0,27521697
2021-01-15,1183.986572265625,1344.949951171875,1364.449951171875,1340.0,1360.0,15018441
2021-01-18,1155.024169921875,1312.050048828125,1340.0,1306.0,1338.0,8861765
2021-01-19,1159.0736083984375,1316.6500244140625,1331.0,1312.0,1320.0,5585744
2021-01-20,1179.14501953125,1339.449951171875,1348.4000244140625,1320.550048828125,1320.550048828125,8225838
2021-01-21,1179.364990234375,1339.699951171875,1361.050048828125,1335.0,1350.0,6142421
2021-01-22,1180.3775634765625,1340.8499755859375,1356.0,1326.550048828125,1327.0,9646591
2021-01-25,1166.512451171875,1325.0999755859375,1347.9000244140625,1313.0,1345.0,6542611
2021-01-27,1145.296875,1301.0,1327.550048828125,1285.0999755859375,1319.5999755859375,8133665
2021-01-28,1123.4647216796875,1276.199951171875,1296.449951171875,1272.550048828125,1291.800048828125,4660690
2021-01-29,1090.760986328125,1239.050048828125,1291.1500244140625,1231.0,1286.25,12183519
2021-02-01,1109.9959716796875,1260.9000244140625,1277.949951171875,1241.0,1250.550048828125,8880279
2021-02-02,1119.1070556640625,1271.25,1294.4000244140625,1263.5999755859375,1280.0,6892490
2021-02-03,1130.903564453125,1284.6500244140625,1304.0,1273.0,1277.6500244140625,8182968
2021-02-04,1126.23779296875,1279.3499755859375,1293.4000244140625,1272.050048828125,1285.0,5032240
2021-02-05,1119.8553466796875,1272.0999755859375,1288.75,1262.0,1286.4000244140625,5477481
2021-02-08,1147.5416259765625,1303.550048828125,1310.0,1275.5,1285.5,6921922
2021-02-09,1149.3023681640625,1305.550048828125,1332.0,1297.8499755859375,1306.9000244140625,7965949
2021-02-10,1141.335205078125,1296.5,1304.3499755859375,1283.5999755859375,1295.800048828125,5951207
2021-02-11,1137.94580078125,1292.6500244140625,1296.0,1283.050048828125,1289.0,4673317
2021-02-12,1153.0435791015625,1309.800048828125,1323.75,1301.550048828125,1305.0,5797875
2021-02-15,1152.9114990234375,1309.6500244140625,1328.4000244140625,1307.0999755859375,1320.0,4363513
2021-02-16,1135.96533203125,1290.4000244140625,1319.75,1286.0,1314.0,6896421
2021-02-17,1127.95458984375,1281.300048828125,1294.5,1275.0,1290.4000244140625,4575741
2021-02-18,1137.7698974609375,1292.449951171875,1306.0,1275.0,1276.0,6437551
2021-02-19,1136.7578125,1291.300048828125,1299.5,1276.800048828125,1296.0999755859375,5389696
2021-02-22,1113.7813720703125,1265.199951171875,1308.550048828125,1260.0,1295.0,7371303
2021-02-23,1114.7935791015625,1266.3499755859375,1291.0,1257.550048828125,1271.1500244140625,6612942
2021-02-24,1121.7921142578125,1274.300048828125,1276.5999755859375,1252.0,1260.050048828125,4537258
2021-02-25,1122.0123291015625,1274.550048828125,1299.75,1272.0,1288.449951171875,8788221
2021-02-26,1103.305419921875,1253.300048828125,1274.300048828125,1244.75,1269.0,15132388
2021-03-01,1115.3658447265625,1267.0,1284.5,1259.0,1263.300048828125,5756286
2021-03-02,1148.377685546875,1304.5,1310.0,1279.199951171875,1282.25,10461434
2021-03-03,1182.75439453125,1343.550048828125,1347.0,1308.0,1319.199951171875,9056399
2021-03-04,1171.134033203125,1330.3499755859375,1363.8499755859375,1325.9000244140625,1335.0,12041941
2021-03-05,1159.1175537109375,1316.699951171875,1340.0,1305.050048828125,1328.5,6486176
2021-03-08,1175.8878173828125,1335.75,1346.0999755859375,1317.199951171875,1324.800048828125,5119392
2021-03-09,1184.51513671875,1345.550048828125,1350.449951171875,1318.75,1329.5,6518173
2021-03-10,1204.4102783203125,1368.1500244140625,1374.0,1355.0,1356.9000244140625,7925984
2021-03-12,1210.308349609375,1374.8499755859375,1391.699951171875,1370.050048828125,1373.0,9462061
2021-03-15,1209.2080078125,1373.5999755859375,1379.9000244140625,1358.5,1370.0,6658635
2021-03-16,1218.3634033203125,1384.0,1406.0,1380.5,1386.050048828125,9352771
2021-03-17,1221.004150390625,1387.0,1400.0,1382.0,1392.25,7626744
2021-03-18,1177.076171875,1337.0999755859375,1393.75,1313.5,1393.75,10961755
2021-03-19,1183.54638671875,1344.449951171875,1355.199951171875,1318.0,1330.0,12767112
2021-03-22,1206.7431640625,1370.800048828125,1376.0,1336.0999755859375,1350.0999755859375,4862758
2021-03-23,1207.4034423828125,1371.550048828125,1383.25,1359.5999755859375,1372.449951171875,7165335
2021-03-24,1191.733642578125,1353.75,1370.449951171875,1346.25,1357.8499755859375,6134303
2021-03-25,1174.1712646484375,1333.800048828125,1352.5,1327.5999755859375,1346.75,8749994
2021-03-26,1176.283935546875,1336.199951171875,1356.699951171875,1332.0,1344.699951171875,4922071
2021-03-30,1219.5076904296875,1385.300048828125,1400.0,1336.1500244140625,1346.9000244140625,10546381
2021-03-31,1204.322265625,1368.050048828125,1388.0,1363.300048828125,1382.0,8220987
2021-04-01,1219.4195556640625,1385.199951171875,1391.5999755859375,1371.0,1380.0,5675155
2021-04-05,1241.163818359375,1409.9000244140625,1425.0,1387.0,1391.0,9479572
2021-04-06,1242.1759033203125,1411.050048828125,1426.0,1406.449951171875,1423.0,5793571
2021-04-07,1259.033935546875,1430.199951171875,1434.949951171875,1406.5999755859375,1410.25,5879234
2021-04-08,1267.5291748046875,1439.8499755859375,1451.699951171875,1421.0,1430.0,5654434
2021-04-09,1268.5855712890625,1441.050048828125,1455.0,1430.050048828125,1455.0,6052712
2021-04-12,1255.1168212890625,1425.75,1477.550048828125,1415.0,1474.0,20384532
2021-04-13,1229.939697265625,1397.1500244140625,1435.25,1375.0,1433.0,14855206
2021-04-15,1197.8956298828125,1360.75,1366.4000244140625,1320.0,1332.300048828125,25342491
2021-04-16,1191.733642578125,1353.75,1370.8499755859375,1346.5999755859375,1365.0,10879878
2021-04-19,1199.480712890625,1362.550048828125,1379.699951171875,1332.3499755859375,1340.0,12508028
2021-04-20,1189.620849609375,1351.3499755859375,1379.0,1342.4000244140625,1379.0,8560766
2021-04-22,1189.400634765625,1351.0999755859375,1364.800048828125,1345.1500244140625,1355.550048828125,6622446
2021-04-23,1174.1712646484375,1333.800048828125,1348.4000244140625,1331.0,1343.0,7316262
2021-04-26,1182.75439453125,1343.550048828125,1351.300048828125,1321.0,1332.25,7088606
2021-04-27,1187.112060546875,1348.5,1353.0,1340.1500244140625,1346.0,3636115
2021-04-28,1193.7144775390625,1356.0,1359.5,1344.5999755859375,1358.0,4879234
2021-04-29,1194.0224609375,1356.3499755859375,1369.0,1351.4000244140625,1368.0,5412357
2021-04-30,1192.261962890625,1354.3499755859375,1373.9000244140625,1345.9000244140625,1346.300048828125,8354677
2021-05-03,1190.237060546875,1352.050048828125,1361.0,1338.0,1340.800048828125,4560337
2021-05-04,1170.2977294921875,1329.4000244140625,1354.949951171875,1324.0999755859375,1354.0,4887060
2021-05-05,1180.94970703125,1341.5,1343.9000244140625,1327.800048828125,1341.0999755859375,3939788
2021-05-06,1198.6441650390625,1361.5999755859375,1364.699951171875,1337.4000244140625,1345.0,4810090
2021-05-07,1190.67724609375,1352.550048828125,1373.050048828125,1348.5,1365.300048828125,4991435
2021-05-10,1179.2330322265625,1339.550048828125,1352.9000244140625,1335.050048828125,1349.8499755859375,7195348
2021-05-11,1171.3983154296875,1330.6500244140625,1341.0,1325.0999755859375,1336.9000244140625,6420988
2021-05-12,1168.18505859375,1327.0,1330.0,1314.5,1330.0,5241898
2021-05-14,1158.8538818359375,1316.4000244140625,1326.8499755859375,1311.300048828125,1326.8499755859375,4824609
2021-05-17,1170.2977294921875,1329.4000244140625,1334.949951171875,1320.300048828125,1320.300048828125,5017129
2021-05-18,1179.6292724609375,1340.0,1344.5999755859375,1329.5,1338.0,5620150
2021-05-19,1176.98828125,1337.0,1357.449951171875,1333.25,1342.0,4435878
2021-05-20,1179.0130615234375,1339.300048828125,1349.0999755859375,1335.0,1348.4000244140625,4490092
2021-05-21,1192.3939208984375,1354.5,1357.5,1346.3499755859375,1347.5,4969733
2021-05-24,1186.7156982421875,1348.050048828125,1363.0,1345.0999755859375,1356.6500244140625,4225371
2021-05-25,1198.6441650390625,1361.5999755859375,1368.0,1354.449951171875,1358.0,4099340
2021-05-26,1230.0274658203125,1397.25,1400.0,1362.050048828125,1367.9000244140625,6850024
2021-05-27,1234.4293212890625,1402.25,1416.25,1391.699951171875,1404.199951171875,15365391
2021-05-28,1236.8941650390625,1405.050048828125,1414.0,1396.0999755859375,1409.75,4261312
2021-05-31,1240.1865234375,1393.75,1401.5,1383.0,1401.5,4429904
2021-06-01,1234.3582763671875,1387.199951171875,1401.0,1378.6500244140625,1400.0,4791325
2021-06-02,1226.75,1378.6500244140625,1391.949951171875,1365.0,1380.75,9272276
2021-06-03,1236.5382080078125,1389.6500244140625,1399.0,1377.050048828125,1388.0999755859375,5115645
2021-06-04,1232.9788818359375,1385.6500244140625,1396.9000244140625,1377.6500244140625,1393.949951171875,4194328
2021-06-07,1236.5382080078125,1389.6500244140625,1392.0,1377.300048828125,1391.0,5154576
2021-06-08,1257.27099609375,1412.949951171875,1421.75,1395.550048828125,1396.0,7360630
2021-06-09,1259.3619384765625,1415.300048828125,1425.0,1404.5999755859375,1413.4000244140625,5394317
2021-06-10,1267.370361328125,1424.300048828125,1429.0,1419.0,1424.0,3496575
2021-06-11,1287.480224609375,1446.9000244140625,1451.5999755859375,1429.449951171875,1430.0999755859375,6140828
2021-06-14,1300.73876953125,1461.800048828125,1477.0,1453.449951171875,1471.0,7132294
2021-06-15,1311.505615234375,1473.9000244140625,1476.0,1463.0,1464.0,5403104
2021-06-16,1317.4671630859375,1480.5999755859375,1489.449951171875,1467.5,1472.699951171875,7661710
2021-06-17,1330.547607421875,1495.300048828125,1502.6500244140625,1475.0999755859375,1475.0999755859375,7677951
2021-06-18,1337.666259765625,1503.300048828125,1515.800048828125,1487.4000244140625,1509.0,13533974
2021-06-21,1334.9967041015625,1500.300048828125,1505.800048828125,1484.199951171875,1493.0,5454052
2021-06-22,1345.274169921875,1511.8499755859375,1521.449951171875,1502.0999755859375,1509.699951171875,6427862
2021-06-23,1337.5328369140625,1503.1500244140625,1525.0,1498.6500244140625,1525.0,5529809
2021-06-24,1387.4068603515625,1559.199951171875,1568.75,1511.199951171875,1517.0,10785137
2021-06-25,1400.75439453125,1574.199951171875,1578.0,1543.0,1572.0,9780240
2021-06-28,1398.61865234375,1571.800048828125,1580.1500244140625,1560.5999755859375,1572.9000244140625,5019178
2021-06-29,1390.8330078125,1563.050048828125,1573.6500244140625,1559.199951171875,1561.0,5913567
2021-06-30,1406.6270751953125,1580.800048828125,1591.0,1572.050048828125,1572.050048828125,6058722
2021-07-01,1388.4749755859375,1560.4000244140625,1576.8499755859375,1559.050048828125,1576.8499755859375,4814317
2021-07-02,1395.0596923828125,1567.800048828125,1569.449951171875,1542.5999755859375,1558.949951171875,5166064
2021-07-05,1404.980712890625,1578.949951171875,1585.0,1561.050048828125,1569.1500244140625,4058338
2021-07-06,1390.0765380859375,1562.199951171875,1586.75,1557.0999755859375,1573.699951171875,4089574
2021-07-07,1392.2119140625,1564.5999755859375,1570.550048828125,1544.6500244140625,1566.050048828125,4797120
2021-07-08,1388.786376953125,1560.75,1576.0,1549.0,1568.0,3326813
2021-07-09,1390.6993408203125,1562.9000244140625,1569.9000244140625,1551.0,1556.0,3436594
2021-07-12,1377.3077392578125,1547.8499755859375,1578.0,1533.75,1570.550048828125,4588982
2021-07-13,1374.72705078125,1544.949951171875,1556.4000244140625,1536.300048828125,1556.4000244140625,4456160
2021-07-14,1403.1568603515625,1576.9000244140625,1582.800048828125,1538.0999755859375,1554.0,5657716
2021-07-15,1406.6270751953125,1580.800048828125,1596.8499755859375,1556.0,1557.9000244140625,10021355
2021-07-16,1384.070068359375,1555.449951171875,1574.6500244140625,1549.5999755859375,1573.75,6265593
2021-07-19,1371.835205078125,1541.699951171875,1552.9000244140625,1537.550048828125,1544.699951171875,5669162
2021-07-20,1379.26513671875,1550.050048828125,1557.699951171875,1538.0,1538.300048828125,5069939
2021-07-22,1414.99169921875,1590.199951171875,1592.8499755859375,1561.4000244140625,1561.4000244140625,7854575
2021-07-23,1415.2139892578125,1590.449951171875,1598.5,1585.050048828125,1588.550048828125,4179719
2021-07-26,1427.18212890625,1603.9000244140625,1611.6500244140625,1594.0999755859375,1594.0999755859375,4586710
2021-07-27,1425.980712890625,1602.550048828125,1609.300048828125,1597.9000244140625,1605.0,5892859
2021-07-28,1428.69482421875,1605.5999755859375,1607.5999755859375,1585.5,1605.0999755859375,4686788
2021-07-29,1438.8387451171875,1617.0,1620.0,1600.0999755859375,1600.0999755859375,4660873
2021-07-30,1433.0546875,1610.5,1623.4000244140625,1606.1500244140625,1610.0,6234257
2021-08-02,1451.78564453125,1631.550048828125,1634.75,1619.199951171875,1627.449951171875,5553389
2021-08-03,1472.8297119140625,1655.199951171875,1658.6500244140625,1635.5999755859375,1647.0,5513668
2021-08-04,1467.5352783203125,1649.25,1679.9000244140625,1639.050048828125,1669.0999755859375,6740391
2021-08-05,1471.3616943359375,1653.550048828125,1666.0,1647.050048828125,1649.5,5420536
2021-08-06,1468.3804931640625,1650.199951171875,1660.6500244140625,1644.0,1657.0,3754855
2021-08-09,1480.0372314453125,1663.300048828125,1667.449951171875,1646.4000244140625,1661.0,5018477
2021-08-10,1492.4503173828125,1677.25,1680.0,1661.050048828125,1668.0,6846517
2021-08-11,1492.71728515625,1677.550048828125,1684.0,1668.0,1674.800048828125,4899639
2021-08-12,1503.4395751953125,1689.5999755859375,1696.5,1674.0,1679.1500244140625,5659579
2021-08-13,1523.5494384765625,1712.199951171875,1722.5,1691.300048828125,1697.0,5612790
2021-08-16,1516.6090087890625,1704.4000244140625,1719.949951171875,1690.0999755859375,1707.699951171875,4564109
2021-08-17,1549.7547607421875,1741.6500244140625,1748.9000244140625,1686.550048828125,1703.9000244140625,9510390
2021-08-18,1542.4581298828125,1733.449951171875,1755.5,1727.0,1729.0,6686090
2021-08-20,1542.01318359375,1732.949951171875,1745.0,1716.0999755859375,1716.0999755859375,6206972
2021-08-23,1547.1741943359375,1738.75,1753.1500244140625,1732.0,1735.75,6189051
2021-08-24,1531.2464599609375,1720.8499755859375,1757.0,1712.699951171875,1750.0,7602939
2021-08-25,1544.3267822265625,1735.550048828125,1746.9000244140625,1718.0,1718.0,6153253
2021-08-26,1537.341552734375,1727.699951171875,1746.0,1720.0,1734.0,5302248
2021-08-27,1520.524169921875,1708.800048828125,1727.699951171875,1705.199951171875,1725.0,6698514
2021-08-30,1510.95849609375,1698.050048828125,1718.6500244140625,1690.4000244140625,1703.050048828125,6559667
2021-08-31,1518.4329833984375,1706.449951171875,1715.0,1685.8499755859375,1700.1500244140625,12255438
2021-09-01,1492.8951416015625,1677.75,1709.5,1673.1500244140625,1709.5,7801974
2021-09-02,1502.9947509765625,1689.0999755859375,1694.300048828125,1662.6500244140625,1677.3499755859375,6830050
2021-09-03,1513.2718505859375,1700.6500244140625,1705.949951171875,1684.4000244140625,1696.050048828125,5339139
2021-09-06,1539.7442626953125,1730.4000244140625,1732.0,1699.3499755859375,1705.1500244140625,4876026
2021-09-07,1518.6109619140625,1706.6500244140625,1734.9000244140625,1704.0,1730.0,3520341
2021-09-08,1506.6875,1693.25,1700.8499755859375,1682.949951171875,1700.8499755859375,4584896
2021-09-09,1505.2193603515625,1691.5999755859375,1694.9000244140625,1682.1500244140625,1685.9000244140625,3331674
2021-09-13,1505.4862060546875,1691.9000244140625,1701.5,1675.199951171875,1683.0,4662374
2021-09-14,1500.36962890625,1686.1500244140625,1695.949951171875,1678.5999755859375,1695.949951171875,4945167
2021-09-15,1522.882080078125,1711.449951171875,1715.0999755859375,1690.199951171875,1693.25,4062344
2021-09-16,1514.6956787109375,1702.25,1719.25,1691.449951171875,1715.199951171875,3246568
2021-09-17,1504.9521484375,1691.300048828125,1718.0,1684.449951171875,1697.0,7454864
2021-09-20,1501.8824462890625,1687.8499755859375,1707.699951171875,1677.949951171875,1685.0,5660743
2021-09-21,1529.11083984375,1718.449951171875,1726.75,1684.6500244140625,1700.0,4672222
2021-09-22,1527.7315673828125,1716.9000244140625,1738.9000244140625,1713.050048828125,1717.0,4553892
2021-09-23,1550.5556640625,1742.550048828125,1745.0,1721.0999755859375,1732.0,3826090
2021-09-24,1569.5086669921875,1763.8499755859375,1788.0,1752.449951171875,1758.0,8280446
2021-09-27,1531.5133056640625,1721.1500244140625,1769.0,1718.0999755859375,1768.75,5045337
2021-09-28,1501.2149658203125,1687.0999755859375,1710.0,1675.0,1710.0,6557197
2021-09-29,1505.797607421875,1692.25,1701.4000244140625,1655.0,1659.25,7792548
2021-09-30,1490.6263427734375,1675.199951171875,1703.0,1670.0999755859375,1703.0,6914031
2021-10-01,1481.6834716796875,1665.1500244140625,1678.949951171875,1661.25,1665.0999755859375,5733906
2021-10-04,1493.7850341796875,1678.75,1688.0,1665.4000244140625,1672.5,2947154
2021-10-05,1506.2869873046875,1692.800048828125,1702.949951171875,1663.0,1671.0,4373310
2021-10-06,1489.157958984375,1673.550048828125,1709.0,1670.0,1702.0999755859375,4271698
2021-10-07,1504.6854248046875,1691.0,1704.199951171875,1676.6500244140625,1687.0,5476108
2021-10-08,1533.9158935546875,1723.8499755859375,1731.5,1698.4000244140625,1705.25,4738376
2021-10-11,1504.6407470703125,1690.949951171875,1730.0,1663.699951171875,1682.0,8840633
2021-10-12,1499.4798583984375,1685.1500244140625,1689.0,1662.0,1677.0,7439300
2021-10-13,1520.8800048828125,1709.199951171875,1713.6500244140625,1680.050048828125,1695.949951171875,7104171
2021-10-14,1526.708251953125,1715.75,1783.5999755859375,1698.199951171875,1754.0,19655776
2021-10-18,1594.6905517578125,1792.1500244140625,1799.0,1740.0,1740.0,13438109
2021-10-19,1621.3851318359375,1822.1500244140625,1834.5,1782.300048828125,1814.0,10324260
2021-10-20,1603.7666015625,1802.3499755859375,1848.0,1794.050048828125,1829.4000244140625,5876115
2021-10-21,1560.4326171875,1753.6500244140625,1814.0,1746.8499755859375,1814.0,8779629
2021-10-22,1530.312255859375,1719.800048828125,1763.199951171875,1707.0,1749.9000244140625,7369809
2021-10-25,1519.4117431640625,1707.550048828125,1729.75,1687.199951171875,1722.050048828125,5905209
2021-10-26,1529.4212646484375,1703.699951171875,1726.5999755859375,1695.9000244140625,1710.050048828125,5871709
2021-10-27,1552.0882568359375,1728.949951171875,1734.1500244140625,1701.1500244140625,1709.0999755859375,5090259
2021-10-28,1529.600830078125,1703.9000244140625,1724.75,1692.050048828125,1719.3499755859375,5329972
2021-10-29,1497.1488037109375,1667.75,1712.5999755859375,1661.050048828125,1699.0,5875091
2021-11-01,1526.144775390625,1700.050048828125,1707.199951171875,1676.0,1677.5,3636806
2021-11-02,1524.214599609375,1697.9000244140625,1706.449951171875,1686.3499755859375,1695.0,3471772
2021-11-03,1528.3438720703125,1702.5,1717.449951171875,1699.0,1709.0,3530713
2021-11-04,1533.90966796875,1708.699951171875,1717.0,1705.0,1715.0,483407
2021-11-08,1559.7637939453125,1737.5,1741.0,1703.0,1730.0,5245903
2021-11-09,1564.2525634765625,1742.5,1750.0,1726.0,1734.75,4016134
2021-11-10,1562.1424560546875,1740.1500244140625,1750.949951171875,1721.949951171875,1726.0,4780368
2021-11-11,1555.9932861328125,1733.300048828125,1739.75,1709.0,1732.949951171875,4731349
2021-11-12,1598.095947265625,1780.199951171875,1782.8499755859375,1738.050048828125,1743.0,5069009
2021-11-15,1604.3348388671875,1787.1500244140625,1800.0,1775.5,1782.0999755859375,4354074
2021-11-16,1608.9580078125,1792.300048828125,1808.949951171875,1777.0,1790.0,6034233
2021-11-17,1604.6041259765625,1787.449951171875,1802.0,1780.699951171875,1792.550048828125,4732492
2021-11-18,1597.3775634765625,1779.4000244140625,1789.449951171875,1759.0,1781.5999755859375,4326924
2021-11-22,1579.4234619140625,1759.4000244140625,1785.4000244140625,1751.1500244140625,1784.0,6621839
2021-11-23,1559.2252197265625,1736.9000244140625,1747.25,1710.0,1735.0999755859375,8436160
2021-11-24,1522.5089111328125,1696.0,1740.5,1688.0,1740.0,7333061
2021-11-25,1546.20849609375,1722.4000244140625,1726.199951171875,1696.949951171875,1700.0,4476260
2021-11-26,1518.60400390625,1691.6500244140625,1718.3499755859375,1684.0,1702.550048828125,4494181
2021-11-29,1522.8231201171875,1696.3499755859375,1712.0,1669.1500244140625,1691.0,3942776
2021-11-30,1537.455810546875,1712.6500244140625,1729.9000244140625,1700.050048828125,1704.550048828125,14808963
2021-12-01,1539.4757080078125,1714.9000244140625,1741.9000244140625,1713.0,1715.0,5193264
2021-12-02,1569.4140625,1748.25,1750.5,1711.3499755859375,1715.0,5559574
2021-12-03,1558.01318359375,1735.550048828125,1786.6500244140625,1732.550048828125,1771.0999755859375,6754012
2021-12-06,1521.8804931640625,1695.300048828125,1733.949951171875,1691.5,1730.0,3991449
2021-12-07,1536.55810546875,1711.6500244140625,1724.9000244140625,1694.0,1701.0999755859375,4202122
2021-12-08,1573.992431640625,1753.3499755859375,1759.800048828125,1732.5999755859375,1733.0,3029169
2021-12-09,1583.05908203125,1763.449951171875,1769.4000244140625,1742.0,1759.0,2082171
2021-12-10,1579.2886962890625,1759.25,1763.75,1746.0,1760.0,1823469
2021-12-13,1566.182373046875,1744.6500244140625,1771.3499755859375,1738.800048828125,1767.050048828125,4040584
2021-12-14,1572.9151611328125,1752.1500244140625,1763.0,1710.3499755859375,1730.9000244140625,4768144
2021-12-15,1556.8011474609375,1734.199951171875,1747.949951171875,1721.199951171875,1745.0,3053149
2021-12-16,1590.37548828125,1771.5999755859375,1777.5999755859375,1758.0,1762.6500244140625,4481031
2021-12-17,1634.5875244140625,1820.8499755859375,1842.0,1806.75,1820.0,18887243
2021-12-20,1614.8828125,1798.9000244140625,1829.6500244140625,1787.300048828125,1801.699951171875,5773891
2021-12-21,1626.28369140625,1811.5999755859375,1838.0,1801.0,1801.0,5353584
2021-12-22,1638.0435791015625,1824.699951171875,1829.1500244140625,1812.3499755859375,1825.0,4156428
2021-12-23,1667.5782470703125,1857.5999755859375,1861.5999755859375,1827.0,1831.25,4112933
2021-12-24,1672.8746337890625,1863.5,1875.75,1854.0,1872.949951171875,3780347
2021-12-27,1675.2535400390625,1866.1500244140625,1874.5,1845.050048828125,1860.0,2647733
2021-12-28,1694.8682861328125,1888.0,1895.9000244140625,1878.4000244140625,1880.699951171875,3340933
2021-12-29,1692.6690673828125,1885.550048828125,1893.800048828125,1876.4000244140625,1883.5,3236635
2021-12-30,1699.22216796875,1892.8499755859375,1909.800048828125,1874.3499755859375,1884.5,4584738
2021-12-31,1694.64404296875,1887.75,1898.3499755859375,1871.6500244140625,1890.0,4619420
2022-01-03,1704.2493896484375,1898.449951171875,1914.050048828125,1887.75,1887.75,3329616
2022-01-04,1704.8779296875,1899.1500244140625,1906.6500244140625,1878.0,1898.449951171875,3921999
2022-01-05,1655.952880859375,1844.6500244140625,1902.9000244140625,1840.0,1900.0,6995719
2022-01-06,1631.8494873046875,1817.800048828125,1828.0,1800.0,1828.0,6449205
2022-01-07,1628.7076416015625,1814.300048828125,1836.0,1806.800048828125,1815.449951171875,4834389
2022-01-10,1661.428955078125,1850.75,1869.9000244140625,1813.0,1815.0,7857560
2022-01-11,1665.78271484375,1855.5999755859375,1870.0,1850.1500244140625,1855.0,5142287
2022-01-12,1685.3975830078125,1877.449951171875,1889.0,1860.0,1868.9000244140625,5362535
2022-01-13,1702.7681884765625,1896.800048828125,1912.5,1866.3499755859375,1905.0,14277630
2022-01-14,1731.988525390625,1929.3499755859375,1933.0,1881.0,1882.0,7688506
2022-01-17,1741.100341796875,1939.5,1953.9000244140625,1930.5,1938.550048828125,5262464
2022-01-18,1724.2685546875,1920.75,1945.0,1911.449951171875,1922.0999755859375,3690315
2022-01-19,1676.0616455078125,1867.050048828125,1916.0,1862.8499755859375,1916.0,5747770
2022-01-20,1637.14599609375,1823.699951171875,1848.0,1815.5,1844.0,5533463
2022-01-21,1603.033203125,1785.699951171875,1808.0,1776.0,1795.0,8252758
2022-01-24,1559.135498046875,1736.800048828125,1768.6500244140625,1728.0,1765.0,7116712
2022-01-25,1545.984130859375,1722.1500244140625,1740.0,1700.5,1726.5999755859375,9137653
2022-01-27,1506.8890380859375,1678.5999755859375,1709.699951171875,1665.0,1702.0,11231734
2022-01-28,1513.7113037109375,1686.199951171875,1727.550048828125,1679.5,1681.0,10998502
2022-01-31,1558.5968017578125,1736.199951171875,1749.5,1715.3499755859375,1718.0,8788872
2022-02-01,1590.7794189453125,1772.050048828125,1780.0,1734.699951171875,1766.0999755859375,5119935
2022-02-02,1604.2899169921875,1787.0999755859375,1792.800048828125,1772.0,1789.0,4253717
2022-02-03,1560.7064208984375,1738.550048828125,1779.0,1734.0,1779.0,3832922
2022-02-04,1562.9954833984375,1741.0999755859375,1753.949951171875,1710.1500244140625,1732.0,4700077
2022-02-07,1539.5653076171875,1715.0,1732.0,1695.4000244140625,1722.199951171875,4310209
2022-02-08,1541.630126953125,1717.300048828125,1725.0,1696.0,1710.0,6053401
2022-02-09,1559.584228515625,1737.300048828125,1743.0,1725.0,1735.0,3867244
2022-02-10,1588.5799560546875,1769.5999755859375,1773.9000244140625,1748.75,1755.6500244140625,4334630
2022-02-11,1545.265625,1721.3499755859375,1745.949951171875,1713.0,1740.0,7551371
2022-02-14,1510.1204833984375,1682.199951171875,1718.550048828125,1678.25,1690.0,7459637
2022-02-15,1560.4371337890625,1738.25,1746.75,1690.449951171875,1699.0,4669915
2022-02-16,1555.9932861328125,1733.300048828125,1755.449951171875,1726.8499755859375,1738.25,5350642
2022-02-17,1548.36279296875,1724.800048828125,1749.0,1720.300048828125,1744.0,3937950
2022-02-18,1532.3388671875,1706.949951171875,1722.5,1703.5,1710.0,5602215
2022-02-21,1553.6593017578125,1730.699951171875,1737.300048828125,1691.5,1701.0,5120890
2022-02-22,1556.9359130859375,1734.3499755859375,1751.0,1691.050048828125,1699.9000244140625,8878515
2022-02-23,1564.5662841796875,1742.8499755859375,1758.25,1733.4000244140625,1750.0,5478811
2022-02-24,1506.4849853515625,1678.1500244140625,1714.949951171875,1670.5,1690.0999755859375,13592379
2022-02-25,1521.252197265625,1694.5999755859375,1728.1500244140625,1677.0,1715.0,9737281
2022-02-28,1540.1038818359375,1715.5999755859375,1728.050048828125,1665.0,1682.199951171875,15076542
2022-03-02,1528.6136474609375,1702.800048828125,1714.4000244140625,1691.0,1710.0,6771489
2022-03-03,1544.81689453125,1720.8499755859375,1733.9000244140625,1705.550048828125,1720.199951171875,7344147
2022-03-04,1547.0164794921875,1723.300048828125,1736.0,1681.0,1695.25,9074499
2022-03-07,1561.873291015625,1739.8499755859375,1751.0,1696.0,1697.0,9742588
2022-03-08,1596.30029296875,1778.199951171875,1800.0,1718.449951171875,1718.449951171875,10984500
2022-03-09,1627.854736328125,1813.3499755859375,1831.5999755859375,1791.0,1791.0,10193515
2022-03-10,1639.120849609375,1825.9000244140625,1844.75,1810.199951171875,1844.75,6547182
2022-03-11,1635.6197509765625,1822.0,1831.4000244140625,1811.0,1814.0,4758657
2022-03-14,1697.2921142578125,1890.699951171875,1895.0,1831.550048828125,1831.550048828125,10289724
2022-03-15,1651.1502685546875,1839.300048828125,1888.3499755859375,1830.0,1888.3499755859375,7140443
2022-03-16,1696.1253662109375,1889.4000244140625,1893.949951171875,1849.0,1865.0,5233979
2022-03-17,1664.8848876953125,1854.5999755859375,1923.300048828125,1833.050048828125,1923.300048828125,17731459
2022-03-21,1663.4937744140625,1853.050048828125,1886.9000244140625,1841.0999755859375,1861.0,8362085
2022-03-22,1694.3297119140625,1887.4000244140625,1890.0,1839.0,1850.0,5709382
2022-03-23,1680.8643798828125,1872.4000244140625,1900.0,1857.0,1897.0,6192824
2022-03-24,1693.7012939453125,1886.699951171875,1894.5999755859375,1856.1500244140625,1856.1500244140625,3784303
2022-03-25,1684.58984375,1876.550048828125,1894.0,1858.0,1892.0,3438588
2022-03-28,1682.2108154296875,1873.9000244140625,1880.9000244140625,1852.6500244140625,1866.0,4008555
2022-03-29,1693.072998046875,1886.0,1889.4000244140625,1860.550048828125,1873.9000244140625,3917785
2022-03-30,1709.186767578125,1903.949951171875,1919.0,1895.0,1910.0,7795839
2022-03-31,1711.790283203125,1906.8499755859375,1913.0,1894.199951171875,1900.0,5399145
2022-04-01,1708.8280029296875,1903.550048828125,1910.300048828125,1878.300048828125,1886.8499755859375,6171518
2022-04-04,1690.3350830078125,1882.949951171875,1893.0,1873.0,1889.75,7364074
2022-04-05,1670.72021484375,1861.0999755859375,1889.5999755859375,1857.1500244140625,1883.800048828125,5472024
2022-04-06,1641.769287109375,1828.8499755859375,1857.5,1822.1500244140625,1855.0,5407453
2022-04-07,1625.744873046875,1811.0,1828.1500244140625,1807.550048828125,1821.050048828125,5797544
2022-04-08,1628.976806640625,1814.5999755859375,1838.0,1808.0,1823.0,5131446
2022-04-11,1585.84228515625,1766.550048828125,1814.0,1762.550048828125,1814.0,8248407
2022-04-12,1564.207275390625,1742.449951171875,1757.5,1727.75,1757.5,6456184
2022-04-13,1569.683349609375,1748.550048828125,1757.5,1732.0,1754.949951171875,6257693
2022-04-18,1455.5400390625,1621.4000244140625,1650.0,1590.0,1605.5,30523965
2022-04-19,1402.21630859375,1562.0,1636.6500244140625,1550.0,1636.6500244140625,17044923
2022-04-20,1425.2874755859375,1587.699951171875,1596.300048828125,1563.0,1575.0,10678747
2022-04-21,1453.2060546875,1618.800048828125,1627.199951171875,1589.25,1595.0,7766514
2022-04-22,1423.267578125,1585.449951171875,1610.699951171875,1582.4000244140625,1604.3499755859375,8134245
2022-04-25,1401.4085693359375,1561.0999755859375,1572.800048828125,1554.0999755859375,1572.800048828125,7000570
2022-04-26,1419.272705078125,1581.0,1592.0,1566.550048828125,1577.199951171875,5345435
2022-04-27,1393.9576416015625,1552.800048828125,1572.75,1550.3499755859375,1572.75,8819356
2022-04-28,1420.7091064453125,1582.5999755859375,1601.800048828125,1557.449951171875,1570.0,9245177
2022-04-29,1407.1986083984375,1567.550048828125,1597.300048828125,1560.800048828125,1590.0,9831395
2022-05-02,1383.3646240234375,1541.0,1552.75,1531.0,1550.9000244140625,7072627
2022-05-04,1378.47216796875,1535.550048828125,1570.0,1530.1500244140625,1547.25,6220959
2022-05-05,1422.998291015625,1585.1500244140625,1589.4000244140625,1557.449951171875,1560.050048828125,6144870
2022-05-06,1385.0252685546875,1542.8499755859375,1561.8499755859375,1535.050048828125,1550.0,6171472
2022-05-09,1409.712158203125,1570.3499755859375,1586.800048828125,1522.1500244140625,1540.0,6832202
2022-05-10,1394.13720703125,1553.0,1569.1500244140625,1546.050048828125,1558.0,6212545
2022-05-11,1370.5721435546875,1526.75,1549.949951171875,1511.5999755859375,1549.949951171875,7846080
2022-05-12,1354.4586181640625,1508.800048828125,1527.5,1504.300048828125,1514.0,7034979
2022-05-13,1350.5086669921875,1504.4000244140625,1529.25,1498.0999755859375,1519.300048828125,6723761
2022-05-16,1336.7735595703125,1489.0999755859375,1511.8499755859375,1478.6500244140625,1510.0,6145331
2022-05-17,1363.12109375,1518.449951171875,1525.0,1480.9000244140625,1494.9000244140625,6516378
2022-05-18,1354.8173828125,1509.199951171875,1549.699951171875,1505.300048828125,1522.0,6594126
2022-05-19,1281.1607666015625,1427.1500244140625,1484.699951171875,1417.6500244140625,1481.0,16561140
2022-05-20,1306.296630859375,1455.1500244140625,1466.75,1446.699951171875,1453.0,10488908
2022-05-23,1318.1912841796875,1468.4000244140625,1488.0,1450.050048828125,1455.0999755859375,5887569
2022-05-24,1293.593994140625,1441.0,1469.550048828125,1435.25,1468.5999755859375,5693167
2022-05-25,1266.1690673828125,1410.449951171875,1442.5,1399.25,1435.0,9630092
2022-05-26,1278.2879638671875,1423.949951171875,1430.0,1407.050048828125,1418.0,13040065
2022-05-27,1311.8621826171875,1461.3499755859375,1467.0,1437.4000244140625,1443.949951171875,8284860
2022-05-30,1370.6170654296875,1526.800048828125,1530.0,1485.0,1487.0,10904213
2022-05-31,1364.085205078125,1503.5999755859375,1518.0,1488.1500244140625,1510.699951171875,16033857
2022-06-01,1341.3597412109375,1478.550048828125,1514.75,1472.0999755859375,1513.0,8738508
2022-06-02,1368.076904296875,1508.0,1513.8499755859375,1475.5999755859375,1484.0,7205840
2022-06-03,1380.5057373046875,1521.699951171875,1555.0,1518.0,1524.9000244140625,9395707
2022-06-06,1388.0811767578125,1530.050048828125,1536.5999755859375,1493.0,1516.0,6624883
2022-06-07,1366.8975830078125,1506.699951171875,1519.8499755859375,1502.5999755859375,1519.8499755859375,4904592
2022-06-08,1360.8193359375,1500.0,1520.199951171875,1492.0,1520.199951171875,4697608
2022-06-09,1374.4273681640625,1515.0,1516.949951171875,1481.5,1485.0,4361061
2022-06-10,1339.7718505859375,1476.800048828125,1493.949951171875,1473.5999755859375,1486.0999755859375,6516436
2022-06-13,1292.32470703125,1424.5,1443.5999755859375,1411.699951171875,1443.5999755859375,6987685
2022-06-14,1306.8856201171875,1440.550048828125,1448.9000244140625,1403.1500244140625,1410.0,6090247
2022-06-15,1290.238037109375,1422.199951171875,1446.4000244140625,1418.8499755859375,1440.199951171875,4651958
2022-06-16,1267.5577392578125,1397.199951171875,1443.75,1392.0,1438.0,6641772
2022-06-17,1258.5765380859375,1387.300048828125,1396.949951171875,1367.1500244140625,1391.050048828125,9692047
2022-06-20,1282.93505859375,1414.1500244140625,1422.3499755859375,1382.0,1390.050048828125,4595194
2022-06-21,1315.3680419921875,1449.9000244140625,1456.0,1422.75,1424.0,6270787
2022-06-22,1303.8916015625,1437.25,1459.5999755859375,1435.0,1436.050048828125,6253366
2022-06-23,1317.68115234375,1452.449951171875,1458.0,1433.0,1439.800048828125,6254281
2022-06-24,1307.3843994140625,1441.0999755859375,1467.5,1428.9000244140625,1458.0,6114340
2022-06-27,1337.7760009765625,1474.5999755859375,1484.0,1465.1500244140625,1468.050048828125,4511097
2022-06-28,1342.8111572265625,1480.1500244140625,1488.25,1453.0,1469.0,4412178
2022-06-29,1327.479248046875,1463.25,1477.0,1457.0,1464.699951171875,5060038
2022-06-30,1326.2545166015625,1461.9000244140625,1482.0,1455.0,1465.050048828125,9165177
2022-07-01,1342.1307373046875,1479.4000244140625,1485.0,1442.3499755859375,1454.0,4651635
2022-07-04,1349.9327392578125,1488.0,1492.25,1462.0,1480.25,4800224
2022-07-05,1339.0006103515625,1475.949951171875,1509.949951171875,1472.0,1498.800048828125,7379669
2022-07-06,1353.2442626953125,1491.6500244140625,1500.0,1470.0,1482.199951171875,5209162
2022-07-07,1359.639892578125,1498.699951171875,1513.949951171875,1495.699951171875,1503.050048828125,3323472
2022-07-08,1373.9283447265625,1514.449951171875,1516.949951171875,1499.949951171875,1515.0,3652582
2022-07-11,1336.4605712890625,1473.1500244140625,1499.9000244140625,1466.4000244140625,1495.0,4702638
2022-07-12,1305.116455078125,1438.5999755859375,1468.5999755859375,1436.0,1461.800048828125,4710356
2022-07-13,1310.423583984375,1444.449951171875,1460.0,1438.5999755859375,1450.0,5264025
2022-07-14,1296.27099609375,1428.8499755859375,1452.949951171875,1414.0,1451.0,6157606
2022-07-15,1297.6318359375,1430.3499755859375,1446.0,1410.6500244140625,1446.0,5620018
2022-07-18,1351.656494140625,1489.9000244140625,1493.5999755859375,1448.050048828125,1450.0,5835171
2022-07-19,1346.4398193359375,1484.1500244140625,1486.8499755859375,1470.0999755859375,1471.550048828125,3418540
2022-07-20,1374.69970703125,1515.300048828125,1525.800048828125,1500.0,1501.25,5079392
2022-07-21,1390.6666259765625,1532.9000244140625,1535.449951171875,1503.0999755859375,1517.0,5008061
2022-07-22,1366.53466796875,1506.300048828125,1540.0,1492.1500244140625,1534.0,7020642
2022-07-25,1364.085205078125,1503.5999755859375,1517.1500244140625,1480.0999755859375,1480.0999755859375,7859626
2022-07-26,1316.501953125,1451.1500244140625,1496.6500244140625,1445.0,1496.6500244140625,7268273
2022-07-27,1334.5555419921875,1471.050048828125,1473.0,1445.0,1451.0,4517285
2022-07-28,1376.604736328125,1517.4000244140625,1524.449951171875,1489.8499755859375,1496.4000244140625,6636841
2022-07-29,1405.9078369140625,1549.699951171875,1555.699951171875,1528.0,1532.800048828125,7009465
2022-08-01,1407.132568359375,1551.050048828125,1564.0,1537.9000244140625,1564.0,2983249
2022-08-02,1400.373779296875,1543.5999755859375,1547.0,1528.3499755859375,1546.550048828125,4374635
2022-08-03,1420.7860107421875,1566.0999755859375,1570.0,1539.9000244140625,1549.0,6011955
2022-08-04,1451.449951171875,1599.9000244140625,1603.8499755859375,1574.949951171875,1587.5,7402209
2022-08-05,1466.6455078125,1616.6500244140625,1625.699951171875,1602.300048828125,1608.4000244140625,5361971
2022-08-08,1469.1405029296875,1619.4000244140625,1622.0,1596.0,1617.0,3763409
2022-08-10,1453.7630615234375,1602.449951171875,1621.199951171875,1588.0999755859375,1621.199951171875,4423829
2022-08-11,1469.639404296875,1619.949951171875,1631.3499755859375,1616.0,1630.0,3462090
2022-08-12,1446.18798828125,1594.0999755859375,1614.0,1590.1500244140625,1613.300048828125,3562286
2022-08-16,1448.3197021484375,1596.449951171875,1609.0,1591.0999755859375,1609.0,3004430
2022-08-17,1457.210693359375,1606.25,1612.0,1585.0,1596.449951171875,4067324
2022-08-18,1436.072509765625,1582.949951171875,1598.199951171875,1574.0,1594.0999755859375,4635706
2022-08-19,1448.90966796875,1597.0999755859375,1604.9000244140625,1585.0999755859375,1585.300048828125,4739884
2022-08-22,1429.4498291015625,1575.6500244140625,1599.0,1574.0,1586.0,3950555
2022-08-23,1399.28515625,1542.4000244140625,1554.5,1533.0,1548.0,5551574
2022-08-24,1394.83984375,1537.5,1546.0,1531.0,1535.0,2888426
2022-08-25,1377.2850341796875,1518.1500244140625,1548.699951171875,1513.75,1548.0,4331088
2022-08-26,1380.3697509765625,1521.550048828125,1544.949951171875,1517.449951171875,1535.1500244140625,3079136
2022-08-29,1326.118408203125,1461.75,1468.550048828125,1450.0,1468.550048828125,8079050
2022-08-30,1354.4234619140625,1492.949951171875,1496.0999755859375,1466.0,1473.0999755859375,6725875
2022-09-01,1328.341064453125,1464.199951171875,1468.0999755859375,1451.050048828125,1460.050048828125,8140604
2022-09-02,1318.1802978515625,1453.0,1478.0,1448.0,1478.0,5175653
2022-09-05,1325.7100830078125,1461.300048828125,1467.0,1446.3499755859375,1451.0,3669352
2022-09-06,1320.08544921875,1455.0999755859375,1470.0,1445.449951171875,1461.300048828125,3428442
2022-09-07,1322.3988037109375,1457.6500244140625,1465.75,1438.050048828125,1440.0,3600574
2022-09-08,1338.955322265625,1475.9000244140625,1481.0999755859375,1463.5999755859375,1475.0,4061475
2022-09-09,1371.3883056640625,1511.6500244140625,1520.0,1480.0,1488.0,4816910
2022-09-12,1393.660400390625,1536.199951171875,1545.9000244140625,1521.1500244140625,1525.800048828125,5494819
2022-09-13,1401.5982666015625,1544.949951171875,1553.0,1541.300048828125,1551.9000244140625,4947158
2022-09-14,1338.501953125,1475.4000244140625,1498.949951171875,1472.0,1497.0,14332197
2022-09-15,1299.8544921875,1432.800048828125,1475.199951171875,1429.050048828125,1475.0,12784100
2022-09-16,1249.2774658203125,1377.050048828125,1425.0,1368.3499755859375,1425.0,20464045
2022-09-19,1261.2978515625,1390.300048828125,1406.0,1380.5999755859375,1392.0,6595241
2022-09-20,1259.71044921875,1388.550048828125,1413.550048828125,1385.0999755859375,1407.949951171875,7219797
2022-09-21,1249.458740234375,1377.25,1388.800048828125,1368.4000244140625,1379.9000244140625,7917054
2022-09-22,1241.021728515625,1367.949951171875,1383.949951171875,1360.0,1366.3499755859375,9168498
2022-09-23,1238.7537841796875,1365.449951171875,1394.800048828125,1362.0,1367.5,10426200
2022-09-26,1252.180419921875,1380.25,1399.449951171875,1355.0,1360.0,9414587
2022-09-27,1264.2464599609375,1393.550048828125,1406.5,1378.0,1393.449951171875,8561254
2022-09-28,1265.2896728515625,1394.699951171875,1405.8499755859375,1377.0,1379.0,7022098
2022-09-29,1268.873291015625,1398.6500244140625,1409.8499755859375,1393.0,1404.9000244140625,6119965
2022-09-30,1282.2999267578125,1413.449951171875,1419.300048828125,1376.0,1388.949951171875,8120130
2022-10-03,1264.427978515625,1393.75,1412.0,1386.0,1412.0,4943169
2022-10-04,1296.77001953125,1429.4000244140625,1432.25,1414.0,1419.699951171875,6631341
2022-10-06,1320.130859375,1455.1500244140625,1459.800048828125,1444.0999755859375,1445.0,6180672
2022-10-07,1316.5472412109375,1451.199951171875,1457.8499755859375,1440.1500244140625,1446.3499755859375,3994466
2022-10-10,1326.9349365234375,1462.6500244140625,1465.0,1426.3499755859375,1426.3499755859375,5274677
2022-10-11,1291.689697265625,1423.800048828125,1479.6500244140625,1420.0999755859375,1462.6500244140625,12824774
2022-10-12,1296.1348876953125,1428.699951171875,1441.0999755859375,1413.550048828125,1437.0,5481467
2022-10-13,1288.151611328125,1419.9000244140625,1437.949951171875,1415.0,1431.0,4821514
2022-10-14,1337.45849609375,1474.25,1494.0,1467.25,1485.0,14990688
2022-10-17,1351.701904296875,1489.949951171875,1495.0,1475.5,1476.9000244140625,4286396
2022-10-18,1364.17578125,1503.699951171875,1510.949951171875,1497.25,1510.0,4692004
2022-10-19,1347.6192626953125,1485.449951171875,1504.949951171875,1481.300048828125,1504.0,3553171
2022-10-20,1361.6358642578125,1500.9000244140625,1504.0,1474.199951171875,1475.0,4583939
2022-10-21,1361.2728271484375,1500.5,1506.0,1491.3499755859375,1500.300048828125,3594485
2022-10-24,1377.0130615234375,1517.8499755859375,1521.800048828125,1511.0,1518.5,982837
2022-10-25,1384.6790771484375,1526.300048828125,1532.9000244140625,1521.050048828125,1528.0999755859375,3914341
2022-10-27,1397.656005859375,1523.949951171875,1534.9000244140625,1512.5,1530.800048828125,6760137
2022-10-28,1387.8431396484375,1513.25,1527.949951171875,1507.0,1526.0,3053981
2022-10-31,1410.220947265625,1537.6500244140625,1546.4000244140625,1530.25,1530.25,4542336
2022-11-01,1442.641357421875,1573.0,1575.0,1547.0999755859375,1553.050048828125,4542692
2022-11-02,1424.573974609375,1553.300048828125,1572.75,1545.0,1572.0,2938906
2022-11-03,1403.8927001953125,1530.75,1543.9000244140625,1521.6500244140625,1538.75,3174027
2022-11-04,1388.53076171875,1514.0,1520.449951171875,1501.1500244140625,1520.449951171875,4509682
2022-11-07,1382.523681640625,1507.449951171875,1527.9000244140625,1491.0999755859375,1521.4000244140625,4898592
2022-11-09,1385.962890625,1511.199951171875,1529.0,1501.0999755859375,1529.0,3334755
2022-11-10,1377.4793701171875,1501.949951171875,1512.0,1485.0,1485.0,3435763
2022-11-11,1439.981689453125,1570.0999755859375,1573.5,1546.6500244140625,1546.6500244140625,7214098
2022-11-14,1453.922119140625,1585.300048828125,1591.4000244140625,1568.449951171875,1575.1500244140625,4908813
2022-11-15,1461.9010009765625,1594.0,1597.8499755859375,1572.75,1577.8499755859375,3497614
2022-11-16,1469.971923828125,1602.800048828125,1609.0,1593.5,1597.1500244140625,4497697
2022-11-17,1455.8480224609375,1587.4000244140625,1602.800048828125,1582.949951171875,1597.199951171875,3469515
2022-11-18,1461.350830078125,1593.4000244140625,1598.0,1575.5,1591.699951171875,3126064
2022-11-21,1438.2391357421875,1568.199951171875,1587.8499755859375,1564.050048828125,1582.0999755859375,3071764
2022-11-22,1453.69287109375,1585.050048828125,1588.0,1562.0,1569.0,3399329
2022-11-23,1451.9501953125,1583.1500244140625,1592.0,1579.300048828125,1588.9000244140625,3245067
2022-11-24,1494.7342529296875,1629.800048828125,1636.0,1584.75,1589.0,5282215
2022-11-25,1500.0994873046875,1635.6500244140625,1644.0,1613.800048828125,1631.4000244140625,4563255
2022-11-28,1488.8646240234375,1623.4000244140625,1653.5,1620.0,1628.0,3825766
2022-11-29,1494.0465087890625,1629.050048828125,1638.75,1615.050048828125,1621.199951171875,3131710
2022-11-30,1499.4573974609375,1634.949951171875,1645.75,1613.1500244140625,1619.949951171875,11868134
2022-12-01,1519.7718505859375,1657.0999755859375,1672.5999755859375,1652.300048828125,1656.199951171875,5407928
2022-12-02,1502.1629638671875,1637.9000244140625,1661.800048828125,1633.949951171875,1656.0,4283343
2022-12-05,1503.8594970703125,1639.75,1644.8499755859375,1623.300048828125,1638.0,3824966
2022-12-06,1479.23486328125,1612.9000244140625,1626.0,1607.550048828125,1625.0,4822398
2022-12-07,1472.447998046875,1605.5,1623.800048828125,1596.699951171875,1608.0,4898087
2022-12-08,1485.8839111328125,1620.1500244140625,1623.9000244140625,1598.5,1605.5,4206837
2022-12-09,1439.248046875,1569.300048828125,1628.0,1561.0999755859375,1628.0,8880658
2022-12-12,1418.9793701171875,1547.199951171875,1565.949951171875,1530.050048828125,1550.0,8037679
2022-12-13,1441.86181640625,1572.1500244140625,1577.5,1541.1500244140625,1547.199951171875,6135067
2022-12-14,1448.510986328125,1579.4000244140625,1588.5,1573.0,1582.0,4976020
2022-12-15,1412.834716796875,1540.5,1570.0,1535.25,1569.300048828125,6443866
2022-12-16,1396.0513916015625,1522.199951171875,1549.5,1512.050048828125,1525.0,9630453
2022-12-19,1382.4320068359375,1507.3499755859375,1516.9000244140625,1495.050048828125,1507.949951171875,6222740
2022-12-20,1382.38623046875,1507.300048828125,1516.0,1482.449951171875,1501.0,7396259
2022-12-21,1384.4495849609375,1509.550048828125,1521.0,1502.3499755859375,1515.0,6236361
2022-12-22,1395.913818359375,1522.050048828125,1529.949951171875,1511.75,1521.5,6302640
2022-12-23,1373.0313720703125,1497.0999755859375,1509.9000244140625,1493.0,1508.699951171875,6283822
2022-12-26,1377.8922119140625,1502.4000244140625,1509.9000244140625,1496.3499755859375,1500.5,4115459
2022-12-27,1389.3104248046875,1514.8499755859375,1521.449951171875,1497.5,1509.949951171875,4860076
2022-12-28,1384.999755859375,1510.1500244140625,1524.949951171875,1498.5,1505.0999755859375,5029860
2022-12-29,1391.7867431640625,1517.550048828125,1521.300048828125,1501.0,1504.0,4624745
2022-12-30,1383.21142578125,1508.199951171875,1530.4000244140625,1504.050048828125,1528.0,5060544
2023-01-02,1397.7021484375,1524.0,1526.5,1504.050048828125,1514.0,3801140
2023-01-03,1396.3724365234375,1522.550048828125,1532.6500244140625,1515.0999755859375,1519.8499755859375,4551130
2023-01-04,1370.921875,1494.800048828125,1521.0,1491.0999755859375,1521.0,7059590
2023-01-05,1352.9461669921875,1475.199951171875,1505.9000244140625,1469.25,1505.9000244140625,9868404
2023-01-06,1328.458984375,1448.5,1475.0,1446.5,1470.0,6443714
2023-01-09,1361.4298095703125,1484.449951171875,1489.3499755859375,1448.199951171875,1448.199951171875,11498717
2023-01-10,1347.9481201171875,1469.75,1483.9000244140625,1454.050048828125,1482.0,7158624
2023-01-11,1349.32373046875,1471.25,1494.0,1464.0,1470.0,6173092
2023-01-12,1357.8988037109375,1480.5999755859375,1485.0,1455.0,1481.949951171875,6591385
2023-01-13,1379.03857421875,1503.6500244140625,1519.4000244140625,1468.0,1483.5,11610426
2023-01-16,1399.077880859375,1525.5,1528.0,1502.300048828125,1510.0,6073063
2023-01-17,1411.9176025390625,1539.5,1542.199951171875,1524.0,1527.0,5922644
2023-01-18,1417.3287353515625,1545.4000244140625,1551.8499755859375,1539.5999755859375,1544.75,5843098
2023-01-19,1411.3673095703125,1538.9000244140625,1549.550048828125,1526.1500244140625,1539.9000244140625,6165284
2023-01-20,1399.123779296875,1525.550048828125,1545.0,1524.0,1538.0,6496429
2023-01-23,1419.7132568359375,1548.0,1553.300048828125,1528.0999755859375,1535.0,4855020
2023-01-24,1423.2899169921875,1551.9000244140625,1568.800048828125,1549.75,1560.0,5200802
2023-01-25,1415.12744140625,1543.0,1556.0,1538.75,1547.0,4158617
2023-01-27,1393.254150390625,1519.1500244140625,1550.949951171875,1507.4000244140625,1546.0,6209955
2023-01-30,1411.275634765625,1538.800048828125,1544.0,1520.0,1528.800048828125,6964719
2023-01-31,1406.6441650390625,1533.75,1548.9000244140625,1513.0,1548.9000244140625,9448126
2023-02-01,1422.556396484375,1551.0999755859375,1555.050048828125,1528.050048828125,1542.199951171875,6194199
2023-02-02,1452.50048828125,1583.75,1586.949951171875,1552.0,1552.0,6916834
2023-02-03,1466.853515625,1599.4000244140625,1604.6500244140625,1573.0,1597.5,7040194
2023-02-06,1439.75244140625,1569.8499755859375,1598.0,1561.5999755859375,1598.0,4570612
2023-02-07,1432.919921875,1562.4000244140625,1576.050048828125,1555.0999755859375,1569.0,4336238
2023-02-08,1458.691162109375,1590.5,1603.0,1565.5,1565.5,7983338
2023-02-09,1482.9949951171875,1617.0,1619.75,1586.050048828125,1596.199951171875,6904911
2023-02-10,1475.2452392578125,1608.550048828125,1616.300048828125,1596.449951171875,1612.949951171875,4786762
2023-02-13,1437.5511474609375,1567.449951171875,1597.0,1566.0,1597.0,4001199
2023-02-14,1461.213134765625,1593.25,1596.0,1578.1500244140625,1584.699951171875,5043736
2023-02-15,1464.6983642578125,1597.050048828125,1599.0,1576.0,1584.0,3465747
2023-02-16,1469.0546875,1601.800048828125,1614.449951171875,1597.8499755859375,1600.0,4290289
2023-02-17,1452.5462646484375,1583.800048828125,1595.0,1575.5,1594.0,2857734
2023-02-20,1460.4794921875,1592.449951171875,1603.0,1582.5,1584.949951171875,2417716
2023-02-21,1448.6026611328125,1579.5,1601.6500244140625,1576.0,1598.699951171875,2723288
2023-02-22,1432.3695068359375,1561.800048828125,1575.0,1555.300048828125,1563.0,3656244
2023-02-23,1422.189453125,1550.699951171875,1569.8499755859375,1548.1500244140625,1569.8499755859375,4766854
2023-02-24,1422.1436767578125,1550.6500244140625,1569.0,1545.0,1560.0,2790986
2023-02-27,1384.2203369140625,1509.300048828125,1540.0,1502.0,1540.0,4920268
2023-02-28,1364.2728271484375,1487.550048828125,1524.0,1481.300048828125,1515.5999755859375,9679811
2023-03-01,1372.068603515625,1496.050048828125,1500.8499755859375,1481.5,1492.4000244140625,5125043
2023-03-02,1350.149169921875,1472.1500244140625,1488.5999755859375,1467.300048828125,1485.0,4644499
2023-03-03,1356.70654296875,1479.300048828125,1489.800048828125,1473.0,1486.75,4615015
2023-03-06,1382.523681640625,1507.449951171875,1520.4000244140625,1493.1500244140625,1494.550048828125,6561742
2023-03-08,1368.9959716796875,1492.699951171875,1496.0,1481.0999755859375,1490.550048828125,4137080
2023-03-09,1357.7154541015625,1480.4000244140625,1498.3499755859375,1474.5999755859375,1495.0,5104656
2023-03-10,1349.5987548828125,1471.550048828125,1474.300048828125,1457.6500244140625,1460.0,3699580
2023-03-13,1316.1695556640625,1435.0999755859375,1478.300048828125,1428.0,1464.199951171875,8798403
2023-03-14,1302.3209228515625,1420.0,1448.3499755859375,1411.0,1441.0,7402784
2023-03-15,1301.9998779296875,1419.6500244140625,1442.8499755859375,1416.8499755859375,1438.0,7556182
2023-03-16,1287.7384033203125,1404.0999755859375,1417.800048828125,1398.699951171875,1417.800048828125,7323117
2023-03-17,1302.9627685546875,1420.699951171875,1442.9000244140625,1411.4000244140625,1430.0,9090018
2023-03-20,1287.3258056640625,1403.6500244140625,1419.699951171875,1384.8499755859375,1419.699951171875,8221829
2023-03-21,1275.44921875,1390.699951171875,1405.0,1390.0,1399.0,8536755
2023-03-22,1274.1192626953125,1389.25,1407.25,1382.1500244140625,1403.0,8356487
2023-03-23,1260.6373291015625,1374.550048828125,1383.949951171875,1370.0,1383.949951171875,7607718
2023-03-24,1266.23193359375,1380.6500244140625,1398.949951171875,1377.5,1388.0,7559127
2023-03-27,1273.843994140625,1388.949951171875,1395.75,1374.0999755859375,1386.25,4170193
2023-03-28,1263.4345703125,1377.5999755859375,1398.0,1375.8499755859375,1392.0999755859375,6633366
2023-03-29,1268.8917236328125,1383.550048828125,1389.9000244140625,1364.550048828125,1379.0,8813966
2023-03-31,1309.612060546875,1427.949951171875,1429.949951171875,1393.9000244140625,1404.0,8711975
2023-04-03,1293.9290771484375,1410.8499755859375,1435.0,1405.1500244140625,1435.0,5242764
2023-04-05,1305.5767822265625,1423.550048828125,1427.5,1400.0,1400.0,7506334
2023-04-06,1304.0634765625,1421.9000244140625,1428.4000244140625,1410.3499755859375,1416.0,6948465
2023-04-10,1309.291015625,1427.5999755859375,1434.0,1415.0,1423.949951171875,4993788
2023-04-11,1289.6187744140625,1406.1500244140625,1433.3499755859375,1389.0,1428.9000244140625,6942255
2023-04-12,1309.93310546875,1428.300048828125,1431.5,1400.0,1413.050048828125,5831169
2023-04-13,1274.0733642578125,1389.199951171875,1411.050048828125,1383.0,1409.75,11267238
2023-04-17,1154.021484375,1258.300048828125,1261.1500244140625,1185.300048828125,1250.300048828125,53171705
2023-04-18,1154.9844970703125,1259.3499755859375,1269.949951171875,1253.0999755859375,1269.949951171875,12430884
2023-04-19,1130.0843505859375,1232.199951171875,1254.3499755859375,1229.4000244140625,1254.3499755859375,11307230
2023-04-20,1122.013671875,1223.4000244140625,1237.8499755859375,1221.4000244140625,1230.699951171875,8621249
2023-04-21,1125.6363525390625,1227.3499755859375,1233.25,1220.0,1228.0999755859375,8691352
2023-04-24,1124.67333984375,1226.300048828125,1230.0,1218.0,1228.0,8313774
2023-04-25,1123.38916015625,1224.9000244140625,1235.5,1215.0,1225.949951171875,6808576
2023-04-26,1125.8197021484375,1227.550048828125,1233.0,1220.550048828125,1228.0,5680192
2023-04-27,1142.9700927734375,1246.25,1247.800048828125,1225.4000244140625,1230.0,8020704
2023-04-28,1148.931396484375,1252.75,1259.0,1244.949951171875,1255.699951171875,10118277
2023-05-02,1171.5843505859375,1277.449951171875,1279.75,1254.550048828125,1254.550048828125,8886401
2023-05-03,1163.9722900390625,1269.1500244140625,1272.5,1262.0999755859375,1266.0,5549783
2023-05-04,1168.007568359375,1273.550048828125,1275.800048828125,1262.5,1268.949951171875,4505401
2023-05-05,1154.755126953125,1259.0999755859375,1279.0,1254.25,1279.0,5373791
2023-05-08,1160.71630859375,1265.5999755859375,1270.300048828125,1255.199951171875,1262.449951171875,5260842
2023-05-09,1165.3936767578125,1270.699951171875,1272.0,1260.699951171875,1266.0,4969897
2023-05-10,1158.5611572265625,1263.25,1276.4000244140625,1259.1500244140625,1276.4000244140625,6515734
2023-05-11,1152.0037841796875,1256.0999755859375,1275.9000244140625,1253.050048828125,1270.25,6888461
2023-05-12,1142.007080078125,1245.199951171875,1256.0,1239.050048828125,1253.3499755859375,8292212
2023-05-15,1154.067138671875,1258.3499755859375,1268.9000244140625,1245.6500244140625,1249.9000244140625,5534710
2023-05-16,1159.5240478515625,1264.300048828125,1273.949951171875,1262.75,1265.0,5236469
2023-05-17,1143.566162109375,1246.9000244140625,1260.949951171875,1242.449951171875,1260.5999755859375,10465667
2023-05-18,1142.74072265625,1246.0,1259.6500244140625,1242.449951171875,1258.5999755859375,6948732
2023-05-19,1163.7427978515625,1268.9000244140625,1273.300048828125,1252.800048828125,1256.050048828125,11094136
2023-05-22,1185.662353515625,1292.800048828125,1295.5999755859375,1270.25,1272.949951171875,7625947
2023-05-23,1192.3115234375,1300.050048828125,1314.1500244140625,1297.050048828125,1299.199951171875,7436031
2023-05-24,1191.027587890625,1298.6500244140625,1305.0,1291.300048828125,1296.300048828125,4824077
2023-05-25,1196.255126953125,1304.3499755859375,1307.0,1289.25,1294.5,4334121
2023-05-26,1208.26953125,1317.449951171875,1323.449951171875,1306.0,1306.0,5521606
2023-05-29,1205.47216796875,1314.4000244140625,1332.699951171875,1309.8499755859375,1332.699951171875,4419365
2023-05-30,1214.138916015625,1323.8499755859375,1326.4000244140625,1309.1500244140625,1315.0,6274719
2023-05-31,1209.049072265625,1318.300048828125,1331.0999755859375,1314.1500244140625,1319.8499755859375,17800782
2023-06-01,1210.149658203125,1319.5,1329.5,1318.0999755859375,1322.550048828125,4277841
2023-06-02,1207.3612060546875,1299.0,1312.9000244140625,1296.050048828125,1309.0,10909311
2023-06-05,1212.473388671875,1304.5,1309.449951171875,1297.300048828125,1304.0,5002553
2023-06-06,1188.7720947265625,1279.0,1288.5999755859375,1273.0,1288.5999755859375,10008100
2023-06-07,1198.020263671875,1288.949951171875,1294.0,1282.5,1290.5,5397578
2023-06-08,1192.3043212890625,1282.800048828125,1292.0,1281.0999755859375,1286.199951171875,5034942
2023-06-09,1176.6427001953125,1265.949951171875,1282.5,1264.0,1282.5,5339073
2023-06-12,1200.8084716796875,1291.949951171875,1295.699951171875,1273.0,1273.5,4785588
2023-06-13,1212.798583984375,1304.8499755859375,1306.5,1297.050048828125,1299.9000244140625,4846587
2023-06-14,1208.6624755859375,1300.4000244140625,1306.699951171875,1293.199951171875,1306.3499755859375,3457981
2023-06-15,1196.0218505859375,1286.800048828125,1293.949951171875,1282.6500244140625,1293.949951171875,6161155
2023-06-16,1200.5296630859375,1291.6500244140625,1301.5,1281.050048828125,1287.0,8536287
2023-06-19,1202.7139892578125,1294.0,1299.5,1287.050048828125,1294.0,4451787
2023-06-20,1211.4508056640625,1303.4000244140625,1305.0,1291.0999755859375,1294.0,4009180
2023-06-21,1207.6866455078125,1299.3499755859375,1303.800048828125,1295.0,1299.949951171875,4041529
2023-06-22,1191.1422119140625,1281.550048828125,1289.4000244140625,1273.5,1289.4000244140625,6676607
2023-06-23,1175.7598876953125,1265.0,1279.3499755859375,1263.3499755859375,1276.449951171875,7239467
2023-06-26,1180.732421875,1270.3499755859375,1274.0,1262.25,1270.25,3403244
2023-06-27,1188.91162109375,1279.1500244140625,1282.0,1274.199951171875,1280.0,3240024
2023-06-28,1202.1097412109375,1293.3499755859375,1296.699951171875,1281.4000244140625,1290.0,5662358
2023-06-30,1241.286376953125,1335.5,1338.9000244140625,1304.449951171875,1308.199951171875,12821692
2023-07-03,1239.6131591796875,1333.699951171875,1346.0,1328.449951171875,1330.0,7732412
2023-07-04,1250.255615234375,1345.1500244140625,1346.0,1331.4000244140625,1344.300048828125,5797775
2023-07-05,1252.2540283203125,1347.300048828125,1357.949951171875,1341.0,1357.8499755859375,5414936
2023-07-06,1249.09375,1343.9000244140625,1347.449951171875,1337.1500244140625,1342.550048828125,5963897
2023-07-07,1236.360107421875,1330.199951171875,1345.800048828125,1325.3499755859375,1334.0,6295647
2023-07-10,1235.3843994140625,1329.1500244140625,1341.9000244140625,1319.300048828125,1336.550048828125,3940315
2023-07-11,1253.4622802734375,1348.5999755859375,1350.9000244140625,1327.0,1333.449951171875,6126128
2023-07-12,1239.24169921875,1333.300048828125,1351.9000244140625,1327.0,1351.0,8102770
2023-07-13,1268.7982177734375,1365.0999755859375,1376.800048828125,1330.8499755859375,1334.9000244140625,9977644
2023-07-14,1325.35546875,1425.949951171875,1430.0,1380.6500244140625,1380.6500244140625,12833381
2023-07-17,1322.567138671875,1422.949951171875,1458.949951171875,1414.300048828125,1425.949951171875,11569884
2023-07-18,1371.131103515625,1475.199951171875,1477.949951171875,1429.0,1434.0,16743977
2023-07-19,1370.898681640625,1474.949951171875,1498.800048828125,1460.699951171875,1486.0,13687062
2023-07-20,1347.244140625,1449.5,1471.0,1440.699951171875,1471.0,8347221
2023-07-21,1237.661376953125,1331.5999755859375,1350.0,1305.0,1320.199951171875,45548305
2023-07-24,1242.3087158203125,1336.5999755859375,1349.9000244140625,1334.25,1341.0,8859789
2023-07-25,1240.449951171875,1334.5999755859375,1342.8499755859375,1324.25,1337.0,6801982
2023-07-26,1253.6944580078125,1348.8499755859375,1350.0,1339.4000244140625,1343.0,5528885
2023-07-27,1257.691162109375,1353.1500244140625,1363.800048828125,1347.050048828125,1358.5999755859375,9191861
2023-07-28,1245.93359375,1340.5,1363.8499755859375,1336.0,1353.8499755859375,6122735
2023-07-31,1260.061279296875,1355.699951171875,1357.5,1333.25,1348.75,7902180
2023-08-01,1268.8912353515625,1365.199951171875,1369.0,1357.0,1362.0,6064652
2023-08-02,1261.1302490234375,1356.8499755859375,1371.949951171875,1348.449951171875,1369.300048828125,7419145
2023-08-03,1268.0546875,1364.300048828125,1366.550048828125,1349.0,1350.0,6503741
2023-08-04,1281.113525390625,1378.3499755859375,1385.9000244140625,1362.0,1368.9000244140625,5712345
2023-08-07,1294.72998046875,1393.0,1395.0,1377.0,1387.9000244140625,3729093
2023-08-08,1292.1275634765625,1390.199951171875,1393.550048828125,1384.4000244140625,1392.8499755859375,4161877
2023-08-09,1296.03125,1394.4000244140625,1396.0,1382.5,1384.0,4090828
2023-08-10,1291.1051025390625,1389.0999755859375,1395.800048828125,1385.5999755859375,1391.5999755859375,3873025
2023-08-11,1275.0718994140625,1371.8499755859375,1396.8499755859375,1367.050048828125,1392.0,5783517
2023-08-14,1295.2412109375,1393.550048828125,1395.0,1365.5999755859375,1371.8499755859375,4304135
2023-08-16,1318.4310302734375,1418.5,1419.949951171875,1405.4000244140625,1410.800048828125,7735313
2023-08-17,1311.971435546875,1411.550048828125,1420.0,1406.0,1420.0,5618346
2023-08-18,1290.826171875,1388.800048828125,1408.699951171875,1386.1500244140625,1403.699951171875,5134103
2023-08-21,1306.255126953125,1405.4000244140625,1407.0,1387.1500244140625,1389.75,3032722
2023-08-22,1304.7215576171875,1403.75,1406.050048828125,1396.6500244140625,1404.699951171875,2890714
2023-08-23,1308.625244140625,1407.949951171875,1416.5999755859375,1405.6500244140625,1416.0,2559125
2023-08-24,1323.171142578125,1423.5999755859375,1425.050048828125,1414.449951171875,1421.5,5171963
2023-08-25,1319.918212890625,1420.0999755859375,1422.5,1411.4000244140625,1413.0,4307172
2023-08-28,1315.7821044921875,1415.6500244140625,1424.800048828125,1411.4000244140625,1420.0999755859375,3133464
2023-08-29,1317.64111328125,1417.6500244140625,1424.4000244140625,1415.300048828125,1424.0,3074444
2023-08-30,1333.9066162109375,1435.1500244140625,1436.6500244140625,1424.0,1427.0,3070887
2023-08-31,1334.185302734375,1435.449951171875,1444.9000244140625,1428.6500244140625,1435.1500244140625,9792735
2023-09-01,1341.9927978515625,1443.8499755859375,1446.0,1428.199951171875,1430.949951171875,3582133
2023-09-04,1361.7435302734375,1465.0999755859375,1470.0,1434.699951171875,1443.0,4609014
2023-09-05,1374.570068359375,1478.9000244140625,1480.050048828125,1456.5,1465.0,5496840
2023-09-06,1373.2222900390625,1477.449951171875,1482.9000244140625,1463.300048828125,1481.9000244140625,5075786
2023-09-07,1362.765869140625,1466.199951171875,1473.4000244140625,1462.050048828125,1470.5999755859375,4411743
2023-09-08,1365.9261474609375,1469.5999755859375,1474.75,1460.199951171875,1463.5,3125838
2023-09-11,1372.2928466796875,1476.449951171875,1478.050048828125,1464.5,1469.5999755859375,4182226
2023-09-12,1395.2039794921875,1501.0999755859375,1504.0,1477.0999755859375,1482.5,6793161
2023-09-13,1392.64794921875,1498.3499755859375,1505.0,1488.6500244140625,1505.0,4804686
2023-09-14,1400.6412353515625,1506.949951171875,1512.550048828125,1499.1500244140625,1505.0,6444213
2023-09-15,1404.9632568359375,1511.5999755859375,1518.4000244140625,1509.0,1518.0,8657816
2023-09-18,1386.56005859375,1491.800048828125,1504.9000244140625,1488.0,1504.9000244140625,3991916
2023-09-20,1385.1195068359375,1490.25,1495.0999755859375,1476.199951171875,1476.199951171875,4169337
2023-09-21,1395.8082275390625,1501.75,1504.550048828125,1476.0,1486.550048828125,6779195
2023-09-22,1390.6031494140625,1496.1500244140625,1506.949951171875,1485.199951171875,1491.9000244140625,5455613
2023-09-25,1370.1551513671875,1474.1500244140625,1489.8499755859375,1471.550048828125,1489.8499755859375,4217863
2023-09-26,1357.607666015625,1460.6500244140625,1479.9000244140625,1459.0,1479.1500244140625,3996528
2023-09-27,1363.5096435546875,1467.0,1469.5999755859375,1450.050048828125,1456.0,3863586
2023-09-28,1337.903076171875,1439.449951171875,1472.5999755859375,1435.0,1467.9000244140625,5814602
2023-09-29,1334.185302734375,1435.449951171875,1446.800048828125,1416.0,1432.0999755859375,6068968
2023-10-03,1332.83740234375,1434.0,1437.0,1420.300048828125,1436.050048828125,4181867
2023-10-04,1342.4573974609375,1444.3499755859375,1449.949951171875,1418.199951171875,1425.0,4510406
2023-10-05,1360.2100830078125,1463.449951171875,1475.6500244140625,1450.199951171875,1452.0,7384621
2023-10-06,1374.38427734375,1478.699951171875,1484.5,1463.300048828125,1469.5,3598672
2023-10-09,1371.3634033203125,1475.449951171875,1491.0,1462.199951171875,1464.9000244140625,3567552
2023-10-10,1389.6737060546875,1495.1500244140625,1497.0,1469.0999755859375,1483.9000244140625,5688951
2023-10-11,1388.976806640625,1494.4000244140625,1518.25,1481.449951171875,1497.0,7220129
2023-10-12,1362.115478515625,1465.5,1504.4000244140625,1452.0,1491.9000244140625,11081662
2023-10-13,1330.1885986328125,1431.1500244140625,1438.0,1400.0,1405.0,17973439
2023-10-16,1332.9771728515625,1434.1500244140625,1443.5999755859375,1430.0,1432.0999755859375,4850745
2023-10-17,1340.691650390625,1442.449951171875,1453.3499755859375,1438.050048828125,1440.25,3923764
2023-10-18,1338.925537109375,1440.550048828125,1454.0,1438.3499755859375,1442.0,4264837
2023-10-19,1332.512451171875,1433.6500244140625,1439.6500244140625,1426.0999755859375,1426.0999755859375,6795691
2023-10-20,1326.563720703125,1427.25,1438.5,1425.25,1430.0,3928622
2023-10-23,1309.2760009765625,1408.6500244140625,1432.3499755859375,1405.25,1425.5999755859375,2636516
2023-10-25,1289.8812255859375,1370.050048828125,1402.550048828125,1361.300048828125,1399.0,6940777
2023-10-26,1279.901611328125,1359.449951171875,1374.0,1353.0999755859375,1355.050048828125,6357656
2023-10-27,1299.57861328125,1380.3499755859375,1385.0,1363.6500244140625,1363.6500244140625,4634358
2023-10-30,1296.4718017578125,1377.050048828125,1380.3499755859375,1363.0999755859375,1380.3499755859375,2667696
2023-10-31,1288.327880859375,1368.4000244140625,1381.1500244140625,1363.0,1379.949951171875,3451595
2023-11-01,1274.91162109375,1354.1500244140625,1377.449951171875,1351.6500244140625,1373.050048828125,3090672
2023-11-02,1289.975341796875,1370.1500244140625,1376.300048828125,1361.6500244140625,1370.0,3758060
2023-11-03,1307.76953125,1389.050048828125,1392.0,1377.75,1380.050048828125,3349045
2023-11-06,1321.1856689453125,1403.300048828125,1407.25,1390.800048828125,1393.9000244140625,2736381
2023-11-07,1322.127197265625,1404.300048828125,1405.9000244140625,1394.8499755859375,1400.0,2272209
2023-11-08,1309.6053466796875,1391.0,1405.0,1386.449951171875,1405.0,3550635
2023-11-09,1294.3533935546875,1374.800048828125,1397.5,1370.050048828125,1395.9000244140625,5498051
2023-11-10,1288.75146484375,1368.8499755859375,1373.1500244140625,1361.0,1369.949951171875,2943649
2023-11-13,1293.176513671875,1373.550048828125,1382.449951171875,1370.8499755859375,1379.8499755859375,3462092
2023-11-15,1327.9644775390625,1410.5,1414.0,1393.0,1399.0,8551860
2023-11-16,1360.3514404296875,1444.9000244140625,1453.4000244140625,1410.5999755859375,1416.0999755859375,6673907
2023-11-17,1353.431640625,1437.550048828125,1451.0,1435.050048828125,1441.050048828125,4901251
2023-11-20,1352.5372314453125,1436.5999755859375,1452.0,1433.6500244140625,1442.0,3584210
2023-11-21,1354.7967529296875,1439.0,1450.0,1436.75,1442.0,3793135
2023-11-22,1372.49658203125,1457.800048828125,1458.949951171875,1436.199951171875,1436.199951171875,3108786
2023-11-23,1364.447021484375,1449.25,1467.9000244140625,1447.699951171875,1467.9000244140625,3186928
2023-11-24,1353.290283203125,1437.4000244140625,1452.6500244140625,1433.8499755859375,1445.550048828125,2973195
2023-11-28,1358.2801513671875,1442.699951171875,1445.0,1427.050048828125,1444.0,3755373
2023-11-29,1374.19140625,1459.5999755859375,1460.699951171875,1449.800048828125,1451.0999755859375,3875778
2023-11-30,1370.001708984375,1455.1500244140625,1460.6500244140625,1449.550048828125,1453.25,10120867
2023-12-01,1367.318603515625,1452.300048828125,1459.9000244140625,1446.1500244140625,1459.9000244140625,3489187
2023-12-04,1378.6632080078125,1464.3499755859375,1471.9000244140625,1449.300048828125,1460.449951171875,5511948
2023-12-05,1368.8719482421875,1453.949951171875,1466.9000244140625,1442.0,1465.800048828125,5123039
2023-12-06,1388.03125,1474.300048828125,1477.0,1451.050048828125,1456.75,5269178
2023-12-07,1380.1226806640625,1465.9000244140625,1472.8499755859375,1461.800048828125,1472.8499755859375,4424453
2023-12-08,1403.895263671875,1491.1500244140625,1494.699951171875,1466.25,1470.4000244140625,6323433
2023-12-11,1401.400146484375,1488.5,1498.0,1482.0,1490.0,3862018
2023-12-12,1389.6787109375,1476.050048828125,1490.0,1467.6500244140625,1477.5,6103494
2023-12-13,1364.2115478515625,1449.0,1476.050048828125,1433.1500244140625,1476.0,8549258
2023-12-14,1413.59228515625,1501.449951171875,1511.0,1461.3499755859375,1463.4000244140625,12489858
2023-12-15,1486.0396728515625,1578.4000244140625,1588.550048828125,1521.0,1523.050048828125,18395389
2023-12-18,1472.811767578125,1564.3499755859375,1593.0,1560.300048828125,1567.949951171875,6467243
2023-12-19,1467.115966796875,1558.300048828125,1573.949951171875,1543.25,1570.0999755859375,4221721
2023-12-20,1446.4974365234375,1536.4000244140625,1583.5,1530.0,1565.050048828125,6592367
2023-12-21,1446.1207275390625,1536.0,1546.6500244140625,1521.25,1521.25,5319038
2023-12-22,1471.4466552734375,1562.9000244140625,1566.0,1523.0,1534.949951171875,6741060
2023-12-26,1453.60546875,1543.949951171875,1548.0,1523.0,1535.0,6878067
2023-12-27,1475.40087890625,1567.0999755859375,1570.0,1544.0,1544.0,4225849
2023-12-28,1471.2113037109375,1562.6500244140625,1568.949951171875,1555.0,1568.949951171875,5702253
2023-12-29,1452.616943359375,1542.9000244140625,1559.449951171875,1540.0,1541.050048828125,4388990
2024-01-01,1460.572509765625,1551.3499755859375,1557.0,1535.25,1539.0,2808451
2024-01-02,1444.6143798828125,1534.4000244140625,1549.1500244140625,1523.0,1546.0,5396313
2024-01-03,1402.8123779296875,1490.0,1519.949951171875,1488.0,1519.949951171875,7550363
2024-01-04,1424.1839599609375,1512.699951171875,1519.75,1492.9000244140625,1504.949951171875,7056038
2024-01-05,1442.87255859375,1532.550048828125,1539.699951171875,1506.25,1506.75,8895403
2024-01-08,1433.6932373046875,1522.800048828125,1536.0,1513.25,1528.949951171875,4440136
2024-01-09,1439.8128662109375,1529.300048828125,1553.0,1525.8499755859375,1541.9000244140625,4412074
2024-01-10,1430.9627685546875,1519.9000244140625,1535.449951171875,1505.0,1524.949951171875,4096845
2024-01-11,1406.7666015625,1494.199951171875,1525.0,1486.5999755859375,1524.9000244140625,11296088
2024-01-12,1518.3797607421875,1612.75,1618.0,1555.4000244140625,1562.0,26754401
2024-01-15,1555.4271240234375,1652.0999755859375,1664.949951171875,1636.0,1644.949951171875,13228305
2024-01-16,1536.07958984375,1631.550048828125,1648.5,1625.0,1644.800048828125,6500917
2024-01-17,1544.223388671875,1640.199951171875,1647.5,1620.25,1620.25,9209876
2024-01-18,1546.4830322265625,1642.5999755859375,1649.0,1628.25,1642.6500244140625,6375464
2024-01-19,1562.111572265625,1659.199951171875,1665.5,1644.1500244140625,1651.5999755859375,4522736
2024-01-23,1546.059326171875,1642.1500244140625,1674.699951171875,1637.699951171875,1650.0999755859375,9401255
2024-01-24,1577.36376953125,1675.4000244140625,1680.0,1645.0,1659.9000244140625,8999681
2024-01-25,1571.4322509765625,1669.0999755859375,1680.550048828125,1658.0,1672.949951171875,8865304
2024-01-29,1559.663818359375,1656.5999755859375,1679.3499755859375,1647.5999755859375,1665.1500244140625,4253785
2024-01-30,1554.8150634765625,1651.449951171875,1690.0,1648.25,1662.449951171875,4995943
2024-01-31,1563.7122802734375,1660.9000244140625,1667.25,1638.0999755859375,1648.25,6763779
2024-02-01,1560.0875244140625,1657.050048828125,1677.0,1650.3499755859375,1659.550048828125,5760011
2024-02-02,1594.2633056640625,1693.3499755859375,1718.5,1665.0,1666.050048828125,7858483
2024-02-05,1588.4732666015625,1687.199951171875,1700.75,1681.8499755859375,1694.75,3634135
2024-02-06,1628.2509765625,1729.449951171875,1733.0,1673.949951171875,1686.75,7694265
2024-02-07,1594.639892578125,1693.75,1729.0,1686.8499755859375,1729.0,4613877
2024-02-08,1593.08642578125,1692.0999755859375,1706.3499755859375,1682.800048828125,1698.0,5919715
2024-02-09,1571.6676025390625,1669.3499755859375,1692.9000244140625,1659.800048828125,1684.699951171875,4600004
2024-02-12,1581.788818359375,1680.0999755859375,1692.949951171875,1670.3499755859375,1670.3499755859375,3555808
2024-02-13,1585.9783935546875,1684.550048828125,1689.0999755859375,1663.5,1683.0,2696481
2024-02-14,1568.701904296875,1666.199951171875,1669.449951171875,1635.5,1660.199951171875,3768579
2024-02-15,1578.258056640625,1676.3499755859375,1687.75,1661.5999755859375,1677.0,4834391
2024-02-16,1602.07763671875,1701.6500244140625,1709.0,1687.949951171875,1689.0,4880654
2024-02-19,1600.2889404296875,1699.75,1711.5,1687.699951171875,1705.0,3690993
2024-02-20,1586.6373291015625,1685.25,1694.25,1668.75,1685.0,3706389
2024-02-21,1558.6754150390625,1655.550048828125,1674.0,1645.300048828125,1674.0,4300508
2024-02-22,1582.9654541015625,1681.3499755859375,1684.5999755859375,1644.4000244140625,1665.0,5841277
2024-02-23,1578.7288818359375,1676.8499755859375,1698.449951171875,1671.9000244140625,1697.0,5373072
2024-02-26,1563.0059814453125,1660.1500244140625,1674.949951171875,1645.0,1674.949951171875,2782438
2024-02-27,1566.254150390625,1663.5999755859375,1671.0999755859375,1652.800048828125,1661.0,5159088
2024-02-28,1573.4566650390625,1671.25,1687.800048828125,1662.050048828125,1670.0,3188916
2024-02-29,1575.951416015625,1673.9000244140625,1682.25,1653.300048828125,1665.0,7814722
2024-03-01,1557.8748779296875,1654.699951171875,1671.949951171875,1651.0,1669.0,6387291
2024-03-04,1541.39892578125,1637.199951171875,1664.449951171875,1633.6500244140625,1657.8499755859375,4445156
2024-03-05,1512.495361328125,1606.5,1637.3499755859375,1602.0,1634.0,4596579
2024-03-06,1522.89892578125,1617.550048828125,1620.1500244140625,1576.0,1602.800048828125,6420684
2024-03-07,1521.8631591796875,1616.449951171875,1628.449951171875,1604.199951171875,1616.5999755859375,6348359
2024-03-11,1506.9405517578125,1600.5999755859375,1613.800048828125,1588.0,1608.1500244140625,6752895
2024-03-12,1518.56787109375,1612.949951171875,1625.0,1597.6500244140625,1600.0,4614222
2024-03-13,1517.108642578125,1611.4000244140625,1624.5,1598.550048828125,1612.9000244140625,5688997
2024-03-14,1556.556884765625,1653.300048828125,1657.75,1608.0,1614.4000244140625,8803799
2024-03-15,1538.38623046875,1634.0,1645.800048828125,1618.3499755859375,1641.0999755859375,11809997
2024-03-18,1508.8707275390625,1602.6500244140625,1632.6500244140625,1598.8499755859375,1630.0,4958904
2024-03-19,1470.0814208984375,1561.449951171875,1599.0,1558.0,1592.3499755859375,6870411
2024-03-20,1463.9617919921875,1554.949951171875,1574.949951171875,1552.3499755859375,1563.0,4759059
2024-03-21,1463.7264404296875,1554.699951171875,1576.949951171875,1543.4000244140625,1564.0,11062497
2024-03-22,1420.5595703125,1508.8499755859375,1528.9000244140625,1498.199951171875,1521.0,14673890
2024-03-26,1405.307373046875,1492.6500244140625,1507.449951171875,1487.9000244140625,1492.0,8351081
2024-03-27,1397.022216796875,1483.8499755859375,1499.0,1481.550048828125,1496.0,6857402
2024-03-28,1410.3914794921875,1498.050048828125,1511.800048828125,1487.1500244140625,1487.1500244140625,12499530
2024-04-01,1407.9434814453125,1495.449951171875,1529.949951171875,1492.800048828125,1525.0,6580002
2024-04-02,1396.0809326171875,1482.8499755859375,1493.1500244140625,1480.8499755859375,1484.8499755859375,7279400
2024-04-03,1394.009521484375,1480.6500244140625,1495.0999755859375,1475.0,1479.0,8736248
2024-04-04,1399.70556640625,1486.699951171875,1495.6500244140625,1468.0,1490.550048828125,11186915
2024-04-05,1392.5501708984375,1479.0999755859375,1486.699951171875,1476.050048828125,1480.050048828125,5072482
2024-04-08,1390.2906494140625,1476.699951171875,1490.949951171875,1474.0999755859375,1483.0,6610887
2024-04-09,1407.378662109375,1494.8499755859375,1513.800048828125,1487.300048828125,1490.0,9423230
2024-04-10,1418.62939453125,1506.800048828125,1509.8499755859375,1484.550048828125,1500.3499755859375,6744595
2024-04-12,1397.8695068359375,1484.75,1506.800048828125,1479.5,1504.0,12275616
2024-04-15,1382.240966796875,1468.1500244140625,1491.949951171875,1461.050048828125,1480.0,8531224
2024-04-16,1331.6832275390625,1414.449951171875,1455.1500244140625,1413.050048828125,1451.0,16173541
2024-04-18,1336.2022705078125,1419.25,1444.699951171875,1407.5,1421.0999755859375,22107945
2024-04-19,1328.67041015625,1411.25,1426.8499755859375,1378.75,1385.0,20603621
2024-04-22,1348.9124755859375,1432.75,1436.8499755859375,1413.050048828125,1419.9000244140625,5859087
2024-04-23,1357.997802734375,1442.4000244140625,1446.8499755859375,1433.0,1443.0,4856174
2024-04-24,1347.0294189453125,1430.75,1444.300048828125,1427.050048828125,1444.300048828125,4268213
2024-04-25,1354.27880859375,1438.449951171875,1444.9000244140625,1420.0,1420.0,9089398
2024-04-26,1346.5587158203125,1430.25,1445.4000244140625,1427.0,1439.699951171875,8062444
2024-04-29,1350.79541015625,1434.75,1439.800048828125,1428.25,1429.949951171875,5055957
2024-04-30,1337.4263916015625,1420.550048828125,1436.550048828125,1417.550048828125,1434.699951171875,6936588
2024-05-02,1331.6832275390625,1414.449951171875,1424.0,1411.8499755859375,1413.0,10076354
2024-05-03,1333.425048828125,1416.300048828125,1424.800048828125,1403.199951171875,1422.0999755859375,8842345
2024-05-06,1342.46337890625,1425.9000244140625,1445.699951171875,1417.0999755859375,1420.0,6445422
2024-05-07,1356.6326904296875,1440.949951171875,1443.3499755859375,1415.5999755859375,1424.949951171875,6080661
2024-05-08,1343.7813720703125,1427.300048828125,1439.75,1425.5999755859375,1435.25,6234983
2024-05-09,1355.314453125,1439.550048828125,1449.949951171875,1424.8499755859375,1427.550048828125,6088406
2024-05-10,1341.5218505859375,1424.9000244140625,1435.949951171875,1413.0,1435.050048828125,8777481
2024-05-13,1340.1566162109375,1423.449951171875,1425.0,1411.199951171875,1425.0,3735954
2024-05-14,1341.33349609375,1424.699951171875,1433.75,1418.050048828125,1426.4000244140625,3463230
2024-05-15,1336.861328125,1419.949951171875,1431.800048828125,1418.550048828125,1426.0,4327544
2024-05-16,1368.3070068359375,1453.3499755859375,1455.75,1427.0,1433.949951171875,9249145
2024-05-17,1359.78662109375,1444.300048828125,1457.0,1439.25,1457.0,7542860
2024-05-21,1350.2305908203125,1434.1500244140625,1444.699951171875,1428.4000244140625,1430.0,6752663
2024-05-22,1369.672119140625,1454.800048828125,1459.949951171875,1428.0,1428.75,7173285
2024-05-23,1386.2423095703125,1472.4000244140625,1478.1500244140625,1450.0,1454.699951171875,8641428
2024-05-24,1379.369384765625,1465.0999755859375,1475.5,1460.0,1468.25,5277938
2024-05-27,1385.253662109375,1471.3499755859375,1479.5999755859375,1460.25,1471.8499755859375,5821844
2024-05-28,1381.2054443359375,1467.050048828125,1476.0,1460.300048828125,1475.5,6186922
2024-05-29,1366.0474853515625,1450.949951171875,1465.5,1450.0,1465.4000244140625,7401634
2024-05-30,1343.9224853515625,1427.449951171875,1449.8499755859375,1421.550048828125,1442.800048828125,9663150
2024-05-31,1351.076904296875,1406.9000244140625,1436.75,1400.0,1409.800048828125,37113815
2024-06-03,1350.11669921875,1405.9000244140625,1440.0,1404.0,1440.0,10589244
2024-06-04,1338.3526611328125,1393.6500244140625,1415.0,1358.3499755859375,1409.0,13736134
2024-06-05,1373.3563232421875,1430.0999755859375,1438.0,1400.1500244140625,1400.1500244140625,9233424
2024-06-06,1413.8341064453125,1472.25,1474.300048828125,1437.5,1444.949951171875,12660930
2024-06-07,1472.7496337890625,1533.5999755859375,1539.699951171875,1477.25,1481.0,24075302
2024-06-10,1440.242919921875,1499.75,1529.800048828125,1497.300048828125,1525.300048828125,6810606
2024-06-11,1436.4014892578125,1495.75,1506.449951171875,1493.949951171875,1500.050048828125,4853054
2024-06-12,1426.2701416015625,1485.199951171875,1508.75,1482.75,1507.0,9564320
2024-06-13,1434.6729736328125,1493.949951171875,1505.0,1489.3499755859375,1495.0,7307565
2024-06-14,1429.8233642578125,1488.9000244140625,1503.699951171875,1486.050048828125,1503.699951171875,4237727
2024-06-18,1438.7542724609375,1498.199951171875,1507.0,1495.4000244140625,1497.0,5420939
2024-06-19,1451.382568359375,1511.3499755859375,1515.6500244140625,1496.699951171875,1505.0,5493456
2024-06-20,1455.2718505859375,1515.4000244140625,1517.5,1499.0999755859375,1516.300048828125,7927010
2024-06-21,1471.885498046875,1532.699951171875,1557.75,1523.699951171875,1545.0,17301941
2024-06-24,1466.5556640625,1527.1500244140625,1529.0999755859375,1515.4000244140625,1524.550048828125,5564989
2024-06-25,1480.7684326171875,1541.949951171875,1543.9000244140625,1520.3499755859375,1526.0,4551525
2024-06-26,1479.56787109375,1540.699951171875,1548.8499755859375,1535.0,1541.0,4851004
2024-06-27,1510.9224853515625,1573.3499755859375,1578.4000244140625,1532.050048828125,1538.449951171875,14757754
2024-06-28,1504.5843505859375,1566.75,1588.5,1564.25,1572.550048828125,8197544
2024-07-01,1527.6802978515625,1590.800048828125,1599.9000244140625,1559.5,1559.5,6801771
2024-07-02,1556.72998046875,1621.050048828125,1633.800048828125,1586.5,1596.199951171875,10493173
2024-07-03,1562.8280029296875,1627.4000244140625,1636.0,1606.0,1625.0,7269965
2024-07-04,1585.155517578125,1650.6500244140625,1660.0,1628.0,1628.199951171875,8008311
2024-07-05,1582.0823974609375,1647.449951171875,1665.8499755859375,1633.3499755859375,1651.449951171875,7065022
2024-07-08,1595.718994140625,1661.6500244140625,1666.0,1640.0,1643.0999755859375,5880533
2024-07-09,1591.3975830078125,1657.1500244140625,1666.75,1651.0,1659.9000244140625,5191182
2024-07-10,1582.8507080078125,1648.25,1674.0,1637.550048828125,1657.0,9852770
2024-07-11,1587.1240234375,1652.699951171875,1665.0,1642.050048828125,1656.0,8857679
2024-07-12,1643.8310546875,1711.75,1719.75,1666.6500244140625,1680.0,17078316
2024-07-15,1639.317626953125,1707.050048828125,1728.0,1702.6500244140625,1726.199951171875,6942230
2024-07-16,1657.5638427734375,1726.050048828125,1737.9000244140625,1700.0,1718.5999755859375,6886281
2024-07-18,1688.2940673828125,1758.050048828125,1765.4000244140625,1719.0,1719.0,11248896
2024-07-19,1721.8092041015625,1792.949951171875,1844.0,1786.449951171875,1844.0,29819116
2024-07-22,1738.9989013671875,1810.8499755859375,1823.0,1792.949951171875,1800.1500244140625,8462126
2024-07-23,1764.015380859375,1836.9000244140625,1839.949951171875,1783.25,1810.0,7113056
2024-07-24,1761.1824951171875,1833.949951171875,1842.3499755859375,1819.5999755859375,1837.5,6002845
2024-07-25,1752.4434814453125,1824.8499755859375,1830.9000244140625,1812.0,1820.0,5815599
2024-07-26,1804.3489990234375,1878.9000244140625,1883.0,1825.3499755859375,1825.3499755859375,11369047
2024-07-29,1796.8583984375,1871.0999755859375,1903.0,1864.0,1893.5999755859375,4635931
2024-07-30,1802.6683349609375,1877.1500244140625,1879.949951171875,1860.0,1871.0999755859375,2721265
2024-07-31,1794.1214599609375,1868.25,1885.1500244140625,1865.050048828125,1877.0,5004209
2024-08-01,1779.0924072265625,1852.5999755859375,1867.9000244140625,1845.0999755859375,1856.0999755859375,7475014
2024-08-02,1748.9383544921875,1821.199951171875,1859.5,1816.1500244140625,1843.0,7400938
2024-08-05,1682.38818359375,1751.9000244140625,1797.5,1718.550048828125,1784.949951171875,10736703
2024-08-06,1681.6197509765625,1751.0999755859375,1796.949951171875,1744.8499755859375,1760.199951171875,7690163
2024-08-07,1720.5609130859375,1791.6500244140625,1797.9000244140625,1762.0999755859375,1796.0,5094329
2024-08-08,1673.9852294921875,1743.1500244140625,1779.949951171875,1727.0999755859375,1779.949951171875,6227910
2024-08-09,1700.4901123046875,1770.75,1780.75,1756.0,1771.25,4258524
2024-08-12,1726.082763671875,1797.4000244140625,1803.5,1768.0999755859375,1773.050048828125,4315329
2024-08-13,1726.130615234375,1797.449951171875,1810.0,1789.050048828125,1810.0,4176918
2024-08-14,1750.9071044921875,1823.25,1825.0,1797.449951171875,1802.0,7450718
2024-08-16,1785.1904296875,1858.949951171875,1861.8499755859375,1829.5,1850.0,7335657
2024-08-19,1790.8084716796875,1864.800048828125,1867.550048828125,1849.199951171875,1860.0,2585989
2024-08-20,1797.914794921875,1872.199951171875,1885.699951171875,1868.199951171875,1880.0,3870333
2024-08-21,1798.394775390625,1872.699951171875,1879.0,1867.0999755859375,1875.0999755859375,1966902
2024-08-22,1805.6453857421875,1880.25,1893.6500244140625,1869.699951171875,1884.0,4300287
2024-08-23,1788.2154541015625,1862.0999755859375,1882.5999755859375,1857.0,1878.199951171875,5015935
2024-08-26,1801.7081298828125,1876.1500244140625,1888.75,1864.0,1870.0,3728589
2024-08-27,1824.7076416015625,1900.0999755859375,1902.75,1873.9000244140625,1876.1500244140625,3830679
2024-08-28,1862.160400390625,1939.0999755859375,1951.0,1897.4000244140625,1906.9000244140625,6514531
2024-08-29,1856.638427734375,1933.3499755859375,1950.5,1920.9000244140625,1933.0,7228284
2024-08-30,1866.5777587890625,1943.699951171875,1950.0,1928.0,1938.0,13466759
2024-09-02,1886.552490234375,1964.5,1975.75,1942.800048828125,1943.3499755859375,5573739
2024-09-03,1864.22509765625,1941.25,1967.0,1936.449951171875,1967.0,4694322
2024-09-04,1846.1708984375,1922.449951171875,1927.199951171875,1900.050048828125,1921.0999755859375,4778310
2024-09-05,1856.4464111328125,1933.1500244140625,1940.0,1909.5999755859375,1926.25,4081810
2024-09-06,1826.3883056640625,1901.8499755859375,1936.5,1896.8499755859375,1922.0,5848106
2024-09-09,1819.4739990234375,1894.6500244140625,1920.8499755859375,1889.0,1890.0,4772612
2024-09-10,1836.4237060546875,1912.300048828125,1935.0,1896.0,1904.9000244140625,6909600
2024-09-11,1834.35888671875,1910.1500244140625,1926.0,1905.0,1914.699951171875,5312946
2024-09-12,1873.0599365234375,1950.449951171875,1956.4000244140625,1910.800048828125,1925.0,8555092
2024-09-13,1866.9619140625,1944.0999755859375,1958.5999755859375,1935.6500244140625,1950.449951171875,3843127
2024-09-16,1872.8680419921875,1950.25,1952.0,1933.050048828125,1945.75,1570181
2024-09-17,1875.07666015625,1952.550048828125,1958.449951171875,1942.1500244140625,1947.75,2793127
2024-09-18,1817.0732421875,1892.1500244140625,1938.75,1881.300048828125,1938.75,6385468
2024-09-19,1819.041748046875,1894.199951171875,1924.9000244140625,1878.800048828125,1910.5999755859375,7976570
2024-09-20,1830.1336669921875,1905.75,1915.0,1867.4000244140625,1905.0,15242974
2024-09-23,1821.2025146484375,1896.449951171875,1918.9000244140625,1878.449951171875,1909.0,3636672
2024-09-24,1823.2672119140625,1898.5999755859375,1910.9000244140625,1871.4000244140625,1888.0,7277616
2024-09-25,1820.0982666015625,1895.300048828125,1901.5999755859375,1876.800048828125,1886.3499755859375,4268341
2024-09-26,1824.851806640625,1900.25,1917.949951171875,1893.0,1897.800048828125,8952803
2024-09-27,1831.093994140625,1906.75,1974.5999755859375,1903.300048828125,1932.0999755859375,14908931
2024-09-30,1801.179931640625,1875.5999755859375,1901.25,1870.5,1880.0,6986955
2024-10-01,1828.7891845703125,1904.3499755859375,1908.949951171875,1875.0,1875.0,4029072
2024-10-03,1818.2735595703125,1893.4000244140625,1911.8499755859375,1881.0,1889.5,7503887
2024-10-04,1842.0416259765625,1918.1500244140625,1954.0999755859375,1886.0,1889.550048828125,10001483
2024-10-07,1857.55078125,1934.300048828125,1942.0,1916.050048828125,1923.199951171875,6112575
2024-10-08,1871.2353515625,1948.550048828125,1957.949951171875,1906.3499755859375,1937.9000244140625,5637391
2024-10-09,1875.2686767578125,1952.75,1977.0,1945.0999755859375,1952.550048828125,4857163
2024-10-10,1842.85791015625,1919.0,1964.0,1914.0999755859375,1957.9000244140625,4782119
2024-10-11,1858.3189697265625,1935.0999755859375,1947.0,1910.0999755859375,1918.0,4709431
2024-10-14,1881.1746826171875,1958.9000244140625,1969.5,1931.0999755859375,1932.1500244140625,3751378
2024-10-15,1881.5589599609375,1959.300048828125,1991.449951171875,1951.75,1960.0,5353705
2024-10-16,1843.914306640625,1920.0999755859375,1959.550048828125,1916.3499755859375,1955.0,3111512
2024-10-17,1890.0096435546875,1968.0999755859375,1978.0,1930.1500244140625,1935.199951171875,8162822
2024-10-18,1805.0211181640625,1879.5999755859375,1936.8499755859375,1869.25,1893.800048828125,10526196
2024-10-21,1779.236572265625,1852.75,1898.800048828125,1838.0,1891.0999755859375,4654601
2024-10-22,1778.132080078125,1851.5999755859375,1877.800048828125,1846.949951171875,1858.199951171875,4125240
2024-10-23,1799.0672607421875,1873.4000244140625,1886.0,1844.0,1845.25,4311910
2024-10-24,1789.4158935546875,1863.3499755859375,1884.0,1860.0,1861.4000244140625,2906475
2024-10-25,1788.1676025390625,1862.050048828125,1876.3499755859375,1846.4000244140625,1863.449951171875,4689120
2024-10-28,1791.336669921875,1865.3499755859375,1881.9000244140625,1857.0,1859.699951171875,7018940
2024-10-29,1786.4317626953125,1839.300048828125,1851.5999755859375,1829.0,1846.0,4621252
2024-10-30,1750.301025390625,1802.0999755859375,1839.0,1796.3499755859375,1832.0,5919715
2024-10-31,1706.740234375,1757.25,1787.9000244140625,1746.5,1787.9000244140625,7395236
2024-11-01,1710.236572265625,1760.8499755859375,1766.0,1752.050048828125,1764.5,371966
2024-11-04,1712.9561767578125,1763.6500244140625,1767.0,1718.0,1724.5,7336722
2024-11-05,1703.7777099609375,1754.199951171875,1768.449951171875,1745.0,1760.0,3160880
2024-11-06,1771.2801513671875,1823.699951171875,1827.199951171875,1762.6500244140625,1764.0,10421494
2024-11-07,1751.2237548828125,1803.050048828125,1825.699951171875,1787.0,1812.949951171875,4550965
2024-11-08,1777.3504638671875,1829.949951171875,1840.5999755859375,1813.1500244140625,1818.0,4210960
2024-11-11,1806.6337890625,1860.0999755859375,1868.0,1822.550048828125,1829.0,3804234
2024-11-12,1815.083740234375,1868.800048828125,1881.0,1861.0,1871.0999755859375,5012450
2024-11-13,1814.6953125,1868.4000244140625,1873.199951171875,1856.300048828125,1861.0999755859375,4257495
2024-11-14,1810.9559326171875,1864.550048828125,1876.0,1856.0,1865.5999755859375,4311431
2024-11-18,1759.3822021484375,1811.449951171875,1849.199951171875,1795.0,1849.199951171875,4839244
2024-11-19,1772.2999267578125,1824.75,1859.699951171875,1820.550048828125,1825.5,4669769
2024-11-21,1781.3326416015625,1834.050048828125,1867.0,1820.5999755859375,1842.0,5436504
2024-11-22,1847.572265625,1902.25,1914.050048828125,1834.0,1854.0999755859375,6301486
2024-11-25,1835.383056640625,1889.699951171875,1919.300048828125,1882.0,1916.0,12764638
2024-11-26,1868.8427734375,1924.1500244140625,1938.5999755859375,1897.300048828125,1904.949951171875,6850495
2024-11-27,1869.1827392578125,1924.5,1941.4000244140625,1911.75,1930.0999755859375,4447143
2024-11-28,1803.282958984375,1856.6500244140625,1914.9000244140625,1851.6500244140625,1914.9000244140625,8468790
2024-11-29,1804.448486328125,1857.8499755859375,1877.0,1845.0,1851.0999755859375,5244346
2024-12-02,1825.7677001953125,1879.800048828125,1882.800048828125,1835.199951171875,1859.0,2868263
2024-12-03,1837.7139892578125,1892.0999755859375,1899.75,1871.1500244140625,1887.0,4715792
2024-12-04,1834.9459228515625,1889.25,1913.949951171875,1875.0,1884.0,4705573
2024-12-05,1879.2352294921875,1934.8499755859375,1949.9000244140625,1888.949951171875,1900.0,9050038
2024-12-06,1867.1431884765625,1922.4000244140625,1937.949951171875,1912.4000244140625,1932.800048828125,3573331
2024-12-09,1868.357177734375,1923.6500244140625,1930.199951171875,1897.199951171875,1924.199951171875,4274645
2024-12-10,1892.54150390625,1948.550048828125,1965.5999755859375,1932.0,1939.0,6174921
2024-12-11,1917.4056396484375,1974.1500244140625,1978.0,1952.0,1955.0,5025612
2024-12-12,1929.88623046875,1987.0,1998.800048828125,1970.550048828125,1975.199951171875,6462130
2024-12-13,1942.22119140625,1999.699951171875,2006.449951171875,1953.800048828125,1969.75,5362693
2024-12-16,1923.1361083984375,1980.050048828125,1999.5999755859375,1977.5999755859375,1995.449951171875,3119221
2024-12-17,1919.7852783203125,1976.5999755859375,1982.0,1958.0,1968.0,5811050
2024-12-18,1922.261962890625,1979.1500244140625,1984.949951171875,1961.5999755859375,1966.800048828125,3064095
2024-12-19,1890.259033203125,1946.199951171875,1959.75,1920.0,1934.0,5323592
2024-12-20,1866.9002685546875,1922.1500244140625,1979.949951171875,1911.25,1975.1500244140625,11056720
2024-12-23,1868.988525390625,1924.300048828125,1940.0,1909.0,1930.050048828125,2781793
2024-12-24,1854.1768798828125,1909.050048828125,1942.0,1840.0,1927.050048828125,2360544
2024-12-26,1852.5743408203125,1907.4000244140625,1919.75,1902.300048828125,1909.050048828125,3623321
2024-12-27,1861.655517578125,1916.75,1924.1500244140625,1903.9000244140625,1909.4000244140625,3937500
2024-12-30,1851.2144775390625,1906.0,1916.0,1886.5,1915.699951171875,7789055
2024-12-31,1825.9617919921875,1880.0,1897.0,1845.050048828125,1892.300048828125,3613063
2025-01-01,1828.3900146484375,1882.5,1892.949951171875,1874.0,1874.0,1838368
2025-01-02,1901.57421875,1957.8499755859375,1962.6500244140625,1885.300048828125,1887.0,7083645
2025-01-03,1883.023193359375,1938.75,1952.949951171875,1922.0,1952.949951171875,6218003
2025-01-06,1882.1490478515625,1937.8499755859375,1973.0,1928.0,1952.0,7164403
2025-01-07,1875.3502197265625,1930.8499755859375,1958.550048828125,1923.6500244140625,1945.0,4294832
2025-01-08,1877.5841064453125,1933.1500244140625,1938.5999755859375,1888.75,1930.0,5482050
2025-01-09,1862.1898193359375,1917.300048828125,1951.8499755859375,1910.550048828125,1934.050048828125,6833503
2025-01-10,1910.4124755859375,1966.949951171875,1977.800048828125,1932.25,1937.0,8036913
2025-01-13,1905.799072265625,1962.199951171875,1982.800048828125,1949.0,1956.0,5804152
2025-01-14,1884.285888671875,1940.050048828125,1971.800048828125,1931.0999755859375,1968.8499755859375,5792162
2025-01-15,1893.60986328125,1949.6500244140625,1958.050048828125,1937.0999755859375,1947.0,2985439
2025-01-16,1873.0191650390625,1928.449951171875,1966.949951171875,1916.8499755859375,1965.949951171875,7533579
2025-01-17,1763.2672119140625,1815.449951171875,1858.0,1812.0,1851.0,16409953
2025-01-20,1761.17919921875,1813.300048828125,1827.949951171875,1793.1500244140625,1822.949951171875,4333011
2025-01-21,1748.941162109375,1800.699951171875,1831.6500244140625,1793.050048828125,1819.050048828125,7169109
2025-01-22,1803.0887451171875,1856.449951171875,1865.800048828125,1805.1500244140625,1807.4000244140625,8373913
2025-01-23,1811.8299560546875,1865.449951171875,1879.550048828125,1852.699951171875,1858.0,5907471
2025-01-24,1821.5426025390625,1875.449951171875,1894.9000244140625,1864.25,1865.5,4887027
2025-01-27,1769.6290283203125,1822.0,1863.0,1812.0,1848.75,7652371
2025-01-28,1777.15625,1829.75,1863.5,1824.9000244140625,1830.0,6999495
2025-01-29,1827.1759033203125,1881.25,1888.6500244140625,1840.5,1845.0,5145155
2025-01-30,1806.488037109375,1859.949951171875,1887.199951171875,1844.0,1873.1500244140625,7336056
2025-01-31,1825.7677001953125,1879.800048828125,1897.449951171875,1871.0,1871.0,5820470
2025-02-01,1798.1353759765625,1851.3499755859375,1890.5999755859375,1846.0,1880.300048828125,1701402
2025-02-03,1809.741943359375,1863.300048828125,1876.550048828125,1832.4000244140625,1836.0,4823228
2025-02-04,1844.2215576171875,1898.800048828125,1911.199951171875,1875.0,1889.0,7334787
2025-02-05,1842.521728515625,1897.050048828125,1919.699951171875,1894.300048828125,1906.0,4996744
2025-02-06,1860.587158203125,1915.6500244140625,1924.0,1900.0,1917.0,4765255
2025-02-07,1848.9320068359375,1903.6500244140625,1923.699951171875,1889.449951171875,1919.300048828125,4126260
2025-02-10,1826.2532958984375,1880.300048828125,1905.0,1878.5999755859375,1905.0,3828734
2025-02-11,1821.7369384765625,1875.6500244140625,1903.0,1870.0,1883.0999755859375,4411601
2025-02-12,1809.5963134765625,1863.1500244140625,1894.5999755859375,1847.0,1885.0,5633947
2025-02-13,1790.268310546875,1843.25,1873.5,1835.6500244140625,1868.5,5237744
2025-02-14,1803.040283203125,1856.4000244140625,1859.300048828125,1828.3499755859375,1854.0,5292961
2025-02-17,1789.345458984375,1842.300048828125,1852.75,1822.1500244140625,1838.550048828125,4428956
2025-02-18,1798.7181396484375,1851.949951171875,1861.6500244140625,1837.5999755859375,1842.300048828125,4365260
2025-02-19,1758.7509765625,1810.800048828125,1849.199951171875,1805.9000244140625,1847.4000244140625,4611411
2025-02-20,1772.6884765625,1825.1500244140625,1831.0,1805.550048828125,1805.550048828125,2218020
2025-02-21,1762.8302001953125,1815.0,1829.8499755859375,1806.199951171875,1821.800048828125,3379879
2025-02-24,1713.3931884765625,1764.0999755859375,1808.0,1750.25,1800.050048828125,7594720
2025-02-25,1716.8897705078125,1767.699951171875,1778.449951171875,1745.1500244140625,1745.1500244140625,5092963
2025-02-27,1713.5875244140625,1764.300048828125,1775.8499755859375,1751.0999755859375,1755.199951171875,5757079
2025-02-28,1639.189208984375,1687.699951171875,1755.0999755859375,1682.449951171875,1755.050048828125,12182167
2025-03-03,1659.488525390625,1708.5999755859375,1728.5999755859375,1692.300048828125,1692.300048828125,7504969
2025-03-04,1639.7720947265625,1688.300048828125,1699.0,1670.0,1695.0,6759673
2025-03-05,1662.30517578125,1711.5,1732.949951171875,1692.449951171875,1692.449951171875,8180782
2025-03-06,1666.5301513671875,1715.8499755859375,1722.300048828125,1691.0999755859375,1715.0,10610547
2025-03-07,1637.5380859375,1686.0,1705.0,1675.5,1703.0999755859375,8019331
2025-03-10,1652.5439453125,1701.449951171875,1719.0,1676.199951171875,1686.0,7558981
2025-03-11,1613.83935546875,1661.5999755859375,1680.0,1637.050048828125,1680.0,12671234
2025-03-12,1545.123046875,1590.8499755859375,1636.9000244140625,1563.800048828125,1636.9000244140625,14870008
2025-03-13,1534.439208984375,1579.8499755859375,1606.050048828125,1570.300048828125,1599.25,7822888
2025-03-17,1544.34619140625,1590.050048828125,1594.0,1545.1500244140625,1545.1500244140625,7526032
2025-03-18,1544.34619140625,1590.050048828125,1590.050048828125,1590.050048828125,1590.050048828125,0
2025-03-19,1540.94677734375,1586.550048828125,1603.0,1572.800048828125,1603.0,7387068
2025-03-20,1569.11328125,1615.550048828125,1631.9000244140625,1592.0,1592.0,7186750
2025-03-21,1546.7742919921875,1592.550048828125,1603.9000244140625,1563.6500244140625,1577.949951171875,10074677
2025-03-24,1546.968505859375,1592.75,1607.0999755859375,1572.699951171875,1597.949951171875,8857726
2025-03-25,1581.6422119140625,1628.449951171875,1636.1500244140625,1605.0,1605.0,9890140
2025-03-26,1553.4759521484375,1599.449951171875,1637.75,1595.0,1626.0,6651302
2025-03-27,1557.4581298828125,1603.550048828125,1619.949951171875,1586.0,1595.550048828125,9426573
2025-03-28,1525.5037841796875,1570.6500244140625,1598.449951171875,1560.0,1590.0,6799047
2025-04-01,1482.6226806640625,1526.5,1547.4000244140625,1517.8499755859375,1539.25,12680733
2025-04-02,1505.593017578125,1550.1500244140625,1555.6500244140625,1535.199951171875,1535.199951171875,6193478
2025-04-03,1453.4849853515625,1496.5,1534.6500244140625,1485.050048828125,1534.6500244140625,10459504
2025-04-04,1409.9241943359375,1451.6500244140625,1472.0,1448.0,1460.5,9590254
2025-04-07,1356.602294921875,1396.75,1405.9000244140625,1307.0,1352.0,21715252
2025-04-08,1387.7310791015625,1428.800048828125,1456.5,1415.0,1431.0,12805001
2025-04-09,1363.3524169921875,1403.699951171875,1409.449951171875,1381.9000244140625,1405.050048828125,8546854
2025-04-11,1368.937255859375,1409.449951171875,1438.800048828125,1397.050048828125,1411.25,12567440
2025-04-15,1385.011474609375,1426.0,1447.699951171875,1409.0,1445.5999755859375,10178530
2025-04-16,1372.4822998046875,1413.0999755859375,1427.5,1396.800048828125,1425.0,12022740
2025-04-17,1378.6982421875,1419.5,1429.800048828125,1378.300048828125,1398.0,14264227
2025-04-21,1409.29296875,1451.0,1471.800048828125,1410.0,1410.0,15648970
2025-04-22,1381.903564453125,1422.800048828125,1440.0,1419.300048828125,1440.0,9399738
2025-04-23,1432.505859375,1474.9000244140625,1487.800048828125,1439.5999755859375,1446.0,11136642
2025-04-24,1429.1065673828125,1471.4000244140625,1482.9000244140625,1461.5,1469.9000244140625,7114292
2025-04-25,1437.653564453125,1480.199951171875,1501.699951171875,1463.5,1475.5,8329979
2025-04-28,1439.4989013671875,1482.0999755859375,1489.5999755859375,1465.300048828125,1480.199951171875,5886253
2025-04-29,1454.4564208984375,1497.5,1509.800048828125,1474.0999755859375,1482.0,8056743
2025-04-30,1456.9815673828125,1500.0999755859375,1508.800048828125,1482.5999755859375,1496.800048828125,7704183
2025-05-02,1463.586181640625,1506.9000244140625,1523.199951171875,1496.199951171875,1499.699951171875,7402310
2025-05-05,1465.2373046875,1508.5999755859375,1523.0,1502.800048828125,1515.0,4282493
2025-05-06,1468.0538330078125,1511.5,1515.5999755859375,1499.0999755859375,1506.0,4270530
2025-05-07,1464.9459228515625,1508.300048828125,1518.800048828125,1496.5999755859375,1500.0,5691799
2025-05-08,1467.9569091796875,1511.4000244140625,1516.5,1501.199951171875,1508.0,8424409
2025-05-09,1464.2659912109375,1507.5999755859375,1511.4000244140625,1494.0999755859375,1500.699951171875,4478653
2025-05-12,1580.136962890625,1626.9000244140625,1632.0,1532.0,1537.0,11372857
2025-05-13,1523.5125732421875,1568.5999755859375,1612.199951171875,1564.5999755859375,1609.0,12846210
2025-05-14,1546.6285400390625,1592.4000244140625,1595.0,1569.5,1574.0,4870057
2025-05-15,1566.6363525390625,1613.0,1618.5999755859375,1571.0,1589.800048828125,11151167
2025-05-16,1544.200439453125,1589.9000244140625,1612.5999755859375,1581.5,1612.5999755859375,4576751
2025-05-19,1514.965576171875,1559.800048828125,1585.0,1555.699951171875,1576.5,8855798
2025-05-20,1515.7425537109375,1560.5999755859375,1583.5,1558.0,1570.0,7143998
2025-05-21,1523.41552734375,1568.5,1571.0,1552.0999755859375,1567.9000244140625,4157309
2025-05-22,1503.01904296875,1547.5,1560.800048828125,1540.0,1555.5,6158990
2025-05-23,1519.8218994140625,1564.800048828125,1587.199951171875,1550.0,1550.0,5038421
2025-05-26,1535.070556640625,1580.5,1583.800048828125,1562.699951171875,1566.5999755859375,3170102
2025-05-27,1524.9696044921875,1570.0999755859375,1582.9000244140625,1556.4000244140625,1579.9000244140625,7775714
2025-05-28,1526.6207275390625,1571.800048828125,1587.699951171875,1570.0,1581.0,3623370
2025-05-29,1540.0240478515625,1585.5999755859375,1608.9000244140625,1576.5999755859375,1589.0,8609500
2025-05-30,1539.1375732421875,1562.699951171875,1572.0,1555.0999755859375,1571.0,13148092
2025-06-02,1530.371826171875,1553.800048828125,1560.0,1539.0,1560.0,4374509
2025-06-03,1519.734619140625,1543.0,1567.300048828125,1535.5999755859375,1559.0,6853403
2025-06-04,1527.8109130859375,1551.199951171875,1557.300048828125,1541.4000244140625,1543.0,4548307
2025-06-05,1530.8642578125,1554.300048828125,1567.699951171875,1541.5999755859375,1547.9000244140625,6948539
2025-06-06,1540.2210693359375,1563.800048828125,1568.9000244140625,1543.0999755859375,1554.699951171875,3960020
2025-06-09,1549.183837890625,1572.9000244140625,1588.0,1571.0,1578.0,2903202
2025-06-10,1571.935546875,1596.0,1607.5,1577.5,1584.0,8591925
2025-06-11,1606.5062255859375,1631.0999755859375,1634.5999755859375,1590.0999755859375,1590.0999755859375,10597410
2025-06-12,1584.345458984375,1608.5999755859375,1628.0,1598.0999755859375,1617.0,10483574
2025-06-13,1577.844970703125,1602.0,1609.0,1570.199951171875,1576.0,6968315
2025-06-16,1599.31640625,1623.800048828125,1634.800048828125,1597.0999755859375,1600.0,5591842
2025-06-17,1615.173583984375,1639.9000244140625,1647.4000244140625,1615.5999755859375,1620.699951171875,7622083
2025-06-18,1608.2791748046875,1632.9000244140625,1644.699951171875,1621.0,1621.0,5629707
2025-06-19,1593.997802734375,1618.4000244140625,1630.0,1611.5,1623.9000244140625,5147760
2025-06-20,1598.429931640625,1622.9000244140625,1630.699951171875,1608.9000244140625,1619.0,9202821
2025-06-23,1560.116455078125,1584.0,1601.0,1575.4000244140625,1601.0,7943676
2025-06-24,1557.7525634765625,1581.5999755859375,1609.0,1576.5999755859375,1601.0,8083992
2025-06-25,1590.550537109375,1614.9000244140625,1619.9000244140625,1585.0999755859375,1590.0,7813533
2025-06-26,1591.6339111328125,1616.0,1624.0,1606.5999755859375,1608.800048828125,6519233
2025-06-27,1583.7545166015625,1608.0,1629.5999755859375,1602.4000244140625,1619.0,8912268
2025-06-30,1577.6480712890625,1601.800048828125,1615.0,1594.0999755859375,1615.0,6294505
2025-07-01,1582.57275390625,1606.800048828125,1617.699951171875,1600.5,1609.0,4178937
2025-07-02,1586.2169189453125,1610.5,1649.0,1603.4000244140625,1618.0,8653641
2025-07-03,1594.293212890625,1618.699951171875,1632.4000244140625,1615.0,1618.5,5259695
2025-07-04,1615.96142578125,1640.699951171875,1643.4000244140625,1612.300048828125,1625.0,4411273
2025-07-07,1602.4681396484375,1627.0,1644.0,1623.0,1640.0,3294523
2025-07-08,1613.9915771484375,1638.699951171875,1646.199951171875,1621.5,1628.0,4590681
2025-07-09,1609.0670166015625,1633.699951171875,1638.0,1623.5999755859375,1637.800048828125,4580828
2025-07-10,1591.43701171875,1615.800048828125,1638.9000244140625,1607.0999755859375,1638.9000244140625,5330179
2025-07-11,1570.85205078125,1594.9000244140625,1607.0999755859375,1563.0,1579.0999755859375,11391755
2025-07-14,1546.623046875,1570.300048828125,1591.800048828125,1559.800048828125,1591.800048828125,9173426
2025-07-15,1561.6922607421875,1585.5999755859375,1603.5999755859375,1564.0,1565.0999755859375,7614807
2025-07-16,1583.6561279296875,1607.9000244140625,1612.0,1578.5,1579.0,6223491
2025-07-17,1559.6240234375,1583.5,1610.0,1580.0999755859375,1598.0,7374814
2025-07-18,1562.1846923828125,1586.0999755859375,1599.300048828125,1580.0,1592.0999755859375,5161833
2025-07-21,1560.4119873046875,1584.300048828125,1589.0,1566.800048828125,1580.0,3682661
2025-07-22,1547.2139892578125,1570.9000244140625,1585.800048828125,1565.0,1565.0,8473741
2025-07-23,1550.7596435546875,1574.5,1591.9000244140625,1550.0,1576.300048828125,8035026
2025-07-24,1529.0914306640625,1552.5,1582.0,1548.199951171875,1580.0,14169664
2025-07-25,1492.84619140625,1515.699951171875,1549.5,1511.300048828125,1543.4000244140625,10851259
2025-07-28,1493.1417236328125,1516.0,1519.300048828125,1482.5,1513.9000244140625,6439855
2025-07-29,1490.8763427734375,1513.699951171875,1517.199951171875,1496.0999755859375,1512.9000244140625,7070448
2025-07-30,1496.0965576171875,1519.0,1521.699951171875,1506.0,1519.9000244140625,5719051
2025-07-31,1486.247314453125,1509.0,1527.0999755859375,1497.0,1509.699951171875,6851407
2025-08-01,1447.4412841796875,1469.5999755859375,1498.699951171875,1465.5,1493.9000244140625,8702978
2025-08-04,1458.177001953125,1480.5,1482.800048828125,1451.0,1461.5,8610216
2025-08-05,1438.2816162109375,1460.300048828125,1478.699951171875,1455.0,1478.699951171875,10213323
2025-08-06,1415.037353515625,1436.699951171875,1456.0999755859375,1430.300048828125,1452.0,10566934
2025-08-07,1415.234375,1436.9000244140625,1442.0,1414.199951171875,1430.0,9892020
2025-08-08,1401.6424560546875,1423.0999755859375,1433.199951171875,1417.0999755859375,1425.0,10048009
2025-08-11,1406.66552734375,1428.199951171875,1433.4000244140625,1414.0,1419.9000244140625,6625368
2025-08-12,1402.62744140625,1424.0999755859375,1441.0,1421.0,1428.199951171875,9899184
2025-08-13,1405.0897216796875,1426.5999755859375,1434.0,1422.4000244140625,1425.0,10318063
2025-08-14,1425.8714599609375,1447.699951171875,1470.0,1426.199951171875,1426.199951171875,12902347
2025-08-18,1414.1510009765625,1435.800048828125,1464.699951171875,1429.5999755859375,1464.699951171875,7254561
2025-08-19,1418.2877197265625,1440.0,1449.4000244140625,1432.699951171875,1432.699951171875,3986094
2025-08-20,1473.6402587890625,1496.199951171875,1499.0,1440.699951171875,1440.699951171875,10413061
2025-08-21,1473.8372802734375,1496.4000244140625,1508.0,1484.300048828125,1508.0,6565539
2025-08-22,1465.0714111328125,1487.5,1504.300048828125,1486.0999755859375,1498.0999755859375,5543397
2025-08-25,1508.9989013671875,1532.0999755859375,1539.0,1506.699951171875,1506.699951171875,10694531
2025-08-26,1506.53662109375,1529.5999755859375,1538.4000244140625,1518.5999755859375,1523.0,15994798
2025-08-28,1477.4814453125,1500.0999755859375,1529.5999755859375,1498.0,1529.5999755859375,5443364
2025-08-29,1447.4412841796875,1469.5999755859375,1501.9000244140625,1467.699951171875,1501.9000244140625,8169075
2025-09-01,1476.7921142578125,1499.4000244140625,1503.4000244140625,1476.199951171875,1476.699951171875,4546057
2025-09-02,1476.1025390625,1498.699951171875,1512.800048828125,1486.300048828125,1499.4000244140625,5218763
2025-09-03,1456.798095703125,1479.0999755859375,1501.9000244140625,1473.0,1500.0,4623483
2025-09-04,1440.94091796875,1463.0,1484.0,1460.0999755859375,1484.0,5787724
2025-09-05,1422.8182373046875,1444.5999755859375,1472.699951171875,1433.0,1470.0,5466487
2025-09-08,1411.2947998046875,1432.9000244140625,1458.0,1428.300048828125,1451.0,3811567
2025-09-09,1481.6181640625,1504.300048828125,1507.199951171875,1472.5,1481.0,13072640
2025-09-10,1509.491455078125,1532.5999755859375,1534.9000244140625,1509.300048828125,1510.0999755859375,7281071
2025-09-11,1486.9366455078125,1509.699951171875,1527.5,1506.5,1523.9000244140625,8003662
2025-09-12,1502.596923828125,1525.5999755859375,1542.9000244140625,1521.0999755859375,1537.0,12856963
2025-09-15,1485.6563720703125,1508.4000244140625,1527.5,1501.199951171875,1525.5999755859375,6167414
2025-09-16,1488.5126953125,1511.300048828125,1514.0,1503.5,1508.4000244140625,8923112
2025-09-17,1499.4453125,1522.4000244140625,1526.699951171875,1514.0,1516.9000244140625,4795698
2025-09-18,1517.370849609375,1540.5999755859375,1555.0,1538.5,1550.0,9331945
2025-09-19,1516.976806640625,1540.199951171875,1551.300048828125,1520.0999755859375,1544.5999755859375,12988129
2025-09-22,1476.8905029296875,1499.5,1514.699951171875,1482.0,1482.699951171875,15655204
2025-09-23,1474.920654296875,1497.5,1513.0,1493.0,1493.0,9832164
2025-09-24,1472.0643310546875,1494.5999755859375,1496.699951171875,1482.699951171875,1487.199951171875,4937004
2025-09-25,1462.4122314453125,1484.800048828125,1502.699951171875,1476.5,1489.0,9491867
2025-09-26,1427.053466796875,1448.9000244140625,1478.699951171875,1441.199951171875,1475.0,8597058
2025-09-29,1420.060546875,1441.800048828125,1465.0,1436.5,1460.0,10513117
2025-09-30,1420.060546875,1441.800048828125,1452.199951171875,1438.0999755859375,1443.0,7556305
2025-10-01,1424.000244140625,1445.800048828125,1449.5,1427.4000244140625,1446.0,6250692
2025-10-03,1424.7880859375,1446.5999755859375,1448.300048828125,1433.199951171875,1439.0,6877533
2025-10-06,1453.744873046875,1476.0,1478.800048828125,1442.300048828125,1446.5999755859375,4630590
2025-10-07,1436.5086669921875,1458.5,1482.9000244140625,1454.0,1477.699951171875,5570320
2025-10-08,1472.4583740234375,1495.0,1498.0,1455.0,1457.0,4657192
2025-10-09,1486.5428466796875,1509.300048828125,1514.0,1487.0,1502.0,7028753
2025-10-10,1492.058349609375,1514.9000244140625,1521.699951171875,1498.800048828125,1510.0,3738353
2025-10-13,1470.6854248046875,1493.199951171875,1504.699951171875,1483.4000244140625,1497.0,5859355
2025-10-14,1467.435302734375,1489.9000244140625,1514.4000244140625,1486.5,1499.0,5600789
2025-10-15,1452.1690673828125,1474.4000244140625,1488.5999755859375,1467.5,1483.9000244140625,6986098
2025-10-16,1449.312744140625,1471.5,1474.5,1460.5,1473.9000244140625,8005748
2025-10-17,1419.37109375,1441.0999755859375,1458.4000244140625,1434.0,1454.9000244140625,16959378
2025-10-20,1438.87255859375,1460.9000244140625,1467.0,1450.0,1453.699951171875,6994246
2025-10-21,1450.19921875,1472.4000244140625,1486.0,1470.0,1478.0,1698704
2025-10-23,1505.4532470703125,1528.5,1546.0,1506.0,1510.0,20358624
2025-10-24,1502.4000244140625,1525.4000244140625,1543.0,1518.0,1539.5,8652257
2025-10-27,1504.5,1504.5,1515.300048828125,1498.0999755859375,1510.0,7273211
2025-10-28,1500.199951171875,1500.199951171875,1506.5,1490.5,1499.699951171875,8211019
2025-10-29,1510.4000244140625,1510.4000244140625,1520.199951171875,1496.9000244140625,1500.199951171875,4884976
2025-10-30,1493.800048828125,1493.800048828125,1508.199951171875,1489.0999755859375,1507.0,5608867
2025-10-31,1482.300048828125,1482.300048828125,1497.0999755859375,1480.699951171875,1490.0,4819814
2025-11-03,1485.5,1485.5,1491.4000244140625,1474.199951171875,1482.300048828125,5470600
2025-11-04,1467.9000244140625,1467.9000244140625,1481.9000244140625,1462.9000244140625,1479.699951171875,8691330
2025-11-06,1466.699951171875,1466.699951171875,1483.0,1461.9000244140625,1478.5999755859375,7944752
2025-11-07,1476.800048828125,1476.800048828125,1480.9000244140625,1449.0999755859375,1470.0,8765759
2025-11-10,1513.5,1513.5,1520.0,1490.0,1490.0999755859375,9787975
2025-11-11,1530.300048828125,1530.300048828125,1533.4000244140625,1511.0999755859375,1525.0,13692989
2025-11-12,1551.699951171875,1551.699951171875,1559.199951171875,1538.0999755859375,1540.0,14635417
2025-11-13,1541.800048828125,1541.800048828125,1557.5,1530.300048828125,1557.0999755859375,19655689
2025-11-14,1502.800048828125,1502.800048828125,1530.0,1488.800048828125,1520.0,9739549
2025-11-17,1507.5999755859375,1507.5999755859375,1510.199951171875,1492.5,1496.0,7910354
2025-11-18,1486.4000244140625,1486.4000244140625,1506.0,1483.199951171875,1506.0,7525119
2025-11-19,1541.0999755859375,1541.0999755859375,1543.0,1490.5,1490.5,10981126
2025-11-20,1536.5,1536.5,1555.0,1534.0,1555.0,7387584
2025-11-21,1545.0,1545.0,1551.5,1526.300048828125,1531.0,9186302
2025-11-24,1548.0,1548.0,1585.0,1541.0,1563.5999755859375,19270381
2025-11-25,1530.5999755859375,1530.5999755859375,1550.5999755859375,1525.9000244140625,1549.0,8107952
2025-11-26,1557.9000244140625,1557.9000244140625,1560.300048828125,1532.0999755859375,1532.0999755859375,7575038
2025-11-27,1566.4000244140625,1566.4000244140625,1574.300048828125,1552.199951171875,1564.0,7552252
2025-11-28,1560.0999755859375,1560.0999755859375,1568.4000244140625,1557.0,1565.0,4453221
2025-12-01,1564.0,1564.0,1574.0,1556.0,1562.5,5341800
2025-12-02,1561.0,1561.0,1579.9000244140625,1556.0999755859375,1567.0,6335969
2025-12-03,1578.699951171875,1578.699951171875,1586.0,1554.0999755859375,1555.0999755859375,12895312
2025-12-04,1597.5999755859375,1597.5999755859375,1599.0,1568.0,1568.0,12609619
2025-12-05,1616.199951171875,1616.199951171875,1631.800048828125,1600.0,1610.0,10344725
2025-12-08,1610.800048828125,1610.800048828125,1630.0,1600.199951171875,1617.0999755859375,7550413
2025-12-09,1599.0,1599.0,1606.9000244140625,1582.4000244140625,1601.199951171875,6957599
2025-12-10,1584.800048828125,1584.800048828125,1608.0,1582.800048828125,1608.0,5116140
2025-12-11,1598.0,1598.0,1607.4000244140625,1580.5,1598.0,5159319
2025-12-12,1598.199951171875,1598.199951171875,1601.800048828125,1582.5999755859375,1601.4000244140625,4633912
2025-12-15,1606.800048828125,1606.800048828125,1610.800048828125,1585.0,1585.0,4190558
2025-12-16,1592.9000244140625,1592.9000244140625,1603.0,1585.5999755859375,1600.0,5499258
2025-12-17,1602.0,1602.0,1606.9000244140625,1586.0,1587.199951171875,4817628
2025-12-18,1626.800048828125,1626.800048828125,1630.0,1606.699951171875,1610.5,6577293
2025-12-19,1638.699951171875,1638.699951171875,1654.9000244140625,1629.800048828125,1650.0,13149023
2025-12-22,1689.5999755859375,1689.5999755859375,1693.199951171875,1664.0,1664.0,23098923
2025-12-23,1668.300048828125,1668.300048828125,1679.0,1656.4000244140625,1679.0,6593060
2025-12-24,1663.4000244140625,1663.4000244140625,1667.5999755859375,1652.5,1661.0,4271167
2025-12-26,1656.0999755859375,1656.0999755859375,1668.800048828125,1651.699951171875,1663.4000244140625,2006491
2025-12-29,1644.699951171875,1644.699951171875,1673.0999755859375,1637.0999755859375,1658.0,4062817
2025-12-30,1621.5999755859375,1621.5999755859375,1647.9000244140625,1616.800048828125,1647.0,9395937
2025-12-31,1615.4000244140625,1615.4000244140625,1628.5999755859375,1609.199951171875,1621.0,6538656
2026-01-01,1629.800048828125,1629.800048828125,1639.5999755859375,1614.0999755859375,1615.4000244140625,3658165
2026-01-02,1640.4000244140625,1640.4000244140625,1643.5,1627.5,1635.9000244140625,2524526
2026-01-05,1606.4000244140625,1606.4000244140625,1637.0,1583.0999755859375,1637.0,5917885
2026-01-06,1612.199951171875,1612.199951171875,1619.9000244140625,1599.0,1600.0999755859375,4466729
2026-01-07,1639.0,1639.0,1642.0,1615.0,1615.0,4508079
2026-01-08,1613.300048828125,1613.300048828125,1644.300048828125,1608.5999755859375,1638.9000244140625,3942131
2026-01-09,1614.0999755859375,1614.0999755859375,1631.300048828125,1607.0,1610.0,6816681
2026-01-12,1595.9000244140625,1595.9000244140625,1613.300048828125,1592.5999755859375,1610.0999755859375,6985362
2026-01-13,1599.0,1599.0,1618.0,1586.4000244140625,1618.0,8080618
2026-01-14,1599.800048828125,1599.800048828125,1617.0,1583.0999755859375,1588.0,7557157
2026-01-15,1599.800048828125,1599.800048828125,1599.800048828125,1599.800048828125,1599.800048828125,0
2026-01-16,1689.800048828125,1689.800048828125,1694.0,1653.4000244140625,1663.699951171875,19335957
2026-01-19,1681.199951171875,1681.199951171875,1685.0,1666.5,1685.0,5104958
2026-01-20,1658.9000244140625,1658.9000244140625,1680.199951171875,1652.9000244140625,1673.0,6406503
2026-01-21,1654.4000244140625,1654.4000244140625,1657.0,1631.199951171875,1651.0,6224582
2026-01-22,1663.5,1663.5,1671.199951171875,1653.800048828125,1666.0,6228892
2026-01-23,1670.800048828125,1670.800048828125,1675.699951171875,1662.199951171875,1667.199951171875,5869137
2026-01-27,1682.699951171875,1682.699951171875,1689.4000244140625,1661.0999755859375,1685.800048828125,10673087
2026-01-28,1666.5,1666.5,1688.800048828125,1650.0,1680.0,8588664
2026-01-29,1659.5,1659.5,1666.5,1642.0999755859375,1658.0,4749582
2026-01-30,1641.0,1641.0,1655.0,1618.0999755859375,1655.0,9207926
2026-02-02,1629.4000244140625,1629.4000244140625,1662.0,1618.0,1662.0,6784887
2026-02-03,1656.0,1656.0,1728.0,1653.0,1727.199951171875,8805868
2026-02-04,1535.800048828125,1535.800048828125,1584.9000244140625,1510.0999755859375,1574.0,28828622
2026-02-05,1520.199951171875,1520.199951171875,1551.0,1515.699951171875,1534.0,10628127
2026-02-06,1507.0999755859375,1507.0999755859375,1525.0,1480.0,1522.0999755859375,13900866
2026-02-09,1497.199951171875,1497.199951171875,1528.0,1493.0,1522.0999755859375,8294615
2026-02-10,1497.800048828125,1497.800048828125,1515.9000244140625,1491.0,1500.0,8657000
2026-02-11,1471.9000244140625,1471.9000244140625,1505.9000244140625,1469.0,1501.199951171875,7934411
2026-02-12,1386.0,1386.0,1435.699951171875,1380.5,1428.9000244140625,26048896
2026-02-13,1369.0999755859375,1369.0999755859375,1377.300048828125,1281.5,1293.9000244140625,45785709
2026-02-16,1365.5999755859375,1365.5999755859375,1376.0,1338.300048828125,1373.699951171875,14621891
2026-02-17,1391.199951171875,1391.199951171875,1431.0,1367.0,1370.0,25347684
2026-02-18,1373.699951171875,1373.699951171875,1401.0,1345.300048828125,1390.9000244140625,20241373
2026-02-19,1370.5,1370.5,1402.0,1363.199951171875,1385.0,14574228
2026-02-20,1353.199951171875,1353.199951171875,1365.0,1338.199951171875,1359.199951171875,12633552
2026-02-23,1327.5,1327.5,1352.0,1318.0,1352.0,12887826
2026-02-24,1275.5,1275.5,1303.5999755859375,1264.0999755859375,1301.0,27839061
2026-02-25,1290.0999755859375,1290.0999755859375,1323.5999755859375,1286.199951171875,1286.199951171875,16669618
2026-02-26,1289.0999755859375,1289.0999755859375,1314.0,1286.300048828125,1305.5,11493914
2026-02-27,1300.0999755859375,1300.0999755859375,1335.0,1294.199951171875,1326.300048828125,23141724
2026-03-02,1288.9000244140625,1288.9000244140625,1298.800048828125,1273.0,1291.0,9700361
2026-03-04,1307.4000244140625,1307.4000244140625,1317.0,1292.0,1292.0,15154950
2026-03-05,1305.800048828125,1305.800048828125,1320.0,1290.0999755859375,1320.0,10362147
2026-03-06,1308.4000244140625,1308.4000244140625,1327.199951171875,1303.0,1303.0,8724291
2026-03-09,1315.0,1315.0,1318.0,1282.5,1290.0,10068514
2026-03-10,1295.5999755859375,1295.5999755859375,1321.0,1284.0999755859375,1320.0,9600171
2026-03-11,1276.300048828125,1276.300048828125,1299.5,1271.300048828125,1288.0,7868891
2026-03-12,1265.800048828125,1265.800048828125,1278.5999755859375,1258.0,1272.5,7599940
2026-03-13,1248.300048828125,1248.300048828125,1269.5999755859375,1242.5999755859375,1251.0,7366098
2026-03-16,1249.800048828125,1249.800048828125,1254.300048828125,1224.199951171875,1240.199951171875,12314450
2026-03-17,1232.9000244140625,1232.9000244140625,1245.0,1215.0999755859375,1245.0,11223276
2026-03-18,1267.0999755859375,1267.0999755859375,1290.800048828125,1234.9000244140625,1238.0,12365381
2026-03-19,1220.800048828125,1220.800048828125,1255.0,1215.0999755859375,1244.199951171875,9156461
2026-03-20,1255.9000244140625,1255.9000244140625,1264.800048828125,1229.199951171875,1242.0,27299975
2026-03-23,1256.800048828125,1256.800048828125,1261.0999755859375,1227.4000244140625,1238.199951171875,12420293
2026-03-24,1278.300048828125,1278.300048828125,1297.0,1251.0,1269.0,13613495
2026-03-25,1279.0999755859375,1279.0999755859375,1290.5999755859375,1257.0999755859375,1270.0,10824030
2026-03-27,1269.699951171875,1269.699951171875,1294.800048828125,1263.199951171875,1285.199951171875,13092541
2026-03-30,1250.5999755859375,1250.5999755859375,1265.5,1243.0,1250.0,14108486
2026-04-01,1275.699951171875,1275.699951171875,1303.0,1269.5,1290.0,8137156
2026-04-02,1300.800048828125,1300.800048828125,1305.4000244140625,1259.800048828125,1260.0,12873492
2026-04-06,1306.199951171875,1306.199951171875,1320.0,1299.0,1301.4000244140625,10208682
2026-04-07,1339.4000244140625,1339.4000244140625,1345.0999755859375,1293.5,1302.0,15355792
2026-04-08,1346.199951171875,1346.199951171875,1376.9000244140625,1331.0,1349.0,16030133
2026-04-09,1331.5999755859375,1331.5999755859375,1337.5,1314.0,1329.9000244140625,14894607
2026-04-10,1292.5,1292.5,1318.9000244140625,1283.300048828125,1318.0,19233369
2026-04-13,1276.800048828125,1276.800048828125,1289.0,1265.699951171875,1272.0,10366082
2026-04-15,1305.300048828125,1305.300048828125,1322.5,1300.5,1306.300048828125,12098912
2026-04-16,1319.199951171875,1319.199951171875,1331.0,1309.0,1322.0999755859375,18527029
2026-04-17,1318.699951171875,1318.699951171875,1328.300048828125,1306.0999755859375,1313.0,12064048
2026-04-20,1312.5999755859375,1312.5999755859375,1324.9000244140625,1308.0999755859375,1320.0,7172300
2026-04-21,1313.199951171875,1313.199951171875,1325.0,1299.300048828125,1310.0,10057440
2026-04-22,1268.5999755859375,1268.5999755859375,1297.699951171875,1255.9000244140625,1295.0,20088378
2026-04-23,1240.5999755859375,1240.5999755859375,1265.699951171875,1226.0,1254.0,14792854
2026-04-24,1154.5999755859375,1154.5999755859375,1223.9000244140625,1152.199951171875,1200.0,42078914
2026-04-27,1170.300048828125,1170.300048828125,1179.9000244140625,1154.5,1154.5999755859375,19579883
2026-04-28,1152.0999755859375,1152.0999755859375,1169.4000244140625,1149.800048828125,1162.699951171875,12720276
2026-04-29,1167.5,1167.5,1178.199951171875,1156.800048828125,1158.5,8303109
2026-04-30,1181.800048828125,1181.800048828125,1189.800048828125,1159.5999755859375,1167.5,12205669
2026-05-01,1181.800048828125,1181.800048828125,1181.800048828125,1181.800048828125,1181.800048828125,0
2026-05-04,1168.4000244140625,1168.4000244140625,1195.0,1165.199951171875,1195.0,7735811
2026-05-05,1178.0999755859375,1178.0999755859375,1185.199951171875,1160.0999755859375,1169.5,8164108
2026-05-06,1167.199951171875,1167.199951171875,1191.5,1164.0999755859375,1187.0,9856963
2026-05-07,1162.699951171875,1162.699951171875,1175.4000244140625,1159.199951171875,1173.0,12013987
2026-05-08,1179.199951171875,1179.199951171875,1183.5,1158.800048828125,1161.0,7582770
2026-05-11,1177.0,1177.0,1187.0,1172.0999755859375,1176.0,7336288
2026-05-12,1140.300048828125,1140.300048828125,1162.0,1123.0,1162.0,16891948
2026-05-13,1123.0999755859375,1123.0999755859375,1142.5999755859375,1121.0,1136.5999755859375,6664111
